unique_id,date,warehouse,sales,sell_price_main,availability,holiday,holiday_name,day_name,total_discount
525,2020/8/1,Prague_1,9427.74,3.68,0.63,0,,Saturday,0
525,2020/8/2,Prague_1,10084.269999999999,3.68,0.59,0,,Sunday,0
525,2020/8/3,Prague_1,10102.68,3.68,0.64,0,,Monday,0
525,2020/8/4,Prague_1,7644.5599999999995,3.68,0.6,0,,Tuesday,0
525,2020/8/5,Prague_1,10006.08,3.68,0.52,0,,Wednesday,0
525,2020/8/6,Prague_1,9935.38,3.68,0.45,0,,Thursday,0
525,2020/8/7,Prague_1,12936.279999999999,3.68,0.52,0,,Friday,0
525,2020/8/8,Prague_1,10123.75,3.68,0.56,1,Peace Festival in Augsburg,Saturday,0
525,2020/8/9,Prague_1,10269.63,3.68,0.56,0,,Sunday,0
525,2020/8/10,Prague_1,10075.59,3.68,0.6,0,,Monday,0
525,2020/8/11,Prague_1,9139.550000000001,3.68,0.61,0,,Tuesday,0
525,2020/8/12,Prague_1,9396.519999999999,3.68,0.52,0,,Wednesday,0
525,2020/8/13,Prague_1,10635.87,3.68,0.5,0,,Thursday,0
525,2020/8/14,Prague_1,11810.54,3.68,0.5,0,,Friday,0
525,2020/8/15,Prague_1,8933.12,3.68,0.5,1,Assumption of the Virgin Mary,Saturday,0
525,2020/8/16,Prague_1,9318.89,3.68,0.46,0,,Sunday,0
525,2020/8/17,Prague_1,9057.09,3.68,0.47000000000000003,0,,Monday,0
525,2020/8/18,Prague_1,12361.93,3.68,0.5,0,,Tuesday,0
525,2020/8/19,Prague_1,8242.57,3.68,0.48,0,,Wednesday,0
525,2020/8/20,Prague_1,9354.519999999999,3.68,0.45,1,State Foundation Day,Thursday,0
525,2020/8/21,Prague_1,11453.82,3.68,0.47000000000000003,1,Hungary National Day Holiday,Friday,0
525,2020/8/22,Prague_1,9033.08,3.68,0.48,0,,Saturday,0
525,2020/8/23,Prague_1,8787.31,3.68,0.47000000000000003,0,,Sunday,0
525,2020/8/24,Prague_1,8900.15,3.68,0.47000000000000003,0,,Monday,0
525,2020/8/25,Prague_1,11250.19,3.68,0.47000000000000003,0,,Tuesday,0
525,2020/8/26,Prague_1,11162.34,3.68,0.47000000000000003,0,,Wednesday,0
525,2020/8/27,Prague_1,10319.19,3.68,0.47000000000000003,0,,Thursday,0
525,2020/8/28,Prague_1,12016.550000000001,3.68,0.48,0,,Friday,0
525,2020/8/29,Prague_1,7722.1900000000005,3.68,0.46,0,,Saturday,0
525,2020/8/30,Prague_1,9887.01,3.68,0.46,0,,Sunday,0
525,2020/8/31,Prague_1,9634.59,3.68,0.56,0,,Monday,0
525,2020/9/1,Prague_1,11520.67,3.68,0.57,0,,Tuesday,0
525,2020/9/2,Prague_1,10275.51,3.68,0.54,0,,Wednesday,0
525,2020/9/3,Prague_1,10939.88,3.68,0.55,0,,Thursday,0
525,2020/9/4,Prague_1,17461.289999999997,3.68,0.61,0,,Friday,0
525,2020/9/5,Prague_1,9053.24,3.68,0.57,0,,Saturday,0
525,2020/9/6,Prague_1,13625.15,3.68,0.56,0,,Sunday,0
525,2020/9/7,Prague_1,12699.470000000001,3.68,0.57,0,,Monday,0
525,2020/9/8,Prague_1,11899.37,3.68,0.61,0,,Tuesday,0
525,2020/9/9,Prague_1,11877.529999999999,3.68,0.54,0,,Wednesday,0
525,2020/9/10,Prague_1,11328.449999999999,3.68,0.59,0,,Thursday,0
525,2020/9/11,Prague_1,12190.43,3.68,0.75,0,,Friday,0
525,2020/9/12,Prague_1,12218.01,3.68,0.75,0,,Saturday,0
525,2020/9/13,Prague_1,8051.82,3.68,0.76,0,,Sunday,0
525,2020/9/14,Prague_1,13451.480000000001,3.68,0.7700000000000001,0,,Monday,0
525,2020/9/15,Prague_1,12682.67,3.68,0.8099999999999999,0,,Tuesday,0
525,2020/9/16,Prague_1,13230.91,3.68,0.76,0,,Wednesday,0
525,2020/9/17,Prague_1,10571.33,3.68,0.7299999999999999,0,,Thursday,0
525,2020/9/18,Prague_1,13746.74,3.68,0.76,0,,Friday,0
525,2020/9/19,Prague_1,10121.37,3.68,0.74,0,,Saturday,0
525,2020/9/20,Prague_1,11515.35,3.68,0.68,0,,Sunday,0
525,2020/9/21,Prague_1,12837.019999999999,3.68,0.61,0,,Monday,0
525,2020/9/22,Prague_1,14785.470000000001,3.68,0.56,0,,Tuesday,0
525,2020/9/23,Prague_1,16152.429999999998,3.68,0.46,0,,Wednesday,0
525,2020/9/24,Prague_1,11812.71,3.68,0.48,0,,Thursday,0
525,2020/9/25,Prague_1,19802.440000000002,3.68,0.56,0,,Friday,0
525,2020/9/26,Prague_1,15708.42,3.68,0.57,0,,Saturday,0
525,2020/9/27,Prague_1,14546.490000000002,3.68,0.52,0,,Sunday,0
525,2020/9/28,Prague_1,17998.68,3.68,0.46,1,Den ceske statnosti,Monday,0
525,2020/9/29,Prague_1,16509.850000000002,3.68,0.5,0,,Tuesday,0
525,2020/9/30,Prague_1,18607.399999999998,3.68,0.52,0,,Wednesday,0
525,2020/10/1,Prague_1,12219.62,3.68,0.52,0,,Thursday,0
525,2020/10/2,Prague_1,14823.130000000001,3.68,0.58,0,,Friday,0
525,2020/10/3,Prague_1,12949.51,3.68,0.55,1,German Unity Day,Saturday,0
525,2020/10/4,Prague_1,13540.519999999999,3.68,0.47000000000000003,0,,Sunday,0
525,2020/10/5,Prague_1,14245.42,3.68,0.47000000000000003,0,,Monday,0
525,2020/10/6,Prague_1,15928.92,3.68,0.47000000000000003,0,Memorial Day for the Martyrs of Arad,Tuesday,0
525,2020/10/7,Prague_1,15305.850000000002,3.68,0.46,0,,Wednesday,0
525,2020/10/8,Prague_1,14119.63,3.68,0.47000000000000003,0,,Thursday,0
525,2020/10/9,Prague_1,16508.100000000002,3.68,0.59,0,,Friday,0
525,2020/10/10,Prague_1,13694.519999999999,3.68,0.64,0,,Saturday,0
525,2020/10/11,Prague_1,17335.01,3.68,0.79,0,,Sunday,0
525,2020/10/12,Prague_1,11886.07,3.68,0.76,0,,Monday,0
525,2020/10/13,Prague_1,15896.44,3.68,0.8,0,,Tuesday,0
525,2020/10/14,Prague_1,13008.24,3.68,0.8,0,,Wednesday,0
525,2020/10/15,Prague_1,15521.17,3.68,0.86,0,,Thursday,0
525,2020/10/16,Prague_1,13117.79,3.68,0.82,0,,Friday,0
525,2020/10/17,Prague_1,14404.460000000001,3.68,0.83,0,,Saturday,0
525,2020/10/18,Prague_1,13744.08,3.68,0.86,0,,Sunday,0
525,2020/10/19,Prague_1,16299.779999999999,3.68,0.76,0,,Monday,0
525,2020/10/20,Prague_1,14586.39,3.68,0.7299999999999999,0,,Tuesday,0
525,2020/10/21,Prague_1,15831.06,3.68,0.65,0,,Wednesday,0
525,2020/10/22,Prague_1,14561.19,3.68,0.87,0,,Thursday,0
525,2020/10/23,Prague_1,13711.32,3.68,0.8099999999999999,1,Memorial day of the 1956 Revolution,Friday,0
525,2020/10/24,Prague_1,17098.34,3.68,0.8099999999999999,0,,Saturday,0
525,2020/10/25,Prague_1,15709.119999999999,3.68,0.62,0,,Sunday,0
525,2020/10/26,Prague_1,21235.83,3.68,0.54,0,,Monday,0
525,2020/10/27,Prague_1,20631.59,3.68,0.59,0,,Tuesday,0
525,2020/10/28,Prague_1,16672.039999999997,3.68,0.59,1,Den vzniku samostatneho ceskoslovenskeho statu,Wednesday,0
525,2020/10/29,Prague_1,21707.07,3.68,0.56,0,,Thursday,0
525,2020/10/30,Prague_1,20446.86,3.68,0.57,0,,Friday,0
525,2020/10/31,Prague_1,14426.929999999998,3.68,0.52,1,Reformation Day,Saturday,0
525,2020/11/1,Prague_1,15380.399999999998,3.68,0.46,1,All Saints Day,Sunday,0
525,2020/11/2,Prague_1,20983.41,3.68,0.5,0,,Monday,0
525,2020/11/3,Prague_1,14434.98,3.68,0.54,0,,Tuesday,0
525,2020/11/4,Prague_1,15444.100000000002,3.68,0.5,0,,Wednesday,0
525,2020/11/5,Prague_1,16037.42,3.68,0.51,0,,Thursday,0
525,2020/11/6,Prague_1,17370.99,3.68,0.55,0,,Friday,0
525,2020/11/7,Prague_1,17531.36,3.68,0.51,0,,Saturday,0
525,2020/11/8,Prague_1,16529.73,3.68,0.47000000000000003,0,,Sunday,0
525,2020/11/9,Prague_1,18491.27,3.68,0.52,0,,Monday,0
525,2020/11/10,Prague_1,17614.38,3.68,0.51,0,,Tuesday,0
525,2020/11/11,Prague_1,12584.25,3.68,0.52,0,,Wednesday,0
525,2020/11/12,Prague_1,14184.24,3.68,0.54,0,,Thursday,0
525,2020/11/13,Prague_1,15923.880000000001,3.68,0.57,0,,Friday,0
525,2020/11/14,Prague_1,12717.949999999999,3.68,0.55,0,,Saturday,0
525,2020/11/15,Prague_1,13234.480000000001,3.68,0.5,0,,Sunday,0
525,2020/11/16,Prague_1,16411.64,3.68,0.55,0,,Monday,0
525,2020/11/17,Prague_1,15000.86,3.68,0.6,1,Den boje za svobodu a demokracii,Tuesday,0
525,2020/11/18,Prague_1,15025.64,3.68,0.55,0,,Wednesday,0
525,2020/11/19,Prague_1,14640.08,3.68,0.62,0,,Thursday,0
525,2020/11/20,Prague_1,16369.220000000001,3.68,0.67,0,,Friday,0
525,2020/11/21,Prague_1,14641.48,3.68,0.65,0,,Saturday,0
525,2020/11/22,Prague_1,14082.81,3.68,0.64,0,,Sunday,0
525,2020/11/23,Prague_1,17000.55,3.68,0.62,0,,Monday,0
525,2020/11/24,Prague_1,18120.83,3.68,0.58,0,,Tuesday,0
525,2020/11/25,Prague_1,16463.02,3.68,0.6,0,,Wednesday,0
525,2020/11/26,Prague_1,13871.76,3.68,0.57,0,,Thursday,0
525,2020/11/27,Prague_1,17828.3,3.68,0.57,0,,Friday,0
525,2020/11/28,Prague_1,16177.77,3.68,0.52,0,,Saturday,0
525,2020/11/29,Prague_1,15375.009999999998,3.68,0.48,0,,Sunday,0
525,2020/11/30,Prague_1,14856.100000000002,3.68,0.51,0,,Monday,0
525,2020/12/1,Prague_1,12769.26,3.68,0.5,0,,Tuesday,0
525,2020/12/2,Prague_1,13518.75,3.68,0.48,0,,Wednesday,0
525,2020/12/3,Prague_1,14773.779999999999,3.68,0.54,0,,Thursday,0
525,2020/12/4,Prague_1,15014.23,3.68,0.66,0,,Friday,0
525,2020/12/5,Prague_1,12845.63,3.68,0.66,0,,Saturday,0
525,2020/12/6,Prague_1,12454.89,3.68,0.55,0,,Sunday,0
525,2020/12/7,Prague_1,11882.15,3.68,0.48999999999999994,0,,Monday,0
525,2020/12/8,Prague_1,6105.54,3.68,0.48999999999999994,0,,Tuesday,0
525,2020/12/9,Prague_1,12496.050000000001,3.68,0.48,0,,Wednesday,0
525,2020/12/10,Prague_1,12665.029999999999,3.68,0.51,0,,Thursday,0
525,2020/12/11,Prague_1,15153.880000000001,3.68,0.53,0,,Friday,0
525,2020/12/12,Prague_1,14322.63,3.68,0.53,0,,Saturday,0
525,2020/12/13,Prague_1,11280.57,3.68,0.48999999999999994,0,,Sunday,0
525,2020/12/14,Prague_1,15465.029999999999,3.68,0.5,0,,Monday,0
525,2020/12/15,Prague_1,16035.039999999999,3.68,0.51,0,,Tuesday,0
525,2020/12/16,Prague_1,12017.67,3.68,0.51,0,,Wednesday,0
525,2020/12/17,Prague_1,14451.36,3.68,0.54,0,,Thursday,0
525,2020/12/18,Prague_1,18282.460000000003,3.68,0.58,0,,Friday,0
525,2020/12/19,Prague_1,14666.19,3.68,0.6,0,,Saturday,0
525,2020/12/20,Prague_1,18238.78,3.68,0.57,0,,Sunday,0
525,2020/12/21,Prague_1,21321.649999999998,3.68,0.57,0,,Monday,0
525,2020/12/22,Prague_1,22140.09,3.68,0.76,0,,Tuesday,0
525,2020/12/23,Prague_1,26860.26,3.68,0.89,0,,Wednesday,0
525,2020/12/24,Prague_1,11640.720000000001,3.68,0.97,1,Christmas Eve,Thursday,0
525,2020/12/26,Prague_1,16955.75,3.68,0.63,1,2nd Christmas Day,Saturday,0
525,2020/12/27,Prague_1,16009.490000000002,3.68,0.53,0,,Sunday,0
525,2020/12/28,Prague_1,17041.710000000003,3.68,0.47000000000000003,0,,Monday,0
525,2020/12/29,Prague_1,14370.02,3.68,0.48,0,,Tuesday,0
525,2020/12/30,Prague_1,20862.940000000002,3.68,0.7,0,,Wednesday,0
525,2020/12/31,Prague_1,24219.649999999998,3.68,0.92,0,,Thursday,0
525,2021/1/1,Prague_1,0,3.68,0.7299999999999999,1,New Years Day,Friday,0
525,2021/1/2,Prague_1,12411.42,3.68,0.83,0,,Saturday,0
525,2021/1/3,Prague_1,14096.25,3.68,0.88,0,,Sunday,0
525,2021/1/4,Prague_1,13543.949999999999,3.68,0.83,0,,Monday,0
525,2021/1/5,Prague_1,16427.600000000002,3.68,1,0,,Tuesday,0
525,2021/1/6,Prague_1,18278.75,3.68,0.9799999999999999,1,Epiphany,Wednesday,0
525,2021/1/7,Prague_1,14132.720000000001,3.68,0.74,0,,Thursday,0
525,2021/1/8,Prague_1,16958.899999999998,3.68,0.82,0,,Friday,0
525,2021/1/9,Prague_1,14891.59,3.68,1,0,,Saturday,0
525,2021/1/10,Prague_1,16060.17,3.68,0.88,0,,Sunday,0
525,2021/1/11,Prague_1,17519.74,3.68,1,0,,Monday,0
525,2021/1/12,Prague_1,17480.75,3.68,0.82,0,,Tuesday,0
525,2021/1/13,Prague_1,15106.070000000002,3.68,1,0,,Wednesday,0
525,2021/1/14,Prague_1,18232.41,3.68,1,0,,Thursday,0
525,2021/1/15,Prague_1,22984.22,3.68,0.97,0,,Friday,0
525,2021/1/16,Prague_1,15429.470000000001,3.68,1,0,,Saturday,0
525,2021/1/17,Prague_1,17894.73,3.68,1,0,,Sunday,0
525,2021/1/18,Prague_1,19136.460000000003,3.68,1,0,,Monday,0
525,2021/1/19,Prague_1,15439.130000000001,3.68,1,0,,Tuesday,0
525,2021/1/20,Prague_1,14541.100000000002,3.68,1,0,,Wednesday,0
525,2021/1/21,Prague_1,19091.66,3.68,1,0,,Thursday,0
525,2021/1/22,Prague_1,22937.11,3.68,1,0,,Friday,0
525,2021/1/23,Prague_1,17912.93,3.68,1,0,,Saturday,0
525,2021/1/24,Prague_1,15376.06,3.68,1,0,,Sunday,0
525,2021/1/25,Prague_1,16378.460000000001,3.68,1,0,,Monday,0
525,2021/1/26,Prague_1,16481.08,3.68,1,0,,Tuesday,0
525,2021/1/27,Prague_1,14143.99,3.68,1,0,,Wednesday,0
525,2021/1/28,Prague_1,16819.11,3.68,0.88,0,,Thursday,0
525,2021/1/29,Prague_1,20909.77,3.68,0.91,0,,Friday,0
525,2021/1/30,Prague_1,17670.100000000002,3.68,0.96,0,,Saturday,0
525,2021/1/31,Prague_1,15492.820000000002,3.68,1,0,,Sunday,0
525,2021/2/1,Prague_1,16841.789999999997,3.68,0.99,0,Memorial Day of the Republic,Monday,0
525,2021/2/2,Prague_1,15733.899999999998,3.68,0.85,0,,Tuesday,0
525,2021/2/3,Prague_1,14229.949999999999,3.68,1,0,,Wednesday,0
525,2021/2/4,Prague_1,16519.789999999997,3.68,0.9799999999999999,0,,Thursday,0
525,2021/2/5,Prague_1,19636.26,3.68,1,0,,Friday,0
525,2021/2/6,Prague_1,16564.03,3.68,0.9400000000000001,0,,Saturday,0
525,2021/2/7,Prague_1,15751.399999999998,3.68,1,0,,Sunday,0
525,2021/2/8,Prague_1,17571.12,3.68,0.89,0,,Monday,0
525,2021/2/9,Prague_1,16165.029999999999,3.68,0.88,0,,Tuesday,0
525,2021/2/10,Prague_1,13588.89,3.68,0.9400000000000001,0,,Wednesday,0
525,2021/2/11,Prague_1,18924.850000000002,3.68,0.85,0,,Thursday,0
525,2021/2/12,Prague_1,19506.13,3.68,1,0,,Friday,0
525,2021/2/13,Prague_1,19450.97,3.68,0.92,0,,Saturday,0
525,2021/2/14,Prague_1,16916.059999999998,3.68,0.99,0,,Sunday,0
525,2021/2/15,Prague_1,17571.399999999998,3.68,1,0,,Monday,0
525,2021/2/16,Prague_1,16979.41,3.68,0.91,0,,Tuesday,0
525,2021/2/17,Prague_1,16561.02,3.68,1,0,,Wednesday,0
525,2021/2/18,Prague_1,11368.07,3.68,1,0,,Thursday,0
525,2021/2/19,Prague_1,22502.059999999998,3.68,0.99,0,,Friday,0
525,2021/2/20,Prague_1,19719.42,3.68,1,0,,Saturday,0
525,2021/2/21,Prague_1,14097.86,3.68,0.75,0,,Sunday,0
525,2021/2/22,Prague_1,18817.26,3.68,0.96,0,,Monday,0
525,2021/2/23,Prague_1,15140.649999999998,3.68,1,0,,Tuesday,0
525,2021/2/24,Prague_1,15421.77,3.68,0.67,0,,Wednesday,0
525,2021/2/25,Prague_1,19277.440000000002,3.68,0.9,0,Memorial Day for the Victims of the Communist Dictatorships,Thursday,0
525,2021/2/26,Prague_1,19519.149999999998,3.68,1,0,,Friday,0
525,2021/2/27,Prague_1,18606.28,3.68,0.95,0,,Saturday,0
525,2021/2/28,Prague_1,14731.779999999999,3.68,1,0,,Sunday,0
525,2021/3/1,Prague_1,19127.08,3.68,1,0,,Monday,0
525,2021/3/2,Prague_1,16894.36,3.68,1,0,,Tuesday,0
525,2021/3/3,Prague_1,18432.82,3.68,1,0,,Wednesday,0
525,2021/3/4,Prague_1,16637.600000000002,3.68,1,0,,Thursday,0
525,2021/3/5,Prague_1,15006.949999999999,3.68,1,0,,Friday,0
525,2021/3/6,Prague_1,21033.809999999998,3.68,1,0,,Saturday,0
525,2021/3/7,Prague_1,17295.53,3.68,0.86,0,,Sunday,0
525,2021/3/8,Prague_1,15913.869999999999,3.68,0.86,0,International womens day,Monday,0
525,2021/3/9,Prague_1,18668.649999999998,3.68,1,0,,Tuesday,0
525,2021/3/10,Prague_1,19889.940000000002,3.68,0.99,0,,Wednesday,0
525,2021/3/11,Prague_1,17164.28,3.68,0.95,0,,Thursday,0
525,2021/3/12,Prague_1,18426.309999999998,3.68,1,0,,Friday,0
525,2021/3/13,Prague_1,18726.61,3.68,1,0,,Saturday,0
525,2021/3/14,Prague_1,16413.95,3.68,0.82,0,,Sunday,0
525,2021/3/15,Prague_1,15316.279999999999,3.68,0.9400000000000001,1,Memorial Day for the Victims of the Holocaust,Monday,0
525,2021/3/16,Prague_1,17959.34,3.68,0.88,0,,Tuesday,0
525,2021/3/17,Prague_1,17628.309999999998,3.68,0.86,0,,Wednesday,0
525,2021/3/18,Prague_1,17058.09,3.68,0.95,0,,Thursday,0
525,2021/3/19,Prague_1,21666.539999999997,3.68,0.97,0,,Friday,0
525,2021/3/20,Prague_1,21808.99,3.68,0.93,0,,Saturday,0
525,2021/3/21,Prague_1,18534.11,3.68,0.97,0,,Sunday,0
525,2021/3/22,Prague_1,16650.41,3.68,0.91,0,,Monday,0
525,2021/3/23,Prague_1,16402.47,3.68,0.9,0,,Tuesday,0
525,2021/3/24,Prague_1,20144.74,3.68,1,0,,Wednesday,0
525,2021/3/25,Prague_1,17384.64,3.68,0.9,0,,Thursday,0
525,2021/3/26,Prague_1,19998.09,3.68,1,0,,Friday,0
525,2021/3/27,Prague_1,18759.649999999998,3.68,0.88,0,,Saturday,0
525,2021/3/28,Prague_1,18440.8,3.68,0.92,0,,Sunday,0
525,2021/3/29,Prague_1,17957.66,3.68,0.92,0,,Monday,0
525,2021/3/30,Prague_1,17719.309999999998,3.68,0.82,0,,Tuesday,0
525,2021/3/31,Prague_1,21947.100000000002,3.68,0.83,0,,Wednesday,0
525,2021/4/1,Prague_1,26153.26,3.68,0.86,0,,Thursday,0
525,2021/4/2,Prague_1,25333.7,3.68,0.86,1,Good Friday,Friday,0
525,2021/4/3,Prague_1,22902.32,3.68,0.82,1,,Saturday,0
525,2021/4/4,Prague_1,20928.95,3.68,0.85,1,,Sunday,0
525,2021/4/5,Prague_1,13470.38,3.68,1,1,Easter Monday,Monday,0
525,2021/4/6,Prague_1,23182.039999999997,3.68,0.95,0,,Tuesday,0
525,2021/4/7,Prague_1,17531.22,3.68,1,0,,Wednesday,0
525,2021/4/8,Prague_1,22185.309999999998,3.68,0.97,0,,Thursday,0
525,2021/4/9,Prague_1,21687.89,3.68,1,0,,Friday,0
525,2021/4/10,Prague_1,23149.98,3.68,1,0,,Saturday,0
525,2021/4/11,Prague_1,17767.75,3.68,1,0,,Sunday,0
525,2021/4/12,Prague_1,19188.75,3.68,0.88,0,,Monday,0
525,2021/4/13,Prague_1,17362.87,3.68,1,0,,Tuesday,0
525,2021/4/14,Prague_1,20852.72,3.68,1,0,,Wednesday,0
525,2021/4/15,Prague_1,20262.97,3.68,1,0,,Thursday,0
525,2021/4/16,Prague_1,25318.23,3.68,0.9799999999999999,0,Memorial Day for the Victims of the Holocaust,Friday,0
525,2021/4/17,Prague_1,22417.08,3.68,1,0,,Saturday,0
525,2021/4/18,Prague_1,15071.070000000002,3.68,1,0,,Sunday,0
525,2021/4/19,Prague_1,17089.309999999998,3.68,1,0,,Monday,0
525,2021/4/20,Prague_1,17363.43,3.68,1,0,,Tuesday,0
525,2021/4/21,Prague_1,18417.14,3.68,1,0,,Wednesday,0
525,2021/4/22,Prague_1,16068.429999999998,3.68,1,0,,Thursday,0
525,2021/4/23,Prague_1,21109.83,3.68,1,0,,Friday,0
525,2021/4/24,Prague_1,15851.220000000001,3.68,1,0,,Saturday,0
525,2021/4/25,Prague_1,15883.210000000001,3.68,1,0,,Sunday,0
525,2021/4/26,Prague_1,17257.73,3.68,1,0,,Monday,0
525,2021/4/27,Prague_1,14489.09,3.68,1,0,,Tuesday,0
525,2021/4/28,Prague_1,15748.11,3.68,1,0,,Wednesday,0
525,2021/4/29,Prague_1,15732.149999999998,3.68,1,0,,Thursday,0
525,2021/4/30,Prague_1,21324.940000000002,3.68,1,0,,Friday,0
525,2021/5/1,Prague_1,13845.44,3.68,1,1,Labour Day,Saturday,0
525,2021/5/2,Prague_1,15764.630000000001,3.68,1,0,,Sunday,0
525,2021/5/3,Prague_1,14509.880000000001,3.68,1,0,,Monday,0
525,2021/5/4,Prague_1,13907.25,3.68,1,0,,Tuesday,0
525,2021/5/5,Prague_1,13279.21,3.68,1,0,,Wednesday,0
525,2021/5/6,Prague_1,13884.71,3.68,1,0,,Thursday,0
525,2021/5/7,Prague_1,23138.01,3.68,1,0,,Friday,0
525,2021/5/8,Prague_1,19934.460000000003,3.68,1,1,Den osvobozeni,Saturday,0
525,2021/5/9,Prague_1,17059.350000000002,3.68,1,0,,Sunday,0
525,2021/5/10,Prague_1,14611.449999999999,3.68,1,0,,Monday,0
525,2021/5/11,Prague_1,11257.68,3.68,1,0,,Tuesday,0
525,2021/5/12,Prague_1,14329.14,3.68,0.9799999999999999,0,,Wednesday,0
525,2021/5/13,Prague_1,16152.220000000001,3.68,0.92,1,Ascension day,Thursday,0
525,2021/5/14,Prague_1,21075.39,3.68,1,0,,Friday,0
525,2021/5/15,Prague_1,17688.72,3.68,1,0,,Saturday,0
525,2021/5/16,Prague_1,13260.1,3.68,1,0,,Sunday,0
525,2021/5/17,Prague_1,15104.600000000002,3.68,1,0,,Monday,0
525,2021/5/18,Prague_1,14161.07,3.68,1,0,,Tuesday,0
525,2021/5/19,Prague_1,13809.25,3.68,1,0,,Wednesday,0
525,2021/5/20,Prague_1,16059.61,3.68,1,0,,Thursday,0
525,2021/5/21,Prague_1,19476.59,3.68,1,0,National Defense Day,Friday,0
525,2021/5/22,Prague_1,16818.55,3.68,1,0,,Saturday,0
525,2021/5/23,Prague_1,12986.82,3.68,0.9799999999999999,1,Whit sunday,Sunday,0
525,2021/5/24,Prague_1,13700.89,3.68,1,1,Whit monday,Monday,0
525,2021/5/25,Prague_1,14689.64,3.68,0.92,0,,Tuesday,0
525,2021/5/26,Prague_1,13317.01,3.68,1,0,,Wednesday,0
525,2021/5/27,Prague_1,14840.630000000001,3.68,0.92,0,,Thursday,0
525,2021/5/28,Prague_1,17677.03,3.68,1,0,,Friday,0
525,2021/5/29,Prague_1,14930.720000000001,3.68,1,0,,Saturday,0
525,2021/5/30,Prague_1,14084.14,3.68,1,0,,Sunday,0
525,2021/5/31,Prague_1,13224.19,3.68,0.9799999999999999,0,,Monday,0
525,2021/6/1,Prague_1,15221.009999999998,3.68,1,0,,Tuesday,0
525,2021/6/2,Prague_1,13199.13,3.68,1,0,,Wednesday,0
525,2021/6/3,Prague_1,15638.91,3.68,0.97,1,Corpus Christi,Thursday,0
525,2021/6/4,Prague_1,17027.78,3.68,1,0,Day of National Unity,Friday,0
525,2021/6/5,Prague_1,16593.149999999998,3.68,1,0,,Saturday,0
525,2021/6/6,Prague_1,13864.970000000001,3.68,0.93,0,,Sunday,0
525,2021/6/7,Prague_1,11250.4,3.68,0.99,0,,Monday,0
525,2021/6/8,Prague_1,13619.199999999999,3.68,1,0,,Tuesday,0
525,2021/6/9,Prague_1,11923.59,3.68,0.91,0,,Wednesday,0
525,2021/6/10,Prague_1,12403.58,3.68,1,0,,Thursday,0
525,2021/6/11,Prague_1,18751.53,3.68,1,0,,Friday,0
525,2021/6/12,Prague_1,12152.279999999999,3.68,1,0,,Saturday,0
525,2021/6/13,Prague_1,13087.41,3.68,1,0,,Sunday,0
525,2021/6/14,Prague_1,12438.51,3.68,1,0,,Monday,0
525,2021/6/15,Prague_1,14533.89,3.68,0.89,0,,Tuesday,0
525,2021/6/16,Prague_1,12217.59,3.68,0.93,0,,Wednesday,0
525,2021/6/17,Prague_1,12979.4,3.68,1,0,,Thursday,0
525,2021/6/18,Prague_1,16103.149999999998,3.68,1,0,,Friday,0
525,2021/6/19,Prague_1,15561.350000000002,3.68,0.9799999999999999,0,Independent Hungary Day,Saturday,0
525,2021/6/20,Prague_1,10465.49,3.68,1,0,,Sunday,0
525,2021/6/21,Prague_1,14359.100000000002,3.68,0.88,0,,Monday,0
525,2021/6/22,Prague_1,14199.71,3.68,1,0,,Tuesday,0
525,2021/6/23,Prague_1,13218.31,3.68,1,0,,Wednesday,0
525,2021/6/24,Prague_1,13992.93,3.68,1,0,,Thursday,0
525,2021/6/25,Prague_1,14427.77,3.68,1,0,,Friday,0
525,2021/6/26,Prague_1,11483.85,3.68,1,0,,Saturday,0
525,2021/6/27,Prague_1,14309.19,3.68,1,0,,Sunday,0
525,2021/6/28,Prague_1,11598.44,3.68,1,0,,Monday,0
525,2021/6/29,Prague_1,15206.59,3.68,1,0,,Tuesday,0
525,2021/6/30,Prague_1,11832.800000000001,3.68,1,0,,Wednesday,0
525,2021/7/1,Prague_1,11896.29,3.68,1,0,,Thursday,0
525,2021/7/2,Prague_1,14242.269999999999,3.68,1,0,,Friday,0
525,2021/7/3,Prague_1,12291.79,3.68,0.9799999999999999,0,,Saturday,0
525,2021/7/4,Prague_1,9126.74,3.68,1,0,,Sunday,0
525,2021/7/5,Prague_1,9996.980000000001,3.68,1,1,Cyrila a Metodej,Monday,0
525,2021/7/6,Prague_1,14178.220000000001,3.68,1,1,Jan Hus,Tuesday,0
525,2021/7/7,Prague_1,12816.93,3.68,0.92,0,,Wednesday,0
525,2021/7/8,Prague_1,10678.99,3.68,1,0,,Thursday,0
525,2021/7/9,Prague_1,12958.26,3.68,1,0,,Friday,0
525,2021/7/10,Prague_1,11756.36,3.68,1,0,,Saturday,0
525,2021/7/11,Prague_1,10729.18,3.68,0.93,0,,Sunday,0
525,2021/7/12,Prague_1,10714.76,3.68,1,0,,Monday,0
525,2021/7/13,Prague_1,12784.519999999999,3.68,1,0,,Tuesday,0
525,2021/7/14,Prague_1,12257.279999999999,3.68,0.89,0,,Wednesday,0
525,2021/7/15,Prague_1,11520.18,3.68,0.9799999999999999,0,,Thursday,0
525,2021/7/16,Prague_1,12491.08,3.68,1,0,,Friday,0
525,2021/7/17,Prague_1,13298.74,3.68,0.96,0,,Saturday,0
525,2021/7/18,Prague_1,10040.66,3.68,0.91,0,,Sunday,0
525,2021/7/19,Prague_1,8356.11,3.68,1,0,,Monday,0
525,2021/7/20,Prague_1,11935.42,3.68,1,0,,Tuesday,0
525,2021/7/21,Prague_1,11303.39,3.68,1,0,,Wednesday,0
525,2021/7/22,Prague_1,11631.970000000001,3.68,1,0,,Thursday,0
525,2021/7/23,Prague_1,13856.85,3.68,1,0,,Friday,0
525,2021/7/24,Prague_1,12779.970000000001,3.68,1,0,,Saturday,0
525,2021/7/25,Prague_1,12152.49,3.68,0.9,0,,Sunday,0
525,2021/7/26,Prague_1,9906.470000000001,3.68,0.84,0,,Monday,0
525,2021/7/27,Prague_1,12249.300000000001,3.68,1,0,,Tuesday,0
525,2021/7/28,Prague_1,11180.82,3.68,1,0,,Wednesday,0
525,2021/7/29,Prague_1,10664.43,3.68,1,0,,Thursday,0
525,2021/7/30,Prague_1,16247.070000000002,3.68,1,0,,Friday,0
525,2021/7/31,Prague_1,12865.44,3.68,0.99,0,,Saturday,0
525,2021/8/1,Prague_1,12131.56,3.68,1,0,,Sunday,0
525,2021/8/2,Prague_1,11588.220000000001,3.68,1,0,,Monday,0
525,2021/8/3,Prague_1,9717.19,3.68,0.92,0,,Tuesday,0
525,2021/8/4,Prague_1,9504.11,3.68,1,0,,Wednesday,0
525,2021/8/5,Prague_1,15223.460000000001,3.68,0.99,0,,Thursday,0
525,2021/8/6,Prague_1,13730.08,3.68,1,0,,Friday,0
525,2021/8/7,Prague_1,15047.41,3.68,0.9799999999999999,0,,Saturday,0
525,2021/8/8,Prague_1,13416.970000000001,3.68,1,1,Peace Festival in Augsburg,Sunday,0
525,2021/8/9,Prague_1,11627.769999999999,3.68,1,0,,Monday,0
525,2021/8/10,Prague_1,11709.949999999999,3.68,1,0,,Tuesday,0
525,2021/8/11,Prague_1,12311.11,3.68,0.99,0,,Wednesday,0
525,2021/8/12,Prague_1,11725.49,3.68,1,0,,Thursday,0
525,2021/8/13,Prague_1,13850.83,3.68,0.89,0,,Friday,0
525,2021/8/14,Prague_1,10528.35,3.68,1,0,,Saturday,0
525,2021/8/15,Prague_1,14913.850000000002,3.68,0.76,1,Assumption of the Virgin Mary,Sunday,0
525,2021/8/16,Prague_1,12709.13,3.68,0.97,0,,Monday,0
525,2021/8/17,Prague_1,11256.14,3.68,1,0,,Tuesday,0
525,2021/8/18,Prague_1,9767.519999999999,3.68,1,0,,Wednesday,0
525,2021/8/19,Prague_1,14167.720000000001,3.68,0.92,0,,Thursday,0
525,2021/8/20,Prague_1,14802.550000000001,3.68,1,1,State Foundation Day,Friday,0
525,2021/8/21,Prague_1,13802.81,3.68,1,0,,Saturday,0
525,2021/8/22,Prague_1,12445.720000000001,3.68,0.89,0,,Sunday,0
525,2021/8/23,Prague_1,13899.199999999999,3.68,1,0,,Monday,0
525,2021/8/24,Prague_1,12160.26,3.68,0.86,0,,Tuesday,0
525,2021/8/25,Prague_1,10579.519999999999,3.68,0.9799999999999999,0,,Wednesday,0
525,2021/8/26,Prague_1,12583.480000000001,3.68,0.99,0,,Thursday,0
525,2021/8/27,Prague_1,15366.89,3.68,0.9799999999999999,0,,Friday,0
525,2021/8/28,Prague_1,14916.86,3.68,0.83,0,,Saturday,0
525,2021/8/29,Prague_1,13782.37,3.68,0.93,0,,Sunday,0
525,2021/8/30,Prague_1,10212.93,3.68,0.83,0,,Monday,0
525,2021/8/31,Prague_1,12095.65,3.68,0.78,0,,Tuesday,0
525,2021/9/1,Prague_1,14503.720000000001,3.68,0.9799999999999999,0,,Wednesday,0
525,2021/9/2,Prague_1,12943.49,3.68,1,0,,Thursday,0
525,2021/9/3,Prague_1,17363.64,3.68,0.99,0,,Friday,0
525,2021/9/4,Prague_1,14905.029999999999,3.68,1,0,,Saturday,0
525,2021/9/5,Prague_1,17907.75,3.68,0.9400000000000001,0,,Sunday,0
525,2021/9/6,Prague_1,11739.91,3.68,1,0,,Monday,0
525,2021/9/7,Prague_1,13359.08,3.68,0.89,0,,Tuesday,0
525,2021/9/8,Prague_1,11672.29,3.68,1,0,,Wednesday,0
525,2021/9/9,Prague_1,14726.320000000002,3.68,1,0,,Thursday,0
525,2021/9/10,Prague_1,17368.960000000003,3.68,1,0,,Friday,0
525,2021/9/11,Prague_1,15460.48,3.68,1,0,,Saturday,0
525,2021/9/12,Prague_1,17035.690000000002,3.68,1,0,,Sunday,0
525,2021/9/13,Prague_1,13306.79,3.68,0.9,0,,Monday,0
525,2021/9/14,Prague_1,11047.19,3.68,1,0,,Tuesday,0
525,2021/9/15,Prague_1,14866.39,3.68,0.79,0,,Wednesday,0
525,2021/9/16,Prague_1,15802.289999999999,3.68,1,0,,Thursday,0
525,2021/9/17,Prague_1,16484.16,3.68,0.88,0,,Friday,0
525,2021/9/18,Prague_1,15683.710000000001,3.68,1,0,,Saturday,0
525,2021/9/19,Prague_1,15545.39,3.68,0.89,0,,Sunday,0
525,2021/9/20,Prague_1,12286.54,3.68,0.84,0,,Monday,0
525,2021/9/21,Prague_1,14509.81,3.68,1,0,,Tuesday,0
525,2021/9/22,Prague_1,16088.800000000001,3.68,1,0,,Wednesday,0
525,2021/9/23,Prague_1,15452.36,3.68,1,0,,Thursday,0
525,2021/9/24,Prague_1,16331.699999999999,3.68,1,0,,Friday,0
525,2021/9/25,Prague_1,15319.08,3.68,1,0,,Saturday,0
525,2021/9/26,Prague_1,16904.93,3.68,1,0,,Sunday,0
525,2021/9/27,Prague_1,14873.529999999999,3.68,0.91,0,,Monday,0
525,2021/9/28,Prague_1,18085.059999999998,3.68,0.85,1,Den ceske statnosti,Tuesday,0
525,2021/9/29,Prague_1,16314.970000000001,3.68,1,0,,Wednesday,0
525,2021/9/30,Prague_1,15872.289999999999,3.68,1,0,,Thursday,0
525,2021/10/1,Prague_1,16231.179999999998,3.68,1,0,,Friday,0
525,2021/10/2,Prague_1,15211,3.68,1,0,,Saturday,0
525,2021/10/3,Prague_1,18240.53,3.68,1,1,German Unity Day,Sunday,0
525,2021/10/4,Prague_1,14352.17,3.68,1,0,,Monday,0
525,2021/10/5,Prague_1,14935.130000000001,3.68,1,0,,Tuesday,0
525,2021/10/6,Prague_1,15430.869999999999,3.68,1,0,Memorial Day for the Martyrs of Arad,Wednesday,0
525,2021/10/7,Prague_1,16503.059999999998,3.68,0.95,0,,Thursday,0
525,2021/10/8,Prague_1,16439.08,3.68,1,0,,Friday,0
525,2021/10/9,Prague_1,14948.429999999998,3.68,0.83,0,,Saturday,0
525,2021/10/10,Prague_1,15442.91,3.68,0.9799999999999999,0,,Sunday,0
525,2021/10/11,Prague_1,15736,3.68,0.86,0,,Monday,0
525,2021/10/12,Prague_1,16271.850000000002,3.68,0.9799999999999999,0,,Tuesday,0
525,2021/10/13,Prague_1,16796.64,3.68,1,0,,Wednesday,0
525,2021/10/14,Prague_1,16181.69,3.68,0.95,0,,Thursday,0
525,2021/10/15,Prague_1,20386.24,3.68,0.95,0,,Friday,0
525,2021/10/16,Prague_1,18179.14,3.68,1,0,,Saturday,0
525,2021/10/17,Prague_1,20367.2,3.68,0.96,0,,Sunday,0
525,2021/10/18,Prague_1,17493.91,3.68,1,0,,Monday,0
525,2021/10/19,Prague_1,16770.67,3.68,1,0,,Tuesday,0
525,2021/10/20,Prague_1,18073.23,3.68,1,0,,Wednesday,0
525,2021/10/21,Prague_1,18708.83,3.68,0.9799999999999999,0,,Thursday,0
525,2021/10/22,Prague_1,18458.16,3.68,1,0,,Friday,0
525,2021/10/23,Prague_1,17520.51,3.68,0.85,1,Memorial day of the 1956 Revolution,Saturday,0
525,2021/10/24,Prague_1,14901.25,3.68,1,0,,Sunday,0
525,2021/10/25,Prague_1,15214.779999999999,3.68,1,0,,Monday,0
525,2021/10/26,Prague_1,18005.68,3.68,1,0,,Tuesday,0
525,2021/10/27,Prague_1,18164.649999999998,3.68,0.84,0,,Wednesday,0
525,2021/10/28,Prague_1,21063.7,3.68,1,1,Den vzniku samostatneho ceskoslovenskeho statu,Thursday,0
525,2021/10/29,Prague_1,16813.51,3.68,1,0,,Friday,0
525,2021/10/30,Prague_1,16795.66,3.68,1,0,,Saturday,0
525,2021/10/31,Prague_1,22833.58,3.68,0.89,1,Reformation Day,Sunday,0
525,2021/11/1,Prague_1,20116.18,3.68,0.83,1,All Saints Day,Monday,0
525,2021/11/2,Prague_1,16457.77,3.68,0.9799999999999999,0,,Tuesday,0
525,2021/11/3,Prague_1,18188.59,3.68,1,0,,Wednesday,0
525,2021/11/4,Prague_1,19548.34,3.68,1,0,,Thursday,0
525,2021/11/5,Prague_1,21533.89,3.68,1,0,,Friday,0
525,2021/11/6,Prague_1,18207.559999999998,3.68,1,0,,Saturday,0
525,2021/11/7,Prague_1,19573.05,3.68,1,0,,Sunday,0
525,2021/11/8,Prague_1,16997.89,3.68,1,0,,Monday,0
525,2021/11/9,Prague_1,17675.350000000002,3.68,1,0,,Tuesday,0
525,2021/11/10,Prague_1,18548.88,3.68,1,0,,Wednesday,0
525,2021/11/11,Prague_1,16711.66,3.68,1,0,,Thursday,0
525,2021/11/12,Prague_1,22902.67,3.68,1,0,,Friday,0
525,2021/11/13,Prague_1,20619.83,3.68,1,0,,Saturday,0
525,2021/11/14,Prague_1,20469.82,3.68,1,0,,Sunday,0
525,2021/11/15,Prague_1,18271.399999999998,3.68,1,0,,Monday,0
525,2021/11/16,Prague_1,21739.48,3.68,1,0,,Tuesday,0
525,2021/11/17,Prague_1,19921.58,3.68,1,1,Den boje za svobodu a demokracii,Wednesday,0
525,2021/11/18,Prague_1,17519.809999999998,3.68,1,0,,Thursday,0
525,2021/11/19,Prague_1,25669.91,3.68,1,0,,Friday,0
525,2021/11/20,Prague_1,18696.440000000002,3.68,1,0,,Saturday,0
525,2021/11/21,Prague_1,21266.14,3.68,1,0,,Sunday,0
525,2021/11/22,Prague_1,17773.7,3.68,0.92,0,,Monday,0
525,2021/11/23,Prague_1,17773,3.68,1,0,,Tuesday,0
525,2021/11/24,Prague_1,20418.16,3.68,1,0,,Wednesday,0
525,2021/11/25,Prague_1,20924.89,3.68,1,0,,Thursday,0
525,2021/11/26,Prague_1,25004.07,3.68,1,0,,Friday,0
525,2021/11/27,Prague_1,22384.32,3.68,1,0,,Saturday,0
525,2021/11/28,Prague_1,22837.710000000003,3.68,1,0,,Sunday,0
525,2021/11/29,Prague_1,19007.45,3.68,1,0,,Monday,0
525,2021/11/30,Prague_1,20173.58,3.68,1,0,,Tuesday,0
525,2021/12/1,Prague_1,15993.81,3.68,1,0,,Wednesday,0
525,2021/12/2,Prague_1,20018.460000000003,3.68,0.97,0,,Thursday,0
525,2021/12/3,Prague_1,22780.309999999998,3.68,1,0,,Friday,0
525,2021/12/4,Prague_1,19378.03,3.68,1,0,,Saturday,0
525,2021/12/5,Prague_1,21028.49,3.68,1,0,,Sunday,0
525,2021/12/6,Prague_1,16593.22,3.68,1,0,,Monday,0
525,2021/12/7,Prague_1,16656.22,3.68,1,0,,Tuesday,0
525,2021/12/8,Prague_1,18617.76,3.68,0.9799999999999999,0,,Wednesday,0
525,2021/12/9,Prague_1,20250.09,3.68,1,0,,Thursday,0
525,2021/12/10,Prague_1,22290.52,3.68,1,0,,Friday,0
525,2021/12/11,Prague_1,17907.68,3.68,1,0,,Saturday,0
525,2021/12/12,Prague_1,19291.86,3.68,1,0,,Sunday,0
525,2021/12/13,Prague_1,18955.72,3.68,1,0,,Monday,0
525,2021/12/14,Prague_1,16677.64,3.68,1,0,,Tuesday,0
525,2021/12/15,Prague_1,17996.58,3.68,1,0,,Wednesday,0
525,2021/12/16,Prague_1,17739.82,3.68,1,0,,Thursday,0
525,2021/12/17,Prague_1,22811.32,3.68,1,0,,Friday,0
525,2021/12/18,Prague_1,17075.87,3.68,1,0,,Saturday,0
525,2021/12/19,Prague_1,21719.88,3.68,1,0,,Sunday,0
525,2021/12/20,Prague_1,17732.89,3.68,1,0,,Monday,0
525,2021/12/21,Prague_1,22161.09,3.68,1,0,,Tuesday,0
525,2021/12/22,Prague_1,23790.97,3.68,1,0,,Wednesday,0
525,2021/12/23,Prague_1,39246.48,3.68,1,0,,Thursday,0
525,2021/12/24,Prague_1,15314.880000000001,3.68,0.92,1,Christmas Eve,Friday,0
525,2021/12/26,Prague_1,18619.3,3.68,0.9400000000000001,1,2nd Christmas Day,Sunday,0
525,2021/12/27,Prague_1,22758.399999999998,3.68,0.9799999999999999,0,,Monday,0
525,2021/12/28,Prague_1,14747.39,3.68,1,0,,Tuesday,0
525,2021/12/29,Prague_1,21607.11,3.68,1,0,,Wednesday,0
525,2021/12/30,Prague_1,31121.649999999998,3.68,0.8099999999999999,0,,Thursday,0
525,2021/12/31,Prague_1,24281.11,3.68,0.91,0,,Friday,0
525,2022/1/1,Prague_1,0,3.68,0.48999999999999994,1,New Years Day,Saturday,0
525,2022/1/2,Prague_1,21632.59,3.68,1,0,,Sunday,0
525,2022/1/3,Prague_1,19446.49,3.68,0.97,0,,Monday,0
525,2022/1/4,Prague_1,15928.92,3.68,1,0,,Tuesday,0
525,2022/1/5,Prague_1,17981.460000000003,3.68,1,0,,Wednesday,0
525,2022/1/6,Prague_1,18323.83,3.68,1,1,Epiphany,Thursday,0
525,2022/1/7,Prague_1,23008.93,3.68,1,0,,Friday,0
525,2022/1/8,Prague_1,19520.899999999998,3.68,0.9799999999999999,0,,Saturday,0
525,2022/1/9,Prague_1,20524.77,3.68,1,0,,Sunday,0
525,2022/1/10,Prague_1,17483.55,3.68,1,0,,Monday,0
525,2022/1/11,Prague_1,16987.809999999998,3.68,0.91,0,,Tuesday,0
525,2022/1/12,Prague_1,14387.52,3.68,0.7299999999999999,0,,Wednesday,0
525,2022/1/13,Prague_1,15741.600000000002,3.68,1,0,,Thursday,0
525,2022/1/14,Prague_1,15374.73,3.68,0.6900000000000001,0,,Friday,0
525,2022/1/15,Prague_1,14644.490000000002,3.68,0.96,0,,Saturday,0
525,2022/1/16,Prague_1,15911.91,3.68,0.96,0,,Sunday,0
525,2022/1/17,Prague_1,16449.649999999998,3.68,0.93,0,,Monday,0
525,2022/1/18,Prague_1,16794.33,3.68,0.84,0,,Tuesday,0
525,2022/1/19,Prague_1,20096.09,3.68,1,0,,Wednesday,0
525,2022/1/20,Prague_1,22546.16,3.68,1,0,,Thursday,0
525,2022/1/21,Prague_1,23141.789999999997,3.68,0.79,0,,Friday,0
525,2022/1/22,Prague_1,20906.690000000002,3.68,0.95,0,,Saturday,0
525,2022/1/23,Prague_1,17682.63,3.68,1,0,,Sunday,0
525,2022/1/24,Prague_1,17290.49,3.68,1,0,,Monday,0
525,2022/1/25,Prague_1,17360.77,3.68,0.7700000000000001,0,,Tuesday,0
525,2022/1/26,Prague_1,21072.100000000002,3.68,0.89,0,,Wednesday,0
525,2022/1/27,Prague_1,20048.210000000003,3.68,1,0,,Thursday,0
525,2022/1/28,Prague_1,24391.57,3.68,0.78,0,,Friday,0
525,2022/1/29,Prague_1,21317.100000000002,3.68,0.99,0,,Saturday,0
525,2022/1/30,Prague_1,18594.8,3.68,0.96,0,,Sunday,0
525,2022/1/31,Prague_1,18838.61,3.68,1,0,,Monday,0
525,2022/2/1,Prague_1,19169.22,3.68,0.9799999999999999,0,Memorial Day of the Republic,Tuesday,0
525,2022/2/2,Prague_1,20268.22,3.68,1,0,,Wednesday,0
525,2022/2/3,Prague_1,18693.64,3.68,1,0,,Thursday,0
525,2022/2/4,Prague_1,20018.460000000003,3.68,1,0,,Friday,0
525,2022/2/5,Prague_1,18650.87,3.68,1,0,,Saturday,0
525,2022/2/6,Prague_1,18638.899999999998,3.68,1,0,,Sunday,0
525,2022/2/7,Prague_1,18229.89,3.68,1,0,,Monday,0
525,2022/2/8,Prague_1,15594.25,3.68,1,0,,Tuesday,0
525,2022/2/9,Prague_1,17149.649999999998,3.68,1,0,,Wednesday,0
525,2022/2/10,Prague_1,18582.059999999998,3.68,1,0,,Thursday,0
525,2022/2/11,Prague_1,24050.67,3.68,1,0,,Friday,0
525,2022/2/12,Prague_1,17314.64,3.68,0.83,0,,Saturday,0
525,2022/2/13,Prague_1,17900.61,3.68,1,0,,Sunday,0
525,2022/2/14,Prague_1,17157.49,3.68,1,0,,Monday,0
525,2022/2/15,Prague_1,19742.52,3.68,0.9,0,,Tuesday,0
525,2022/2/16,Prague_1,15253.210000000001,3.68,1,0,,Wednesday,0
525,2022/2/17,Prague_1,17798.83,3.68,0.85,0,,Thursday,0
525,2022/2/18,Prague_1,23554.51,3.68,1,0,,Friday,0
525,2022/2/19,Prague_1,21194.809999999998,3.68,0.9400000000000001,0,,Saturday,0
525,2022/2/20,Prague_1,16765.98,3.68,1,0,,Sunday,0
525,2022/2/21,Prague_1,14711.34,3.68,1,0,,Monday,0
525,2022/2/22,Prague_1,15072.399999999998,3.68,1,0,,Tuesday,0
525,2022/2/23,Prague_1,12055.61,3.68,1,0,,Wednesday,0
525,2022/2/24,Prague_1,15862.98,3.68,0.9799999999999999,0,,Thursday,0
525,2022/2/25,Prague_1,21470.33,3.68,1,0,Memorial Day for the Victims of the Communist Dictatorships,Friday,0
525,2022/2/26,Prague_1,17017.210000000003,3.68,1,0,,Saturday,0
525,2022/2/27,Prague_1,18426.87,3.68,0.9400000000000001,0,,Sunday,0
525,2022/2/28,Prague_1,14643.300000000001,3.68,1,0,,Monday,0
525,2022/3/1,Prague_1,16835.14,3.68,0.99,0,,Tuesday,0
525,2022/3/2,Prague_1,14183.61,3.68,0.95,0,,Wednesday,0
525,2022/3/3,Prague_1,16458.190000000002,3.68,1,0,,Thursday,0
525,2022/3/4,Prague_1,19190.22,3.68,1,0,,Friday,0
525,2022/3/5,Prague_1,18814.88,3.68,0.83,0,,Saturday,0
525,2022/3/6,Prague_1,15721.649999999998,3.68,0.93,0,,Sunday,0
525,2022/3/7,Prague_1,14012.529999999999,3.68,1,0,,Monday,0
525,2022/3/8,Prague_1,10913.14,3.68,0.85,0,International womens day,Tuesday,0
525,2022/3/9,Prague_1,12707.66,3.68,1,0,,Wednesday,0
525,2022/3/10,Prague_1,17747.52,3.68,1,0,,Thursday,0
525,2022/3/11,Prague_1,16401.07,3.68,1,0,,Friday,0
525,2022/3/12,Prague_1,18398.66,3.68,1,0,,Saturday,0
525,2022/3/13,Prague_1,13468.21,3.68,0.82,0,,Sunday,0
525,2022/3/14,Prague_1,13050.029999999999,3.68,0.9400000000000001,1,1848 Revolution Memorial Day (Extra holiday),Monday,0
525,2022/3/15,Prague_1,13522.39,3.68,0.9,1,Memorial Day for the Victims of the Holocaust,Tuesday,0
525,2022/3/16,Prague_1,13897.519999999999,3.68,1,0,,Wednesday,0
525,2022/3/17,Prague_1,15305.64,3.68,0.9,0,,Thursday,0
525,2022/3/18,Prague_1,16706.899999999998,3.68,1,0,,Friday,0
525,2022/3/19,Prague_1,20120.8,3.68,0.86,0,,Saturday,0
525,2022/3/20,Prague_1,17565.17,3.68,0.9400000000000001,0,,Sunday,0
525,2022/3/21,Prague_1,12067.58,3.68,0.86,0,,Monday,0
525,2022/3/22,Prague_1,12583.06,3.68,0.9400000000000001,0,,Tuesday,0
525,2022/3/23,Prague_1,13408.71,3.68,0.86,0,,Wednesday,0
525,2022/3/24,Prague_1,13965.21,3.68,0.9400000000000001,0,,Thursday,0
525,2022/3/25,Prague_1,18673.34,3.68,1,0,,Friday,0
525,2022/3/26,Prague_1,15929.83,3.68,1,0,,Saturday,0
525,2022/3/27,Prague_1,18511.289999999997,3.68,0.84,0,,Sunday,0
525,2022/3/28,Prague_1,13262.06,3.68,0.88,0,,Monday,0
525,2022/3/29,Prague_1,14399.98,3.68,0.96,0,,Tuesday,0
525,2022/3/30,Prague_1,12088.37,3.68,0.87,0,,Wednesday,0
525,2022/3/31,Prague_1,14508.550000000001,3.68,0.89,0,,Thursday,0
525,2022/4/1,Prague_1,19299,3.68,0.95,0,,Friday,0
525,2022/4/2,Prague_1,17741.99,3.68,1,0,,Saturday,0
525,2022/4/3,Prague_1,15235.5,3.68,0.82,0,,Sunday,0
525,2022/4/4,Prague_1,15494.220000000001,3.68,0.9400000000000001,0,,Monday,0
525,2022/4/5,Prague_1,12190.779999999999,3.68,0.83,0,,Tuesday,0
525,2022/4/6,Prague_1,14191.1,3.68,0.91,0,,Wednesday,0
525,2022/4/7,Prague_1,9791.949999999999,3.68,0.56,0,,Thursday,0
525,2022/4/8,Prague_1,18781.91,3.68,0.93,0,,Friday,0
525,2022/4/9,Prague_1,14905.100000000002,3.68,0.91,0,,Saturday,0
525,2022/4/10,Prague_1,17229.87,3.68,1,0,,Sunday,0
525,2022/4/11,Prague_1,15761.970000000001,3.68,0.9,0,,Monday,0
525,2022/4/12,Prague_1,14148.050000000001,3.68,0.83,0,,Tuesday,0
525,2022/4/13,Prague_1,15879.149999999998,3.68,0.66,0,,Wednesday,0
525,2022/4/14,Prague_1,22611.75,3.68,0.66,0,,Thursday,0
525,2022/4/15,Prague_1,18375,3.68,0.58,1,Good Friday,Friday,0
525,2022/4/16,Prague_1,12009.9,3.68,0.61,1,Memorial Day for the Victims of the Holocaust,Saturday,0
525,2022/4/17,Prague_1,12603.57,3.68,0.58,1,,Sunday,0
525,2022/4/18,Prague_1,12553.94,3.68,0.66,1,Easter Monday,Monday,0
525,2022/4/19,Prague_1,17204.460000000003,3.68,0.96,0,,Tuesday,0
525,2022/4/20,Prague_1,14282.59,3.68,0.9799999999999999,0,,Wednesday,0
525,2022/4/21,Prague_1,14245.279999999999,3.68,1,0,,Thursday,0
525,2022/4/22,Prague_1,18828.39,3.68,1,0,,Friday,0
525,2022/4/23,Prague_1,15002.399999999998,3.68,0.9799999999999999,0,,Saturday,0
525,2022/4/24,Prague_1,20358.309999999998,3.68,0.9799999999999999,0,,Sunday,0
525,2022/4/25,Prague_1,13317.92,3.68,1,0,,Monday,0
525,2022/4/26,Prague_1,13730.43,3.68,1,0,,Tuesday,0
525,2022/4/27,Prague_1,14434.77,3.68,0.84,0,,Wednesday,0
525,2022/4/28,Prague_1,13745.69,3.68,0.9799999999999999,0,,Thursday,0
525,2022/4/29,Prague_1,18402.02,3.68,0.95,0,,Friday,0
525,2022/4/30,Prague_1,16183.58,3.68,0.89,0,,Saturday,0
525,2022/5/1,Prague_1,16122.470000000001,3.68,1,1,Labour Day,Sunday,0
525,2022/5/2,Prague_1,16360.19,3.68,0.96,0,,Monday,0
525,2022/5/3,Prague_1,12979.96,3.68,1,0,,Tuesday,0
525,2022/5/4,Prague_1,14189.42,3.68,0.97,0,,Wednesday,0
525,2022/5/5,Prague_1,14562.66,3.68,0.9,0,,Thursday,0
525,2022/5/6,Prague_1,18271.399999999998,3.68,0.88,0,,Friday,0
525,2022/5/7,Prague_1,13945.26,3.68,1,0,,Saturday,0
525,2022/5/8,Prague_1,21287.84,3.68,0.66,1,Den osvobozeni,Sunday,0
525,2022/5/9,Prague_1,14878.850000000002,3.68,0.91,0,,Monday,0
525,2022/5/10,Prague_1,13643.699999999999,3.68,1,0,,Tuesday,0
525,2022/5/11,Prague_1,15806.98,3.68,0.93,0,,Wednesday,0
525,2022/5/12,Prague_1,16218.58,3.68,0.95,0,,Thursday,0
525,2022/5/13,Prague_1,19558.77,3.68,0.91,0,,Friday,0
525,2022/5/14,Prague_1,16018.52,3.68,0.88,0,,Saturday,0
525,2022/5/15,Prague_1,16564.59,3.68,1,0,,Sunday,0
525,2022/5/16,Prague_1,14312.76,3.68,0.82,0,,Monday,0
525,2022/5/17,Prague_1,12274.5,3.68,0.86,0,,Tuesday,0
525,2022/5/18,Prague_1,13962.480000000001,3.68,0.9,0,,Wednesday,0
525,2022/5/19,Prague_1,11987.29,3.68,0.75,0,,Thursday,0
525,2022/5/20,Prague_1,19316.01,3.68,0.91,0,,Friday,0
525,2022/5/21,Prague_1,15576.119999999999,3.68,0.97,0,National Defense Day,Saturday,0
525,2022/5/22,Prague_1,16008.720000000001,3.68,0.97,0,,Sunday,0
525,2022/5/23,Prague_1,14669.48,3.68,0.9,0,,Monday,0
525,2022/5/24,Prague_1,13027.84,3.68,1,0,,Tuesday,0
525,2022/5/25,Prague_1,14792.470000000001,3.68,0.97,0,,Wednesday,0
525,2022/5/26,Prague_1,15555.679999999998,3.68,0.97,1,Ascension day,Thursday,0
525,2022/5/27,Prague_1,18410.559999999998,3.68,0.97,0,,Friday,0
525,2022/5/28,Prague_1,13973.19,3.68,0.9400000000000001,0,,Saturday,0
525,2022/5/29,Prague_1,14281.4,3.68,0.9,0,,Sunday,0
525,2022/5/30,Prague_1,14710.570000000002,3.68,0.89,0,,Monday,0
525,2022/5/31,Prague_1,12930.470000000001,3.68,0.86,0,,Tuesday,0
525,2022/6/1,Prague_1,13590.71,3.68,0.9,0,,Wednesday,0
525,2022/6/2,Prague_1,11262.93,3.68,1,0,,Thursday,0
525,2022/6/3,Prague_1,18924.850000000002,3.68,0.76,0,,Friday,0
525,2022/6/4,Prague_1,13974.38,3.68,0.8,0,Day of National Unity,Saturday,0
525,2022/6/5,Prague_1,16037.14,3.68,0.9400000000000001,1,Whit sunday,Sunday,0
525,2022/6/6,Prague_1,14322.769999999999,3.68,0.9,1,Whit monday,Monday,0
525,2022/6/7,Prague_1,13203.4,3.68,0.9,0,,Tuesday,0
525,2022/6/8,Prague_1,12751.269999999999,3.68,1,0,,Wednesday,0
525,2022/6/9,Prague_1,13758.220000000001,3.68,0.91,0,,Thursday,0
525,2022/6/10,Prague_1,18117.539999999997,3.68,0.91,0,,Friday,0
525,2022/6/11,Prague_1,12227.949999999999,3.68,1,0,,Saturday,0
525,2022/6/12,Prague_1,15824.130000000001,3.68,0.85,0,,Sunday,0
525,2022/6/13,Prague_1,14082.04,3.68,0.9799999999999999,0,,Monday,0
525,2022/6/14,Prague_1,11066.09,3.68,0.86,0,,Tuesday,0
525,2022/6/15,Prague_1,11883.34,3.68,0.93,0,,Wednesday,0
525,2022/6/16,Prague_1,14161.07,3.68,0.9400000000000001,1,Corpus Christi,Thursday,0
525,2022/6/17,Prague_1,17523.66,3.68,1,0,,Friday,0
525,2022/6/18,Prague_1,12415.83,3.68,0.88,0,,Saturday,0
525,2022/6/19,Prague_1,15031.029999999999,3.68,0.87,0,Independent Hungary Day,Sunday,0
525,2022/6/20,Prague_1,14743.19,3.68,0.95,0,,Monday,0
525,2022/6/21,Prague_1,12373.269999999999,3.68,1,0,,Tuesday,0
525,2022/6/22,Prague_1,14637.279999999999,3.68,0.86,0,,Wednesday,0
525,2022/6/23,Prague_1,13637.470000000001,3.68,1,0,,Thursday,0
525,2022/6/24,Prague_1,18814.74,3.68,1,0,,Friday,0
525,2022/6/25,Prague_1,15388.869999999999,3.68,1,0,,Saturday,0
525,2022/6/26,Prague_1,16248.33,3.68,1,0,,Sunday,0
525,2022/6/27,Prague_1,14437.92,3.68,0.9400000000000001,0,,Monday,0
525,2022/6/28,Prague_1,11993.31,3.68,0.96,0,,Tuesday,0
525,2022/6/29,Prague_1,15315.16,3.68,1,0,,Wednesday,0
525,2022/6/30,Prague_1,12299.42,3.68,1,0,,Thursday,0
525,2022/7/1,Prague_1,17790.99,3.68,0.91,0,,Friday,0
525,2022/7/2,Prague_1,12053.09,3.68,1,0,,Saturday,0
525,2022/7/3,Prague_1,12238.24,3.68,1,0,,Sunday,0
525,2022/7/4,Prague_1,13352.43,3.68,0.8099999999999999,0,,Monday,0
525,2022/7/5,Prague_1,10288.88,3.68,0.78,1,Cyrila a Metodej,Tuesday,0
525,2022/7/6,Prague_1,9562.769999999999,3.68,0.7,1,Jan Hus,Wednesday,0
525,2022/7/7,Prague_1,12238.24,3.68,1,0,,Thursday,0
525,2022/7/8,Prague_1,13917.61,3.68,1,0,,Friday,0
525,2022/7/9,Prague_1,11577.79,3.68,0.8,0,,Saturday,0
525,2022/7/10,Prague_1,12816.79,4.23,1,0,,Sunday,0
525,2022/7/11,Prague_1,13836.970000000001,4.23,0.93,0,,Monday,0
525,2022/7/12,Prague_1,9451.61,4.23,0.84,0,,Tuesday,0
525,2022/7/13,Prague_1,11294.85,4.23,1,0,,Wednesday,0
525,2022/7/14,Prague_1,10589.04,4.23,0.78,0,,Thursday,0
525,2022/7/15,Prague_1,14141.4,4.23,1,0,,Friday,0
525,2022/7/16,Prague_1,13922.230000000001,4.23,0.9,0,,Saturday,0
525,2022/7/17,Prague_1,11900.769999999999,4.23,1,0,,Sunday,0
525,2022/7/18,Prague_1,11938.36,4.23,0.9,0,,Monday,0
525,2022/7/19,Prague_1,10832.220000000001,4.23,0.95,0,,Tuesday,0
525,2022/7/20,Prague_1,12093.13,4.23,0.99,0,,Wednesday,0
525,2022/7/21,Prague_1,12490.029999999999,4.23,0.97,0,,Thursday,0
525,2022/7/22,Prague_1,14044.94,4.23,1,0,,Friday,0
525,2022/7/23,Prague_1,12454.68,4.23,1,0,,Saturday,0
525,2022/7/24,Prague_1,11075.19,4.23,0.84,0,,Sunday,0
525,2022/7/25,Prague_1,10809.61,4.23,1,0,,Monday,0
525,2022/7/26,Prague_1,11823.14,4.23,1,0,,Tuesday,0
525,2022/7/27,Prague_1,9320.64,4.23,0.96,0,,Wednesday,0
525,2022/7/28,Prague_1,10380.720000000001,4.23,1,0,,Thursday,0
525,2022/7/29,Prague_1,12840.31,4.23,0.99,0,,Friday,0
525,2022/7/30,Prague_1,11374.58,4.23,0.91,0,,Saturday,0
525,2022/7/31,Prague_1,10588.76,4.23,0.89,0,,Sunday,0
525,2022/8/1,Prague_1,9214.029999999999,4.23,0.93,0,,Monday,0
525,2022/8/2,Prague_1,10742.62,4.23,0.9,0,,Tuesday,0
525,2022/8/3,Prague_1,12030.970000000001,4.23,0.68,0,,Wednesday,0
525,2022/8/4,Prague_1,12283.67,4.23,0.93,0,,Thursday,0
525,2022/8/5,Prague_1,13892.480000000001,4.23,0.86,0,,Friday,0
525,2022/8/6,Prague_1,13130.18,4.23,1,0,,Saturday,0
525,2022/8/7,Prague_1,12377.19,4.23,0.85,0,,Sunday,0
525,2022/8/8,Prague_1,13562.01,4.23,0.91,1,Peace Festival in Augsburg,Monday,0
525,2022/8/9,Prague_1,11701.199999999999,4.23,1,0,,Tuesday,0
525,2022/8/10,Prague_1,12456.29,4.6,0.91,0,,Wednesday,0
525,2022/8/11,Prague_1,11248.16,4.6,1,0,,Thursday,0
525,2022/8/12,Prague_1,15212.470000000001,4.6,0.97,0,,Friday,0
525,2022/8/13,Prague_1,11816.699999999999,4.6,0.9,0,,Saturday,0
525,2022/8/14,Prague_1,11441.36,4.6,1,0,,Sunday,0
525,2022/8/15,Prague_1,13417.81,4.6,0.95,1,Assumption of the Virgin Mary,Monday,0
525,2022/8/16,Prague_1,12255.32,4.6,0.97,0,,Tuesday,0
525,2022/8/17,Prague_1,13108.83,4.6,0.91,0,,Wednesday,0
525,2022/8/18,Prague_1,11900.14,4.6,1,0,,Thursday,0
525,2022/8/19,Prague_1,14317.66,4.6,0.91,0,,Friday,0
525,2022/8/20,Prague_1,13931.470000000001,4.6,0.93,1,State Foundation Day,Saturday,0
525,2022/8/21,Prague_1,13767.32,4.6,0.97,0,,Sunday,0
525,2022/8/22,Prague_1,11542.16,4.6,1,0,,Monday,0
525,2022/8/23,Prague_1,11419.38,4.6,0.83,0,,Tuesday,0
525,2022/8/24,Prague_1,12048.96,4.6,1,0,,Wednesday,0
525,2022/8/25,Prague_1,11194.12,4.6,1,0,,Thursday,0
525,2022/8/26,Prague_1,14492.449999999999,4.6,0.9400000000000001,0,,Friday,0
525,2022/8/27,Prague_1,13489.42,4.6,0.91,0,,Saturday,0
525,2022/8/28,Prague_1,13532.89,4.6,0.86,0,,Sunday,0
525,2022/8/29,Prague_1,12036.99,4.6,0.96,0,,Monday,0
525,2022/8/30,Prague_1,14107.31,4.6,1,0,,Tuesday,0
525,2022/8/31,Prague_1,16352.350000000002,4.6,0.97,0,,Wednesday,0
525,2022/9/1,Prague_1,13507.199999999999,4.6,1,0,,Thursday,0
525,2022/9/2,Prague_1,17328.01,4.6,0.92,0,,Friday,0
525,2022/9/3,Prague_1,15416.029999999999,4.6,0.9400000000000001,0,,Saturday,0
525,2022/9/4,Prague_1,14099.61,4.6,0.92,0,,Sunday,0
525,2022/9/5,Prague_1,13694.1,4.6,0.99,0,,Monday,0
525,2022/9/6,Prague_1,10769.85,4.6,1,0,,Tuesday,0
525,2022/9/7,Prague_1,12933.41,4.6,0.9400000000000001,0,,Wednesday,0
525,2022/9/8,Prague_1,13696.34,4.6,0.9400000000000001,0,,Thursday,0
525,2022/9/9,Prague_1,16258.83,4.6,0.88,0,,Friday,0
525,2022/9/10,Prague_1,13578.46,4.6,0.99,0,,Saturday,0
525,2022/9/11,Prague_1,14940.869999999999,4.6,0.8099999999999999,0,,Sunday,0
525,2022/9/12,Prague_1,12875.17,4.6,1,0,,Monday,0
525,2022/9/13,Prague_1,13418.300000000001,4.6,0.85,0,,Tuesday,0
525,2022/9/14,Prague_1,15277.5,4.6,0.92,0,,Wednesday,0
525,2022/9/15,Prague_1,13742.96,4.6,0.87,0,,Thursday,0
525,2022/9/16,Prague_1,17080.91,4.6,0.84,0,,Friday,0
525,2022/9/17,Prague_1,16371.529999999999,4.6,0.99,0,,Saturday,0
525,2022/9/18,Prague_1,17106.53,4.6,0.96,0,,Sunday,0
525,2022/9/19,Prague_1,15894.69,4.6,0.9400000000000001,0,,Monday,0
525,2022/9/20,Prague_1,15461.529999999999,4.6,0.9400000000000001,0,,Tuesday,0
525,2022/9/21,Prague_1,13404.93,4.6,1,0,,Wednesday,0
525,2022/9/22,Prague_1,16683.24,4.6,0.97,0,,Thursday,0
525,2022/9/23,Prague_1,15676.5,4.6,1,0,,Friday,0
525,2022/9/24,Prague_1,15770.509999999998,4.6,0.87,0,,Saturday,0
525,2022/9/25,Prague_1,14255.01,4.6,1,0,,Sunday,0
525,2022/9/26,Prague_1,14938,4.6,0.97,0,,Monday,0
525,2022/9/27,Prague_1,15782.550000000001,4.6,1,0,,Tuesday,0
525,2022/9/28,Prague_1,26628.84,4.6,0.91,1,Den ceske statnosti,Wednesday,0
525,2022/9/29,Prague_1,14642.600000000002,4.6,1,0,,Thursday,0
525,2022/9/30,Prague_1,17728.899999999998,4.6,1,0,,Friday,0
525,2022/10/1,Prague_1,15238.789999999999,4.6,0.88,0,,Saturday,0
525,2022/10/2,Prague_1,15758.89,4.6,0.99,0,,Sunday,0
525,2022/10/3,Prague_1,14605.5,4.6,1,1,German Unity Day,Monday,0
525,2022/10/4,Prague_1,13549.269999999999,4.6,1,0,,Tuesday,0
525,2022/10/5,Prague_1,13697.25,4.6,0.82,0,,Wednesday,0
525,2022/10/6,Prague_1,14100.59,4.6,0.97,0,Memorial Day for the Martyrs of Arad,Thursday,0
525,2022/10/7,Prague_1,16781.309999999998,4.6,0.9799999999999999,0,,Friday,0
525,2022/10/8,Prague_1,14661.64,4.6,0.95,0,,Saturday,0
525,2022/10/9,Prague_1,17260.809999999998,4.6,0.97,0,,Sunday,0
525,2022/10/10,Prague_1,14110.46,4.6,0.9799999999999999,0,,Monday,0
525,2022/10/11,Prague_1,12224.519999999999,4.6,0.9799999999999999,0,,Tuesday,0
525,2022/10/12,Prague_1,14323.33,4.6,0.9799999999999999,0,,Wednesday,0
525,2022/10/13,Prague_1,14777.56,4.6,0.9799999999999999,0,,Thursday,0
525,2022/10/14,Prague_1,17201.59,4.6,0.9799999999999999,0,,Friday,0
525,2022/10/15,Prague_1,16105.81,4.6,0.9799999999999999,0,,Saturday,0
525,2022/10/16,Prague_1,15648.08,4.6,0.97,0,,Sunday,0
525,2022/10/17,Prague_1,13140.12,4.6,0.9799999999999999,0,,Monday,0
525,2022/10/18,Prague_1,12840.029999999999,4.6,0.9799999999999999,0,,Tuesday,0
525,2022/10/19,Prague_1,14387.029999999999,4.6,0.9799999999999999,0,,Wednesday,0
525,2022/10/20,Prague_1,13567.4,4.6,0.9799999999999999,0,,Thursday,0
525,2022/10/21,Prague_1,16997.89,4.6,0.9799999999999999,0,,Friday,0
525,2022/10/22,Prague_1,14151.550000000001,4.6,0.97,0,,Saturday,0
525,2022/10/23,Prague_1,15282.259999999998,4.6,0.97,1,Memorial day of the 1956 Revolution,Sunday,0
525,2022/10/24,Prague_1,11817.050000000001,4.6,0.99,0,,Monday,0
525,2022/10/25,Prague_1,12352.83,4.6,0.9799999999999999,0,,Tuesday,0
525,2022/10/26,Prague_1,11978.12,4.6,0.9799999999999999,0,,Wednesday,0
525,2022/10/27,Prague_1,17402,4.6,0.9799999999999999,0,,Thursday,0
525,2022/10/28,Prague_1,16138.289999999999,4.6,0.9799999999999999,1,Den vzniku samostatneho ceskoslovenskeho statu,Friday,0
525,2022/10/29,Prague_1,12459.58,4.6,0.97,0,,Saturday,0
525,2022/10/30,Prague_1,16154.11,4.6,0.85,0,,Sunday,0
525,2022/10/31,Prague_1,12998.09,4.6,0.9400000000000001,1,Reformation Day,Monday,0
525,2022/11/1,Prague_1,13314.699999999999,4.6,0.93,1,All Saints Day,Tuesday,0
525,2022/11/2,Prague_1,11550.42,4.6,0.99,0,,Wednesday,0
525,2022/11/3,Prague_1,13299.93,4.6,0.99,0,,Thursday,0
525,2022/11/4,Prague_1,19078.57,4.6,0.9799999999999999,0,,Friday,0
525,2022/11/5,Prague_1,13210.54,4.6,0.99,0,,Saturday,0
525,2022/11/6,Prague_1,14466.06,4.6,0.89,0,,Sunday,0
525,2022/11/7,Prague_1,10456.67,4.6,0.99,0,,Monday,0
525,2022/11/8,Prague_1,12647.6,4.6,0.99,0,,Tuesday,0
525,2022/11/9,Prague_1,12172.58,4.6,0.99,0,,Wednesday,0
525,2022/11/10,Prague_1,14555.800000000001,4.6,0.99,0,,Thursday,0
525,2022/11/11,Prague_1,17411.100000000002,4.6,0.99,0,,Friday,0
525,2022/11/12,Prague_1,16118.550000000001,4.6,0.99,0,,Saturday,0
525,2022/11/13,Prague_1,16713.13,4.6,0.97,0,,Sunday,0
525,2022/11/14,Prague_1,13208.300000000001,4.6,0.99,0,,Monday,0
525,2022/11/15,Prague_1,14296.730000000001,4.6,0.9799999999999999,0,,Tuesday,0
525,2022/11/16,Prague_1,14967.679999999998,4.6,0.9799999999999999,0,,Wednesday,0
525,2022/11/17,Prague_1,18543.91,4.6,0.91,1,Den boje za svobodu a demokracii,Thursday,0
525,2022/11/18,Prague_1,13426.14,4.6,0.99,0,,Friday,0
525,2022/11/19,Prague_1,12905.76,4.6,0.8099999999999999,0,,Saturday,0
525,2022/11/20,Prague_1,14105.699999999999,4.6,0.9799999999999999,0,,Sunday,0
525,2022/11/21,Prague_1,9777.11,4.6,0.86,0,,Monday,0
525,2022/11/22,Prague_1,10553.06,4.6,0.84,0,,Tuesday,0
525,2022/11/23,Prague_1,10197.25,4.6,0.8099999999999999,0,,Wednesday,0
525,2022/11/24,Prague_1,13451.34,4.6,0.99,0,,Thursday,0
525,2022/11/25,Prague_1,18445.98,4.6,0.99,0,,Friday,0
525,2022/11/26,Prague_1,14490.98,4.6,0.99,0,,Saturday,0
525,2022/11/27,Prague_1,16071.16,4.6,0.95,0,,Sunday,0
525,2022/11/28,Prague_1,12432.84,4.6,0.89,0,,Monday,0
525,2022/11/29,Prague_1,12371.59,4.6,0.9799999999999999,0,,Tuesday,0
525,2022/11/30,Prague_1,14169.33,4.6,0.9799999999999999,0,,Wednesday,0
525,2022/12/1,Prague_1,13052.34,4.6,0.9799999999999999,0,,Thursday,0
525,2022/12/2,Prague_1,18227.86,4.6,0.97,0,,Friday,0
525,2022/12/3,Prague_1,14623.630000000001,4.6,0.84,0,,Saturday,0
525,2022/12/4,Prague_1,16692.690000000002,4.6,0.9799999999999999,0,,Sunday,0
525,2022/12/5,Prague_1,13716.43,4.6,0.88,0,,Monday,0
525,2022/12/6,Prague_1,11795.07,4.6,0.9799999999999999,0,,Tuesday,0
525,2022/12/7,Prague_1,13585.949999999999,4.6,0.9400000000000001,0,,Wednesday,0
525,2022/12/8,Prague_1,14479.64,4.6,0.9799999999999999,0,,Thursday,0
525,2022/12/9,Prague_1,16539.32,4.6,0.95,0,,Friday,0
525,2022/12/10,Prague_1,15679.23,4.6,0.87,0,,Saturday,0
525,2022/12/11,Prague_1,14784.279999999999,4.6,0.89,0,,Sunday,0
525,2022/12/12,Prague_1,13608.769999999999,4.6,0.97,0,,Monday,0
525,2022/12/13,Prague_1,12460,4.6,0.9400000000000001,0,,Tuesday,0
525,2022/12/14,Prague_1,12902.26,4.6,0.93,0,,Wednesday,0
525,2022/12/15,Prague_1,14762.86,4.6,1,0,,Thursday,0
525,2022/12/16,Prague_1,18833.289999999997,4.6,0.85,0,,Friday,0
525,2022/12/17,Prague_1,16026.429999999998,4.6,0.9799999999999999,0,,Saturday,0
525,2022/12/18,Prague_1,15211.350000000002,4.6,0.87,0,,Sunday,0
525,2022/12/19,Prague_1,16187.5,4.6,0.9400000000000001,0,,Monday,0
525,2022/12/20,Prague_1,15737.960000000001,4.6,0.86,0,,Tuesday,0
525,2022/12/21,Prague_1,16138.64,4.6,0.87,0,,Wednesday,0
525,2022/12/22,Prague_1,21647.64,4.6,0.9799999999999999,0,,Thursday,0
525,2022/12/23,Prague_1,33550.369999999995,4.6,0.99,0,,Friday,0
525,2022/12/24,Prague_1,15146.949999999999,4.6,1,1,Christmas Eve,Saturday,0
525,2022/12/26,Prague_1,18209.17,4.6,0.99,1,2nd Christmas Day,Monday,0
525,2022/12/27,Prague_1,14318.36,4.6,0.7700000000000001,0,,Tuesday,0
525,2022/12/28,Prague_1,15344,4.6,0.9799999999999999,0,,Wednesday,0
525,2022/12/29,Prague_1,18683.7,4.6,0.8099999999999999,0,,Thursday,0
525,2022/12/30,Prague_1,22092.84,4.6,0.66,0,,Friday,0
525,2022/12/31,Prague_1,19067.72,4.6,0.88,0,,Saturday,0
525,2023/1/1,Prague_1,0,4.6,0.52,1,New Years Day,Sunday,0
525,2023/1/2,Prague_1,13330.17,4.6,0.89,0,,Monday,0
525,2023/1/3,Prague_1,12210.31,4.6,0.9799999999999999,0,,Tuesday,0
525,2023/1/4,Prague_1,14955.710000000001,4.6,0.9799999999999999,0,,Wednesday,0
525,2023/1/5,Prague_1,15804.600000000002,4.6,0.9799999999999999,0,,Thursday,0
525,2023/1/6,Prague_1,18004.91,4.6,0.99,1,Epiphany,Friday,0
525,2023/1/7,Prague_1,17625.23,4.6,0.93,0,,Saturday,0
525,2023/1/8,Prague_1,14454.509999999998,4.6,0.93,0,,Sunday,0
525,2023/1/9,Prague_1,12578.51,4.6,0.86,0,,Monday,0
525,2023/1/10,Prague_1,11769.800000000001,4.6,0.95,0,,Tuesday,0
525,2023/1/11,Prague_1,12999.42,4.6,0.93,0,,Wednesday,0
525,2023/1/12,Prague_1,13237.21,4.6,0.9799999999999999,0,,Thursday,0
525,2023/1/13,Prague_1,18427.57,4.6,0.99,0,,Friday,0
525,2023/1/14,Prague_1,16613.52,4.6,0.96,0,,Saturday,0
525,2023/1/15,Prague_1,13909.980000000001,4.6,0.86,0,,Sunday,0
525,2023/1/16,Prague_1,12950.63,4.6,0.97,0,,Monday,0
525,2023/1/17,Prague_1,12719.91,4.6,0.9799999999999999,0,,Tuesday,0
525,2023/1/18,Prague_1,13341.300000000001,4.6,0.89,0,,Wednesday,0
525,2023/1/19,Prague_1,13953.519999999999,4.6,0.9799999999999999,0,,Thursday,0
525,2023/1/20,Prague_1,16207.100000000002,4.6,0.99,0,,Friday,0
525,2023/1/21,Prague_1,14729.470000000001,4.6,0.86,0,,Saturday,0
525,2023/1/22,Prague_1,8223.74,4.6,0.48999999999999994,0,,Sunday,0
525,2023/1/23,Prague_1,12512.43,4.6,0.82,0,,Monday,0
525,2023/1/24,Prague_1,11941.37,4.6,0.9,0,,Tuesday,0
525,2023/1/25,Prague_1,13140.4,4.6,0.97,0,,Wednesday,0
525,2023/1/26,Prague_1,13911.66,4.6,0.9,0,,Thursday,0
525,2023/1/27,Prague_1,18058.600000000002,4.6,0.9400000000000001,0,,Friday,0
525,2023/1/28,Prague_1,14952,4.6,0.91,0,,Saturday,0
525,2023/1/29,Prague_1,14093.449999999999,4.6,0.92,0,,Sunday,0
525,2023/1/30,Prague_1,11871.44,4.6,0.86,0,,Monday,0
525,2023/1/31,Prague_1,10566.57,4.6,0.86,0,,Tuesday,0
525,2023/2/1,Prague_1,13095.11,4.6,0.92,0,Memorial Day of the Republic,Wednesday,0
525,2023/2/2,Prague_1,13169.730000000001,4.6,0.9799999999999999,0,,Thursday,0
525,2023/2/3,Prague_1,16463.72,4.6,0.85,0,,Friday,0
525,2023/2/4,Prague_1,14755.58,4.6,0.95,0,,Saturday,0
525,2023/2/5,Prague_1,12535.18,4.6,0.9799999999999999,0,,Sunday,0
525,2023/2/6,Prague_1,9938.25,4.6,0.7,0,,Monday,0
525,2023/2/7,Prague_1,9685.41,4.6,0.93,0,,Tuesday,0
525,2023/2/8,Prague_1,10839.64,4.6,0.9799999999999999,0,,Wednesday,0
525,2023/2/9,Prague_1,11399.08,4.6,0.9400000000000001,0,,Thursday,0
525,2023/2/10,Prague_1,14400.259999999998,4.6,0.9400000000000001,0,,Friday,0
525,2023/2/11,Prague_1,13375.529999999999,4.6,0.78,0,,Saturday,0
525,2023/2/12,Prague_1,11853.94,4.6,0.8099999999999999,0,,Sunday,0
525,2023/2/13,Prague_1,10580.85,4.6,0.9,0,,Monday,0
525,2023/2/14,Prague_1,10097.220000000001,4.6,0.88,0,,Tuesday,0
525,2023/2/15,Prague_1,10310.37,4.6,0.89,0,,Wednesday,0
525,2023/2/16,Prague_1,10292.31,4.6,0.82,0,,Thursday,0
525,2023/2/17,Prague_1,13441.75,4.6,0.78,0,,Friday,0
525,2023/2/18,Prague_1,12049.59,4.6,0.7700000000000001,0,,Saturday,0
525,2023/2/19,Prague_1,9634.029999999999,4.6,0.7,0,,Sunday,0
525,2023/2/20,Prague_1,10700.69,4.6,0.86,0,,Monday,0
525,2023/2/21,Prague_1,9336.11,4.6,0.85,0,,Tuesday,0
525,2023/2/22,Prague_1,11144.35,4.6,0.85,0,,Wednesday,0
525,2023/2/23,Prague_1,12192.46,4.6,0.97,0,,Thursday,0
525,2023/2/24,Prague_1,14764.119999999999,4.6,0.83,0,,Friday,0
525,2023/2/25,Prague_1,13594.07,4.6,0.74,0,Memorial Day for the Victims of the Communist Dictatorships,Saturday,0
525,2023/2/26,Prague_1,12213.04,4.6,0.8,0,,Sunday,0
525,2023/2/27,Prague_1,11040.050000000001,4.6,0.89,0,,Monday,0
525,2023/2/28,Prague_1,9766.19,4.6,0.89,0,,Tuesday,0
525,2023/3/1,Prague_1,9632.91,4.6,0.89,0,,Wednesday,0
525,2023/3/2,Prague_1,15254.539999999999,4.6,0.83,0,,Thursday,0
525,2023/3/3,Prague_1,17020.36,4.6,0.9400000000000001,0,,Friday,0
525,2023/3/4,Prague_1,13955.62,4.6,1,0,,Saturday,0
525,2023/3/5,Prague_1,17611.3,4.6,0.82,0,,Sunday,0
525,2023/3/6,Prague_1,11595.99,4.6,0.97,0,,Monday,0
525,2023/3/7,Prague_1,11385.92,4.6,0.92,0,,Tuesday,0
525,2023/3/8,Prague_1,12086.199999999999,4.6,0.95,0,International womens day,Wednesday,0
525,2023/3/9,Prague_1,15438.64,4.6,0.82,0,,Thursday,0
525,2023/3/10,Prague_1,18287.149999999998,4.6,0.9,0,,Friday,0
525,2023/3/11,Prague_1,13768.09,4.6,0.91,0,,Saturday,0
525,2023/3/12,Prague_1,16997.89,4.6,0.71,0,,Sunday,0
525,2023/3/13,Prague_1,13040.230000000001,4.6,0.82,0,,Monday,0
525,2023/3/14,Prague_1,12131.49,4.6,0.7299999999999999,0,,Tuesday,0
525,2023/3/15,Prague_1,11223.449999999999,4.6,0.85,1,Memorial Day for the Victims of the Holocaust,Wednesday,0
525,2023/3/16,Prague_1,12262.74,4.6,0.93,0,,Thursday,0
525,2023/3/17,Prague_1,15513.960000000001,4.6,0.88,0,,Friday,0
525,2023/3/18,Prague_1,13771.449999999999,4.6,0.92,0,,Saturday,0
525,2023/3/19,Prague_1,13361.67,4.6,0.92,0,,Sunday,0
525,2023/3/20,Prague_1,13194.720000000001,4.6,0.82,0,,Monday,0
525,2023/3/21,Prague_1,11410.21,4.6,0.86,0,,Tuesday,0
525,2023/3/22,Prague_1,11996.32,4.6,0.93,0,,Wednesday,0
525,2023/3/23,Prague_1,14073.64,4.6,0.86,0,,Thursday,0
525,2023/3/24,Prague_1,19066.809999999998,4.6,0.79,0,,Friday,0
525,2023/3/25,Prague_1,13314.769999999999,4.6,0.75,0,,Saturday,0
525,2023/3/26,Prague_1,12679.31,4.6,0.91,0,,Sunday,0
525,2023/3/27,Prague_1,10993.36,4.6,0.88,0,,Monday,0
525,2023/3/28,Prague_1,12132.75,4.6,0.8,0,,Tuesday,0
525,2023/3/29,Prague_1,13859.230000000001,4.6,0.84,0,,Wednesday,0
525,2023/3/30,Prague_1,13189.12,4.6,0.91,0,,Thursday,0
525,2023/3/31,Prague_1,18656.61,4.6,0.72,0,,Friday,0
525,2023/4/1,Prague_1,14288.75,4.6,0.84,0,,Saturday,0
525,2023/4/2,Prague_1,12814.13,4.6,0.88,0,,Sunday,0
525,2023/4/3,Prague_1,12166.699999999999,4.6,0.89,0,,Monday,0
525,2023/4/4,Prague_1,13821.779999999999,4.6,0.76,0,,Tuesday,0
525,2023/4/5,Prague_1,13495.16,4.6,0.64,0,,Wednesday,0
525,2023/4/6,Prague_1,22790.600000000002,4.6,0.72,0,,Thursday,0
525,2023/4/7,Prague_1,24082.03,4.6,0.7299999999999999,1,Good Friday,Friday,0
525,2023/4/8,Prague_1,12910.59,4.6,0.8099999999999999,1,,Saturday,0
525,2023/4/9,Prague_1,15935.009999999998,4.6,0.74,1,,Sunday,0
525,2023/4/10,Prague_1,14424.34,4.6,0.79,1,Easter Monday,Monday,0
525,2023/4/11,Prague_1,12711.300000000001,4.6,0.92,0,,Tuesday,0
525,2023/4/12,Prague_1,14078.89,4.6,0.87,0,,Wednesday,0
525,2023/4/13,Prague_1,15506.539999999999,4.6,0.89,0,,Thursday,0
525,2023/4/14,Prague_1,17967.39,4.6,0.96,0,,Friday,0
525,2023/4/15,Prague_1,16917.53,4.6,0.78,0,,Saturday,0
525,2023/4/16,Prague_1,14330.26,4.6,0.87,0,Memorial Day for the Victims of the Holocaust,Sunday,0
525,2023/4/17,Prague_1,12632.269999999999,4.6,0.89,0,,Monday,0
525,2023/4/18,Prague_1,12241.67,4.6,0.89,0,,Tuesday,0
525,2023/4/19,Prague_1,12523.769999999999,4.6,0.88,0,,Wednesday,0
525,2023/4/20,Prague_1,9835.980000000001,4.6,0.9799999999999999,0,,Thursday,1.37928
525,2023/4/21,Prague_1,16829.75,4.6,0.93,0,,Friday,0
525,2023/4/22,Prague_1,15397.199999999999,4.6,0.89,0,,Saturday,0
525,2023/4/23,Prague_1,13268.29,4.6,0.9400000000000001,0,,Sunday,0
525,2023/4/24,Prague_1,10842.44,4.6,0.89,0,,Monday,0
525,2023/4/25,Prague_1,11363.029999999999,4.6,0.96,0,,Tuesday,0
525,2023/4/26,Prague_1,12022.5,4.6,0.89,0,,Wednesday,0
525,2023/4/27,Prague_1,11575.970000000001,4.6,0.9799999999999999,0,,Thursday,0
525,2023/4/28,Prague_1,16728.53,4.6,0.79,0,,Friday,0
525,2023/4/29,Prague_1,15443.960000000001,4.6,0.74,0,,Saturday,0
525,2023/4/30,Prague_1,11717.37,4.6,0.93,0,,Sunday,0
525,2023/5/1,Prague_1,14348.320000000002,4.6,0.76,1,Labour Day,Monday,0
525,2023/5/2,Prague_1,12172.37,4.6,0.84,0,,Tuesday,0
525,2023/5/3,Prague_1,13220.83,4.6,0.76,0,,Wednesday,0
525,2023/5/4,Prague_1,11927.230000000001,4.6,0.96,0,,Thursday,0
525,2023/5/5,Prague_1,17051.649999999998,4.6,0.9,0,,Friday,0
525,2023/5/6,Prague_1,14734.649999999998,4.6,0.65,0,,Saturday,0
525,2023/5/7,Prague_1,10304.699999999999,4.6,0.88,0,,Sunday,0
525,2023/5/8,Prague_1,14036.96,4.6,0.7,1,Den osvobozeni,Monday,0
525,2023/5/9,Prague_1,11801.65,4.6,0.76,0,,Tuesday,0
525,2023/5/10,Prague_1,12848.08,4.6,0.88,0,,Wednesday,0
525,2023/5/11,Prague_1,13204.87,4.6,0.8099999999999999,0,,Thursday,0
525,2023/5/12,Prague_1,15420.509999999998,4.6,0.87,0,,Friday,0
525,2023/5/13,Prague_1,13038.83,4.6,0.9799999999999999,0,,Saturday,0
525,2023/5/14,Prague_1,13839.769999999999,4.6,0.7299999999999999,0,,Sunday,0
525,2023/5/15,Prague_1,11499.74,4.6,0.83,0,,Monday,0
525,2023/5/16,Prague_1,12344.15,4.6,0.75,0,,Tuesday,0
525,2023/5/17,Prague_1,10627.96,4.6,0.91,0,,Wednesday,0
525,2023/5/18,Prague_1,11811.519999999999,4.6,0.82,1,Ascension day,Thursday,0
525,2023/5/19,Prague_1,14452.130000000001,4.6,0.83,0,,Friday,0
525,2023/5/20,Prague_1,12764.43,4.6,0.86,0,,Saturday,0
525,2023/5/21,Prague_1,12265.4,4.6,0.85,0,National Defense Day,Sunday,0
525,2023/5/22,Prague_1,11236.470000000001,4.6,0.89,0,,Monday,0
525,2023/5/23,Prague_1,9681.91,4.6,0.91,0,,Tuesday,0
525,2023/5/24,Prague_1,10152.59,4.6,0.92,0,,Wednesday,0
525,2023/5/25,Prague_1,12468.26,4.6,0.92,0,,Thursday,0
525,2023/5/26,Prague_1,15451.59,4.6,0.9799999999999999,0,,Friday,0
525,2023/5/27,Prague_1,12882.87,4.6,0.97,0,,Saturday,0
525,2023/5/28,Prague_1,11639.81,4.6,0.88,1,Whit sunday,Sunday,0
525,2023/5/29,Prague_1,11166.470000000001,4.6,0.95,1,Whit monday,Monday,0
525,2023/5/30,Prague_1,10884.86,4.6,0.91,0,,Tuesday,0
525,2023/5/31,Prague_1,10967.46,4.6,0.84,0,,Wednesday,0
525,2023/6/1,Prague_1,6063.19,4.6,0.95,0,,Thursday,0
525,2023/6/2,Prague_1,10795.470000000001,4.6,0.95,0,,Friday,0
525,2023/6/3,Prague_1,9524.34,4.6,0.86,0,,Saturday,0
525,2023/6/4,Prague_1,10437.980000000001,4.6,0.71,0,Day of National Unity,Sunday,0
525,2023/6/5,Prague_1,11399.85,4.6,0.79,0,,Monday,0
525,2023/6/6,Prague_1,9400.93,4.6,0.79,0,,Tuesday,0
525,2023/6/7,Prague_1,7693.139999999999,4.6,0.86,0,,Wednesday,0
525,2023/6/8,Prague_1,10983.63,4.6,0.78,1,Corpus Christi,Thursday,0
525,2023/6/9,Prague_1,13304.69,4.6,0.8099999999999999,0,,Friday,0
525,2023/6/10,Prague_1,10436.58,4.6,0.75,0,,Saturday,0
525,2023/6/11,Prague_1,9087.89,4.6,0.75,0,,Sunday,0
525,2023/6/12,Prague_1,10706.71,4.6,0.82,0,,Monday,0
525,2023/6/13,Prague_1,7656.110000000001,4.6,0.9400000000000001,0,,Tuesday,0
525,2023/6/14,Prague_1,7673.47,4.6,0.7700000000000001,0,,Wednesday,0
525,2023/6/15,Prague_1,9128.21,4.6,0.82,0,,Thursday,0
525,2023/6/16,Prague_1,12827.85,4.6,0.82,0,,Friday,0
525,2023/6/17,Prague_1,10022.18,4.6,0.75,0,,Saturday,0
525,2023/6/18,Prague_1,12574.87,4.6,0.71,0,,Sunday,0
525,2023/6/19,Prague_1,11041.730000000001,4.6,0.66,0,Independent Hungary Day,Monday,0
525,2023/6/20,Prague_1,9041.62,4.6,0.82,0,,Tuesday,0
525,2023/6/21,Prague_1,8332.800000000001,4.6,0.8099999999999999,0,,Wednesday,0
525,2023/6/22,Prague_1,9198.699999999999,4.6,0.87,0,,Thursday,0
525,2023/6/23,Prague_1,11997.58,4.6,0.87,0,,Friday,0
525,2023/6/24,Prague_1,9611.63,4.6,0.83,0,,Saturday,0
525,2023/6/25,Prague_1,10275.79,4.6,0.79,0,,Sunday,0
525,2023/6/26,Prague_1,7719.110000000001,4.6,0.85,0,,Monday,0
525,2023/6/27,Prague_1,8310.68,4.6,0.93,0,,Tuesday,0
525,2023/6/28,Prague_1,8099.07,4.6,0.97,0,,Wednesday,0
525,2023/6/29,Prague_1,8079.82,4.6,1,0,,Thursday,0
525,2023/6/30,Prague_1,12428.01,4.6,0.87,0,,Friday,0
525,2023/7/1,Prague_1,10186.96,4.6,0.67,0,,Saturday,0
525,2023/7/2,Prague_1,7090.02,4.6,0.93,0,,Sunday,0
525,2023/7/3,Prague_1,6220.97,4.6,1,0,,Monday,0
525,2023/7/4,Prague_1,8775.13,4.6,0.88,0,,Tuesday,0
525,2023/7/5,Prague_1,8360.59,4.6,0.84,1,Cyrila a Metodej,Wednesday,0
525,2023/7/6,Prague_1,6847.400000000001,4.6,1,1,Jan Hus,Thursday,0
525,2023/7/7,Prague_1,7654.08,4.6,1,0,,Friday,0
525,2023/7/8,Prague_1,8810.62,4.6,0.8099999999999999,0,,Saturday,0
525,2023/7/9,Prague_1,7365.68,4.6,0.7700000000000001,0,,Sunday,0
525,2023/7/10,Prague_1,9887.220000000001,4.6,0.76,0,,Monday,0
525,2023/7/11,Prague_1,7859.46,4.6,0.88,0,,Tuesday,0
525,2023/7/12,Prague_1,7048.02,4.6,0.9400000000000001,0,,Wednesday,0
525,2023/7/13,Prague_1,8002.33,4.6,0.95,0,,Thursday,0
525,2023/7/14,Prague_1,10495.24,4.6,0.85,0,,Friday,0
525,2023/7/15,Prague_1,9074.38,4.6,0.71,0,,Saturday,0
525,2023/7/16,Prague_1,9652.230000000001,4.6,0.79,0,,Sunday,0
525,2023/7/17,Prague_1,6514.27,4.6,0.9799999999999999,0,,Monday,0
525,2023/7/18,Prague_1,6486.62,4.6,1,0,,Tuesday,0
525,2023/7/19,Prague_1,8303.26,4.6,1,0,,Wednesday,0
525,2023/7/20,Prague_1,8019.900000000001,4.6,1,0,,Thursday,0
525,2023/7/21,Prague_1,9068.08,4.6,0.96,0,,Friday,0
525,2023/7/22,Prague_1,9257.15,4.6,0.83,0,,Saturday,0
525,2023/7/23,Prague_1,8562.33,4.6,0.87,0,,Sunday,0
525,2023/7/24,Prague_1,7281.75,4.6,0.89,0,,Monday,0
525,2023/7/25,Prague_1,7707.910000000001,4.6,0.86,0,,Tuesday,0
525,2023/7/26,Prague_1,7648.97,4.6,0.91,0,,Wednesday,0
525,2023/7/27,Prague_1,6677.509999999999,4.6,1,0,,Thursday,0
525,2023/7/28,Prague_1,9891,4.6,0.86,0,,Friday,0
525,2023/7/29,Prague_1,10277.12,4.6,0.65,0,,Saturday,0
525,2023/7/30,Prague_1,8151.92,4.6,0.91,0,,Sunday,0
525,2023/7/31,Prague_1,8209.6,4.6,1,0,,Monday,0
525,2023/8/1,Prague_1,8113.629999999999,4.6,0.9400000000000001,0,,Tuesday,0
525,2023/8/2,Prague_1,6072.009999999999,4.6,0.95,0,,Wednesday,0
525,2023/8/3,Prague_1,8049.79,4.6,1,0,,Thursday,0
525,2023/8/4,Prague_1,9465.96,4.6,1,0,,Friday,0
525,2023/8/5,Prague_1,8496.32,4.6,0.83,0,,Saturday,0
525,2023/8/6,Prague_1,7491.26,4.6,1,0,,Sunday,0
525,2023/8/7,Prague_1,8573.25,4.6,0.95,0,,Monday,0
525,2023/8/8,Prague_1,7510.089999999999,4.6,1,1,Peace Festival in Augsburg,Tuesday,0
525,2023/8/9,Prague_1,7838.8099999999995,4.6,0.87,0,,Wednesday,0
525,2023/8/10,Prague_1,7289.5199999999995,4.6,1,0,,Thursday,0
525,2023/8/11,Prague_1,9492.14,4.6,1,0,,Friday,0
525,2023/8/12,Prague_1,8462.58,4.6,0.52,0,,Saturday,0
525,2023/8/13,Prague_1,7905.7300000000005,4.6,1,0,,Sunday,0
525,2023/8/14,Prague_1,7441.349999999999,4.6,1,0,,Monday,0
525,2023/8/15,Prague_1,7387.660000000001,4.6,1,1,Assumption of the Virgin Mary,Tuesday,0
525,2023/8/16,Prague_1,7618.800000000001,4.6,1,0,,Wednesday,0
525,2023/8/17,Prague_1,8912.75,4.6,1,0,,Thursday,0
525,2023/8/18,Prague_1,10662.96,4.6,1,0,,Friday,0
525,2023/8/19,Prague_1,10186.050000000001,4.6,1,0,,Saturday,0
525,2023/8/20,Prague_1,8946.49,4.6,1,1,State Foundation Day,Sunday,0
525,2023/8/21,Prague_1,8782.41,4.6,1,0,,Monday,0
525,2023/8/22,Prague_1,8126.0199999999995,4.6,1,0,,Tuesday,0
525,2023/8/23,Prague_1,7769.860000000001,4.6,1,0,,Wednesday,0
525,2023/8/24,Prague_1,9717.470000000001,4.6,1,0,,Thursday,0
525,2023/8/25,Prague_1,11072.529999999999,4.6,1,0,,Friday,0
525,2023/8/26,Prague_1,10087.21,4.6,1,0,,Saturday,0
525,2023/8/27,Prague_1,9680.019999999999,4.6,1,0,,Sunday,0
525,2023/8/28,Prague_1,9046.66,4.6,1,0,,Monday,0
525,2023/8/29,Prague_1,9116.17,4.6,1,0,,Tuesday,0
525,2023/8/30,Prague_1,9483.81,4.6,0.93,0,,Wednesday,0
525,2023/8/31,Prague_1,8564.64,4.6,1,0,,Thursday,0
525,2023/9/1,Prague_1,11540.199999999999,4.6,1,0,,Friday,0
525,2023/9/2,Prague_1,9977.66,4.6,1,0,,Saturday,0
525,2023/9/3,Prague_1,11628.19,4.6,1,0,,Sunday,0
525,2023/9/4,Prague_1,8973.230000000001,4.6,1,0,,Monday,0
525,2023/9/5,Prague_1,8926.75,4.6,1,0,,Tuesday,0
525,2023/9/6,Prague_1,8671.6,4.6,1,0,,Wednesday,0
525,2023/9/7,Prague_1,9261.56,4.6,1,0,,Thursday,0
525,2023/9/8,Prague_1,12050.15,4.6,0.9400000000000001,0,,Friday,0
525,2023/9/9,Prague_1,8759.66,4.6,1,0,,Saturday,0
525,2023/9/10,Prague_1,9714.46,4.6,1,0,,Sunday,0
525,2023/9/11,Prague_1,9664.550000000001,4.6,1,0,,Monday,0
525,2023/9/12,Prague_1,8060.99,4.6,1,0,,Tuesday,0
525,2023/9/13,Prague_1,10685.01,4.6,0.91,0,,Wednesday,0
525,2023/9/14,Prague_1,7160.509999999999,4.6,1,0,,Thursday,0
525,2023/9/15,Prague_1,12873.42,4.6,1,0,,Friday,0
525,2023/9/16,Prague_1,8626.519999999999,4.6,1,0,,Saturday,0
525,2023/9/17,Prague_1,11367.93,4.6,1,0,,Sunday,0
525,2023/9/18,Prague_1,9717.82,4.6,1,0,,Monday,0
525,2023/9/19,Prague_1,9536.800000000001,4.6,1,0,,Tuesday,0
525,2023/9/20,Prague_1,9475.41,4.6,1,0,,Wednesday,0
525,2023/9/21,Prague_1,9686.6,4.6,1,0,,Thursday,0
525,2023/9/22,Prague_1,11049.85,4.6,1,0,,Friday,0
525,2023/9/23,Prague_1,10882.76,4.6,1,0,,Saturday,0
525,2023/9/24,Prague_1,10412.36,4.6,1,0,,Sunday,0
525,2023/9/25,Prague_1,10164.91,4.6,1,0,,Monday,0
525,2023/9/26,Prague_1,9089.01,4.6,1,0,,Tuesday,0
525,2023/9/27,Prague_1,10380.79,4.6,1,0,,Wednesday,0
525,2023/9/28,Prague_1,14329.21,4.6,1,1,Den ceske statnosti,Thursday,0
525,2023/9/29,Prague_1,11062.31,4.6,1,0,,Friday,0
525,2023/9/30,Prague_1,9272.06,4.6,1,0,,Saturday,0
525,2023/10/1,Prague_1,9645.51,4.6,1,0,,Sunday,0
525,2023/10/2,Prague_1,9095.029999999999,4.6,1,0,,Monday,0
525,2023/10/3,Prague_1,10358.529999999999,4.6,1,1,German Unity Day,Tuesday,0
525,2023/10/4,Prague_1,9294.67,4.6,1,0,,Wednesday,0
525,2023/10/5,Prague_1,10175.69,4.6,1,0,,Thursday,0
525,2023/10/6,Prague_1,13791.75,4.6,1,0,Memorial Day for the Martyrs of Arad,Friday,0
525,2023/10/7,Prague_1,10233.230000000001,4.6,1,0,,Saturday,0
525,2023/10/8,Prague_1,10901.38,4.6,1,0,,Sunday,0
525,2023/10/9,Prague_1,9933.699999999999,4.6,1,0,,Monday,0
525,2023/10/10,Prague_1,9425.08,4.6,1,0,,Tuesday,0
525,2023/10/11,Prague_1,9804.269999999999,4.6,1,0,,Wednesday,0
525,2023/10/12,Prague_1,9720.550000000001,4.6,1,0,,Thursday,0
525,2023/10/13,Prague_1,13296.71,4.6,1,0,,Friday,0
525,2023/10/14,Prague_1,12223.68,4.6,1,0,,Saturday,0
525,2023/10/15,Prague_1,9485.980000000001,4.6,1,0,,Sunday,0
525,2023/10/16,Prague_1,10806.25,4.6,1,0,,Monday,0
525,2023/10/17,Prague_1,10126.06,4.6,1,0,,Tuesday,0
525,2023/10/18,Prague_1,9950.08,4.6,1,0,,Wednesday,0
525,2023/10/19,Prague_1,10173.800000000001,4.6,1,0,,Thursday,0
525,2023/10/20,Prague_1,15149.61,4.6,1,0,,Friday,0
525,2023/10/21,Prague_1,13533.87,4.6,0.9799999999999999,0,,Saturday,0
525,2023/10/22,Prague_1,11012.61,4.6,1,0,,Sunday,0
525,2023/10/23,Prague_1,8690.92,4.6,1,1,Memorial day of the 1956 Revolution,Monday,0
525,2023/10/24,Prague_1,9720.970000000001,4.6,1,0,,Tuesday,0
525,2023/10/25,Prague_1,8795.01,4.6,1,0,,Wednesday,0
525,2023/10/26,Prague_1,10974.67,4.6,1,0,,Thursday,0
525,2023/10/27,Prague_1,12940.199999999999,4.6,1,0,,Friday,0
525,2023/10/28,Prague_1,14696.36,4.6,1,1,Den vzniku samostatneho ceskoslovenskeho statu,Saturday,0
525,2023/10/29,Prague_1,13908.09,4.6,1,0,,Sunday,0
525,2023/10/30,Prague_1,10734.64,4.6,1,0,,Monday,0
525,2023/10/31,Prague_1,9716.91,4.6,1,1,Reformation Day,Tuesday,0
525,2023/11/1,Prague_1,8976.87,4.6,1,1,All Saints Day,Wednesday,0
525,2023/11/2,Prague_1,12598.11,4.6,1,0,,Thursday,1.14282
525,2023/11/3,Prague_1,15538.949999999999,4.6,0.78,0,,Friday,1.14282
525,2023/11/4,Prague_1,13909.63,4.6,0.97,0,,Saturday,1.14282
525,2023/11/5,Prague_1,14791.91,4.6,1,0,,Sunday,1.14282
525,2023/11/6,Prague_1,13679.75,4.6,1,0,,Monday,1.14282
525,2023/11/7,Prague_1,12722.85,4.6,1,0,,Tuesday,1.14282
525,2023/11/8,Prague_1,13909.21,4.6,1,0,,Wednesday,1.14282
525,2023/11/9,Prague_1,14204.75,4.6,1,0,,Thursday,1.14282
525,2023/11/10,Prague_1,21952.350000000002,4.6,0.91,0,,Friday,1.14282
525,2023/11/11,Prague_1,20118.7,4.6,0.84,0,,Saturday,1.14282
525,2023/11/12,Prague_1,14664.509999999998,4.6,0.9,0,,Sunday,1.14282
525,2023/11/13,Prague_1,12497.59,4.6,1,0,,Monday,1.14282
525,2023/11/14,Prague_1,14302.470000000001,4.6,1,0,,Tuesday,1.14282
525,2023/11/15,Prague_1,15141.84,4.6,1,0,,Wednesday,1.14282
525,2023/11/16,Prague_1,21904.12,4.6,1,0,,Thursday,1.14282
525,2023/11/17,Prague_1,22105.93,4.6,0.88,1,Den boje za svobodu a demokracii,Friday,1.14282
525,2023/11/18,Prague_1,11812.71,4.6,1,0,,Saturday,1.14282
525,2023/11/19,Prague_1,18776.24,4.6,0.9,0,,Sunday,1.14282
525,2023/11/20,Prague_1,12321.19,4.6,1,0,,Monday,1.14282
525,2023/11/21,Prague_1,12330.64,4.6,1,0,,Tuesday,1.14282
525,2023/11/22,Prague_1,16776.34,4.6,0.82,0,,Wednesday,1.14282
525,2023/11/23,Prague_1,15224.09,4.6,1,0,,Thursday,1.14282
525,2023/11/24,Prague_1,22715.28,4.6,0.8099999999999999,0,,Friday,1.14282
525,2023/11/25,Prague_1,16114.070000000002,4.6,0.89,0,,Saturday,1.14282
525,2023/11/26,Prague_1,14978.039999999999,4.6,0.9400000000000001,0,,Sunday,1.14282
525,2023/11/27,Prague_1,17724.7,4.6,0.85,0,,Monday,1.14282
525,2023/11/28,Prague_1,19973.24,4.6,0.78,0,,Tuesday,1.14282
525,2023/11/29,Prague_1,23340.59,4.6,0.78,0,,Wednesday,1.14282
525,2023/11/30,Prague_1,20818.84,4.6,0.86,0,,Thursday,1.14282
525,2023/12/1,Prague_1,22438.22,4.6,0.9799999999999999,0,,Friday,1.14282
525,2023/12/2,Prague_1,21187.53,4.6,0.99,0,,Saturday,1.14282
525,2023/12/3,Prague_1,18627.84,4.6,1,0,,Sunday,1.14282
525,2023/12/4,Prague_1,26396.3,4.6,0.86,0,,Monday,1.14282
525,2023/12/5,Prague_1,23975.28,4.6,1,0,,Tuesday,1.14282
525,2023/12/6,Prague_1,19460.63,4.6,1,0,,Wednesday,1.14282
525,2023/12/7,Prague_1,24789.309999999998,4.6,1,0,,Thursday,1.14282
525,2023/12/8,Prague_1,27293.63,4.6,0.99,0,,Friday,1.14282
525,2023/12/9,Prague_1,21832.86,4.6,1,0,,Saturday,1.14282
525,2023/12/10,Prague_1,24111.149999999998,4.6,0.96,0,,Sunday,1.14282
525,2023/12/11,Prague_1,19682.67,4.6,1,0,,Monday,1.14282
525,2023/12/12,Prague_1,23448.809999999998,4.6,1,0,,Tuesday,1.14282
525,2023/12/13,Prague_1,21582.82,4.6,1,0,,Wednesday,1.14282
525,2023/12/14,Prague_1,23963.59,4.6,1,0,,Thursday,1.14282
525,2023/12/15,Prague_1,24689.77,4.6,0.6900000000000001,0,,Friday,1.14282
525,2023/12/16,Prague_1,23241.89,4.6,0.89,0,,Saturday,1.14282
525,2023/12/17,Prague_1,19760.93,4.6,1,0,,Sunday,1.14282
525,2023/12/18,Prague_1,17414.95,4.6,0.86,0,,Monday,1.14282
525,2023/12/19,Prague_1,17999.17,4.6,0.57,0,,Tuesday,0.12067999999999998
525,2023/12/20,Prague_1,15123.5,4.6,0.79,0,,Wednesday,1.14289
525,2023/12/21,Prague_1,15756.369999999999,4.6,0.61,0,,Thursday,1.14289
525,2023/12/22,Prague_1,26357.940000000002,4.6,0.71,0,,Friday,1.14289
525,2023/12/23,Prague_1,29394.399999999998,4.6,0.66,0,,Saturday,1.14289
525,2023/12/24,Prague_1,14843.92,4.6,0.85,1,Christmas Eve,Sunday,1.14289
525,2023/12/26,Prague_1,18798.36,4.6,1,1,2nd Christmas Day,Tuesday,1.14289
525,2023/12/27,Prague_1,14218.050000000001,4.6,0.46,0,,Wednesday,1.14289
525,2023/12/28,Prague_1,12460.84,4.6,0.8099999999999999,0,,Thursday,1.14289
525,2023/12/29,Prague_1,17242.26,4.6,0.6,0,,Friday,1.14289
525,2023/12/30,Prague_1,18940.95,4.6,1,0,,Saturday,1.14289
525,2023/12/31,Prague_1,14442.33,4.6,0.93,0,,Sunday,1.14289
525,2024/1/1,Prague_1,6410.53,4.42,0.33,1,New Years Day,Monday,0
525,2024/1/2,Prague_1,18573.38,4.42,1,0,,Tuesday,0
525,2024/1/3,Prague_1,10638.39,4.42,0.96,0,,Wednesday,0
525,2024/1/4,Prague_1,12601.89,4.42,0.99,0,,Thursday,0
525,2024/1/5,Prague_1,8463.42,4.42,1,0,,Friday,0
525,2024/1/6,Prague_1,14763.490000000002,4.42,0.66,1,Epiphany,Saturday,0
525,2024/1/7,Prague_1,11319.699999999999,4.42,1,0,,Sunday,0
525,2024/1/8,Prague_1,11012.82,4.42,0.9799999999999999,0,,Monday,0
525,2024/1/9,Prague_1,16527.91,4.42,1,0,,Tuesday,0
525,2024/1/10,Prague_1,11084.43,4.42,0.9400000000000001,0,,Wednesday,0
525,2024/1/11,Prague_1,14951.649999999998,4.51,0.84,0,,Thursday,0
525,2024/1/12,Prague_1,14582.820000000002,4.51,0.99,0,,Friday,0
525,2024/1/13,Prague_1,13664.07,4.51,1,0,,Saturday,0
525,2024/1/14,Prague_1,12621.769999999999,4.51,1,0,,Sunday,0
525,2024/1/15,Prague_1,12731.04,4.51,0.85,0,,Monday,0
525,2024/1/16,Prague_1,12391.75,4.51,1,0,,Tuesday,0
525,2024/1/17,Prague_1,10974.88,4.51,0.95,0,,Wednesday,0
525,2024/1/18,Prague_1,13168.12,4.51,1,0,,Thursday,0
525,2024/1/19,Prague_1,16541.07,4.51,0.86,0,,Friday,0
525,2024/1/20,Prague_1,13877.71,4.51,1,0,,Saturday,0
525,2024/1/21,Prague_1,13265.07,4.51,1,0,,Sunday,0
525,2024/1/22,Prague_1,12909.050000000001,4.51,1,0,,Monday,0
525,2024/1/23,Prague_1,12974.57,4.51,1,0,,Tuesday,0
525,2024/1/24,Prague_1,11711.56,4.51,1,0,,Wednesday,0
525,2024/1/25,Prague_1,13313.230000000001,4.51,0.99,0,,Thursday,0
525,2024/1/26,Prague_1,14110.18,4.51,0.9400000000000001,0,,Friday,0
525,2024/1/27,Prague_1,12413.730000000001,4.51,1,0,,Saturday,0
525,2024/1/28,Prague_1,12062.54,4.51,0.9,0,,Sunday,0
525,2024/1/29,Prague_1,11253.9,4.51,1,0,,Monday,0
525,2024/1/30,Prague_1,8523.34,4.51,0.91,0,,Tuesday,0
525,2024/1/31,Prague_1,11450.25,4.51,0.8,0,,Wednesday,0
525,2024/2/1,Prague_1,14554.259999999998,4.51,0.89,0,Memorial Day of the Republic,Thursday,0
525,2024/2/2,Prague_1,16238.880000000001,4.51,0.85,0,,Friday,0
525,2024/2/3,Prague_1,14184.730000000001,4.51,0.8,0,,Saturday,0
525,2024/2/4,Prague_1,12438.720000000001,4.51,1,0,,Sunday,0
525,2024/2/5,Prague_1,11972.449999999999,4.51,0.97,0,,Monday,0
525,2024/2/6,Prague_1,11990.58,4.51,0.86,0,,Tuesday,0
525,2024/2/7,Prague_1,10248,4.51,1,0,,Wednesday,0
525,2024/2/8,Prague_1,14002.66,4.51,0.91,0,,Thursday,0
525,2024/2/9,Prague_1,16701.440000000002,4.51,0.88,0,,Friday,0
525,2024/2/10,Prague_1,11928.63,4.51,1,0,,Saturday,0
525,2024/2/11,Prague_1,11775.75,4.51,1,0,,Sunday,0
525,2024/2/12,Prague_1,11815.300000000001,4.51,0.93,0,,Monday,0
525,2024/2/13,Prague_1,11582.06,4.51,1,0,,Tuesday,0
525,2024/2/14,Prague_1,11883.06,4.51,1,0,,Wednesday,0
525,2024/2/15,Prague_1,8874.39,4.51,1,0,,Thursday,0
525,2024/2/16,Prague_1,17201.45,4.51,0.82,0,,Friday,0
525,2024/2/17,Prague_1,14174.58,4.51,0.93,0,,Saturday,0
525,2024/2/18,Prague_1,11912.04,4.51,1,0,,Sunday,0
525,2024/2/19,Prague_1,11290.58,4.51,1,0,,Monday,0
525,2024/2/20,Prague_1,11134.13,4.51,1,0,,Tuesday,0
525,2024/2/21,Prague_1,11019.19,4.51,0.9400000000000001,0,,Wednesday,0
525,2024/2/22,Prague_1,11796.26,4.51,0.99,0,,Thursday,0
525,2024/2/23,Prague_1,14926.029999999999,4.51,0.91,0,,Friday,0
525,2024/2/24,Prague_1,12736.29,4.51,0.97,0,,Saturday,0
525,2024/2/25,Prague_1,12024.6,4.51,0.9400000000000001,0,Memorial Day for the Victims of the Communist Dictatorships,Sunday,0
525,2024/2/26,Prague_1,10744.230000000001,4.51,1,0,,Monday,0
525,2024/2/27,Prague_1,11282.74,4.51,1,0,,Tuesday,0
525,2024/2/28,Prague_1,11421.76,4.51,1,0,,Wednesday,0
525,2024/2/29,Prague_1,9481.220000000001,4.51,1,0,,Thursday,0
525,2024/3/1,Prague_1,15925.56,4.51,0.79,0,,Friday,0
525,2024/3/2,Prague_1,11162.62,4.51,1,0,,Saturday,0
525,2024/3/3,Prague_1,10996.37,4.51,0.84,0,,Sunday,0
525,2024/3/4,Prague_1,11045.93,4.51,1,0,,Monday,0
525,2024/3/5,Prague_1,10713.779999999999,4.51,1,0,,Tuesday,0
525,2024/3/6,Prague_1,11355.050000000001,4.51,0.99,0,,Wednesday,0
525,2024/3/7,Prague_1,10750.6,4.51,1,0,,Thursday,0
525,2024/3/8,Prague_1,16222.220000000001,4.51,0.84,0,International womens day,Friday,0
525,2024/3/9,Prague_1,13586.300000000001,4.51,0.85,0,,Saturday,0
525,2024/3/10,Prague_1,11866.470000000001,4.51,1,0,,Sunday,0
525,2024/3/11,Prague_1,11872,4.51,0.87,0,,Monday,0
525,2024/3/12,Prague_1,12436.970000000001,4.51,0.95,0,,Tuesday,0
525,2024/3/13,Prague_1,12225.5,4.51,1,0,,Wednesday,0
525,2024/3/14,Prague_1,11695.46,4.51,1,0,,Thursday,0
525,2024/3/15,Prague_1,15197.91,4.51,0.9799999999999999,1,Memorial Day for the Victims of the Holocaust,Friday,0
525,2024/3/16,Prague_1,10181.29,4.51,1,0,,Saturday,0
525,2024/3/17,Prague_1,11654.230000000001,4.51,0.96,0,,Sunday,0
525,2024/3/18,Prague_1,11652.970000000001,4.51,1,0,,Monday,0
525,2024/3/19,Prague_1,12057.5,4.51,0.9,0,,Tuesday,0
525,2024/3/20,Prague_1,10092.39,4.51,1,0,,Wednesday,0
525,2024/3/21,Prague_1,11782.12,4.51,1,0,,Thursday,0
525,2024/3/22,Prague_1,15550.92,4.51,0.95,0,,Friday,0
525,2024/3/23,Prague_1,11475.87,4.51,1,0,,Saturday,0
525,2024/3/24,Prague_1,12422.480000000001,4.51,0.91,0,,Sunday,0
525,2024/3/25,Prague_1,12567.94,4.51,0.97,0,,Monday,0
525,2024/3/26,Prague_1,10944.15,4.51,1,0,,Tuesday,0
525,2024/3/27,Prague_1,12409.88,4.51,0.93,0,,Wednesday,0
525,2024/3/28,Prague_1,20457.149999999998,4.51,0.84,0,,Thursday,0
525,2024/3/29,Prague_1,18226.18,4.51,0.84,1,Good Friday,Friday,0
525,2024/3/30,Prague_1,14732.27,4.51,0.56,1,,Saturday,0
525,2024/3/31,Prague_1,14293.44,4.51,0.65,1,,Sunday,0
525,2024/4/1,Prague_1,14201.949999999999,4.51,1,1,Easter Monday,Monday,0
525,2024/4/2,Prague_1,13943.93,4.51,0.58,0,,Tuesday,0
525,2024/4/3,Prague_1,10685.29,4.51,1,0,,Wednesday,0
525,2024/4/4,Prague_1,11059.019999999999,4.51,1,0,,Thursday,0
525,2024/4/5,Prague_1,16007.11,4.51,0.91,0,,Friday,0
525,2024/4/6,Prague_1,12579.56,4.51,0.71,0,,Saturday,0
525,2024/4/7,Prague_1,11504.57,4.51,0.9400000000000001,0,,Sunday,0
525,2024/4/8,Prague_1,10622.43,4.51,1,0,,Monday,0
525,2024/4/9,Prague_1,11314.730000000001,4.51,0.89,0,,Tuesday,0
525,2024/4/10,Prague_1,11075.61,4.51,0.89,0,,Wednesday,0
525,2024/4/11,Prague_1,11104.800000000001,4.51,1,0,,Thursday,0
525,2024/4/12,Prague_1,15786.470000000001,4.51,0.93,0,,Friday,0
525,2024/4/13,Prague_1,11670.12,4.51,0.95,0,,Saturday,0
525,2024/4/14,Prague_1,10749.480000000001,4.51,0.96,0,,Sunday,0
525,2024/4/15,Prague_1,11284.42,4.51,1,0,,Monday,0
525,2024/4/16,Prague_1,14120.4,4.51,0.74,0,Memorial Day for the Victims of the Holocaust,Tuesday,0
525,2024/4/17,Prague_1,10474.59,4.51,0.97,0,,Wednesday,0
525,2024/4/18,Prague_1,11242.769999999999,4.51,1,0,,Thursday,0
525,2024/4/19,Prague_1,16724.61,4.51,1,0,,Friday,0
525,2024/4/20,Prague_1,13379.029999999999,4.51,0.93,0,,Saturday,0
525,2024/4/21,Prague_1,12659.71,4.51,0.9400000000000001,0,,Sunday,0
525,2024/4/22,Prague_1,9646.769999999999,4.51,1,0,,Monday,0
525,2024/4/23,Prague_1,11617.76,4.51,1,0,,Tuesday,0
525,2024/4/24,Prague_1,10430.07,4.51,1,0,,Wednesday,0
525,2024/4/25,Prague_1,11808.019999999999,4.51,0.96,0,,Thursday,0
525,2024/4/26,Prague_1,15400.630000000001,4.51,1,0,,Friday,0
525,2024/4/27,Prague_1,13086.29,4.51,0.95,0,,Saturday,0
525,2024/4/28,Prague_1,12786.83,4.51,0.96,0,,Sunday,0
525,2024/4/29,Prague_1,12827.220000000001,4.51,0.76,0,,Monday,0
525,2024/4/30,Prague_1,14090.51,4.51,0.95,0,,Tuesday,0
525,2024/5/1,Prague_1,16498.649999999998,4.51,0.75,1,Labour Day,Wednesday,0
525,2024/5/2,Prague_1,10736.6,4.51,1,0,,Thursday,0
525,2024/5/3,Prague_1,14001.26,4.51,1,0,,Friday,0
525,2024/5/4,Prague_1,12547.29,4.51,1,0,,Saturday,0
525,2024/5/5,Prague_1,13197.519999999999,4.51,1,0,,Sunday,0
525,2024/5/6,Prague_1,14465.850000000002,4.51,1,0,,Monday,0
525,2024/5/7,Prague_1,16448.67,4.51,0.86,0,,Tuesday,0
525,2024/5/8,Prague_1,21583.87,4.51,0.83,1,Den osvobozeni,Wednesday,0
525,2024/5/9,Prague_1,10824.24,4.51,1,1,Ascension day,Thursday,0
525,2024/5/10,Prague_1,14182.699999999999,4.51,1,0,,Friday,0
525,2024/5/11,Prague_1,12842.13,4.51,0.91,0,,Saturday,0
525,2024/5/12,Prague_1,13359.36,4.51,0.9,0,,Sunday,0
525,2024/5/13,Prague_1,12596.43,4.51,1,0,,Monday,0
525,2024/5/14,Prague_1,11489.94,4.51,0.99,0,,Tuesday,0
525,2024/5/15,Prague_1,12582.5,4.51,0.62,0,,Wednesday,0
525,2024/5/16,Prague_1,12037.69,4.51,1,0,,Thursday,0
525,2024/5/17,Prague_1,15328.39,4.51,0.96,0,,Friday,0
525,2024/5/18,Prague_1,12800.269999999999,4.51,1,0,,Saturday,0
525,2024/5/19,Prague_1,10965.99,4.51,1,1,Whit sunday,Sunday,0
525,2024/5/20,Prague_1,10032.54,4.51,1,1,Whit monday,Monday,0
525,2024/5/21,Prague_1,12547.64,4.51,0.86,0,National Defense Day,Tuesday,0
525,2024/5/22,Prague_1,9757.09,4.51,1,0,,Wednesday,0
525,2024/5/23,Prague_1,10419.57,4.51,0.9,0,,Thursday,0
525,2024/5/24,Prague_1,12331.480000000001,4.51,0.88,0,,Friday,0
525,2024/5/25,Prague_1,12847.94,4.51,0.99,0,,Saturday,0
525,2024/5/26,Prague_1,11445.21,4.51,1,0,,Sunday,0
525,2024/5/27,Prague_1,10899.42,4.51,1,0,,Monday,0
525,2024/5/28,Prague_1,11347.21,4.51,1,0,,Tuesday,0
525,2024/5/29,Prague_1,10645.949999999999,4.51,1,0,,Wednesday,0
525,2024/5/30,Prague_1,9368.87,4.51,0.9,1,Corpus Christi,Thursday,0
525,2024/5/31,Prague_1,13293.699999999999,4.51,1,0,,Friday,0
525,2024/6/1,Prague_1,11616.99,4.51,0.9799999999999999,0,,Saturday,0
525,2024/6/2,Prague_1,10915.94,4.51,0.9,0,,Sunday,0
652,2020/8/1,Prague_1,15758.820000000002,20.74,1,0,,Saturday,2.64152
652,2020/8/2,Prague_1,18292.12,20.74,1,0,,Sunday,2.64152
652,2020/8/3,Prague_1,11523.470000000001,20.74,1,0,,Monday,0
652,2020/8/4,Prague_1,8766.94,20.74,1,0,,Tuesday,0
652,2020/8/5,Prague_1,10247.019999999999,20.74,1,0,,Wednesday,0
652,2020/8/6,Prague_1,12084.029999999999,20.74,1,0,,Thursday,0
652,2020/8/7,Prague_1,13313.019999999999,20.74,0.8099999999999999,0,,Friday,0
652,2020/8/8,Prague_1,21210.07,20.74,0.48999999999999994,1,Peace Festival in Augsburg,Saturday,0
652,2020/8/9,Prague_1,12590.13,20.74,1,0,,Sunday,0
652,2020/8/10,Prague_1,19094.460000000003,20.74,1,0,,Monday,2.64152
652,2020/8/11,Prague_1,18426.87,20.74,1,0,,Tuesday,2.64152
652,2020/8/12,Prague_1,17620.12,20.74,1,0,,Wednesday,2.64152
652,2020/8/13,Prague_1,19967.78,20.74,1,0,,Thursday,2.64152
652,2020/8/14,Prague_1,19854.73,20.74,1,0,,Friday,2.64152
652,2020/8/15,Prague_1,18000.36,20.74,0.68,1,Assumption of the Virgin Mary,Saturday,2.64152
652,2020/8/16,Prague_1,18249.63,20.74,0.34,0,,Sunday,2.64152
652,2020/8/17,Prague_1,12634.65,20.74,1,0,,Monday,0
652,2020/8/18,Prague_1,10837.89,20.74,1,0,,Tuesday,0
652,2020/8/19,Prague_1,11034.66,20.74,1,0,,Wednesday,0
652,2020/8/20,Prague_1,11557.21,20.74,1,1,State Foundation Day,Thursday,0
652,2020/8/21,Prague_1,13187.019999999999,20.74,1,1,Hungary National Day Holiday,Friday,0
652,2020/8/22,Prague_1,12046.65,20.74,1,0,,Saturday,0
652,2020/8/23,Prague_1,12031.949999999999,20.74,1,0,,Sunday,0
652,2020/8/24,Prague_1,10880.59,20.74,1,0,,Monday,0
652,2020/8/25,Prague_1,10745.91,20.74,1,0,,Tuesday,0
652,2020/8/26,Prague_1,12177.69,20.74,1,0,,Wednesday,0
652,2020/8/27,Prague_1,12852.91,20.74,1,0,,Thursday,0
652,2020/8/28,Prague_1,16683.940000000002,20.74,0.93,0,,Friday,0
652,2020/8/29,Prague_1,15076.039999999999,20.74,1,0,,Saturday,0
652,2020/8/30,Prague_1,13821.99,20.74,0.48999999999999994,0,,Sunday,0
652,2020/8/31,Prague_1,16165.029999999999,20.74,1,0,,Monday,0
652,2020/9/1,Prague_1,13630.4,20.74,1,0,,Tuesday,0
652,2020/9/2,Prague_1,13963.25,20.74,1,0,,Wednesday,0
652,2020/9/3,Prague_1,15773.17,20.74,1,0,,Thursday,0
652,2020/9/4,Prague_1,16167.83,20.74,1,0,,Friday,0
652,2020/9/5,Prague_1,13243.37,20.74,1,0,,Saturday,0
652,2020/9/6,Prague_1,13213.13,20.74,1,0,,Sunday,0
652,2020/9/7,Prague_1,15889.929999999998,20.74,0.85,0,,Monday,0
652,2020/9/8,Prague_1,11256.699999999999,20.74,0.74,0,,Tuesday,0
652,2020/9/9,Prague_1,15595.720000000001,20.74,1,0,,Wednesday,0
652,2020/9/10,Prague_1,17049.2,22.04,1,0,,Thursday,0
652,2020/9/11,Prague_1,15550.36,22.04,1,0,,Friday,0
652,2020/9/12,Prague_1,13260.94,22.04,1,0,,Saturday,0
652,2020/9/13,Prague_1,13532.68,22.04,0.86,0,,Sunday,0
652,2020/9/14,Prague_1,15383.759999999998,22.04,1,0,,Monday,0
652,2020/9/15,Prague_1,13851.32,23.34,1,0,,Tuesday,0
652,2020/9/16,Prague_1,13615.91,23.34,1,0,,Wednesday,0
652,2020/9/17,Prague_1,15542.17,23.34,1,0,,Thursday,0
652,2020/9/18,Prague_1,15334.34,23.34,1,0,,Friday,0
652,2020/9/19,Prague_1,13572.44,23.34,1,0,,Saturday,0
652,2020/9/20,Prague_1,14299.67,23.34,1,0,,Sunday,0
652,2020/9/21,Prague_1,16043.369999999999,23.34,1,0,,Monday,0
652,2020/9/22,Prague_1,15370.39,23.34,1,0,,Tuesday,0
652,2020/9/23,Prague_1,15509.06,23.34,0.91,0,,Wednesday,0
652,2020/9/24,Prague_1,18529.07,25.94,0.76,0,,Thursday,0
652,2020/9/25,Prague_1,18500.02,23.34,1,0,,Friday,0
652,2020/9/26,Prague_1,14560.699999999999,23.34,0.97,0,,Saturday,0
652,2020/9/27,Prague_1,13598.970000000001,23.34,0.67,0,,Sunday,0
652,2020/9/28,Prague_1,17460.38,23.34,1,1,Den ceske statnosti,Monday,0
652,2020/9/29,Prague_1,17042.059999999998,23.34,0.9400000000000001,0,,Tuesday,0
652,2020/9/30,Prague_1,14641.970000000001,23.34,1,0,,Wednesday,0
652,2020/10/1,Prague_1,15602.300000000001,23.34,1,0,,Thursday,0
652,2020/10/2,Prague_1,17073.77,23.34,1,0,,Friday,0
652,2020/10/3,Prague_1,12912.970000000001,23.34,1,1,German Unity Day,Saturday,0
652,2020/10/4,Prague_1,14020.09,23.34,1,0,,Sunday,0
652,2020/10/5,Prague_1,26604.83,23.34,1,0,,Monday,2.34633
652,2020/10/6,Prague_1,23353.75,23.34,1,0,Memorial Day for the Martyrs of Arad,Tuesday,2.34633
652,2020/10/7,Prague_1,24996.16,23.34,1,0,,Wednesday,2.34633
652,2020/10/8,Prague_1,28145.460000000003,23.34,1,0,,Thursday,2.34633
652,2020/10/9,Prague_1,27969.48,23.34,1,0,,Friday,2.34633
652,2020/10/10,Prague_1,26371.87,23.34,1,0,,Saturday,2.34633
652,2020/10/11,Prague_1,20338.850000000002,23.34,1,0,,Sunday,2.07795
652,2020/10/12,Prague_1,16292.570000000002,23.34,1,0,,Monday,0
652,2020/10/13,Prague_1,15318.17,23.34,1,0,,Tuesday,0
652,2020/10/14,Prague_1,14804.02,23.34,0.47000000000000003,0,,Wednesday,0
652,2020/10/15,Prague_1,17446.66,23.34,0.35,0,,Thursday,0
652,2020/10/16,Prague_1,15876,25.94,1,0,,Friday,0
652,2020/10/17,Prague_1,16438.8,25.94,1,0,,Saturday,0
652,2020/10/18,Prague_1,14003.01,25.94,0.52,0,,Sunday,0
652,2020/10/19,Prague_1,16910.600000000002,25.94,1,0,,Monday,0
652,2020/10/20,Prague_1,15968.539999999999,25.94,1,0,,Tuesday,0
652,2020/10/21,Prague_1,22527.61,25.94,1,0,,Wednesday,0
652,2020/10/22,Prague_1,19687.22,25.94,1,0,,Thursday,0
652,2020/10/23,Prague_1,15265.25,25.94,1,1,Memorial day of the 1956 Revolution,Friday,0
652,2020/10/24,Prague_1,13584.269999999999,25.94,1,0,,Saturday,0
652,2020/10/25,Prague_1,17616.48,25.94,1,0,,Sunday,0
652,2020/10/26,Prague_1,20692.77,25.94,1,0,,Monday,0
652,2020/10/27,Prague_1,18561.34,25.94,1,0,,Tuesday,0
652,2020/10/28,Prague_1,17896.13,25.94,1,1,Den vzniku samostatneho ceskoslovenskeho statu,Wednesday,0
652,2020/10/29,Prague_1,20555.99,25.94,1,0,,Thursday,0
652,2020/10/30,Prague_1,18162.97,25.94,1,0,,Friday,0
652,2020/10/31,Prague_1,16575.23,25.94,1,1,Reformation Day,Saturday,0
652,2020/11/1,Prague_1,19124.63,25.94,1,1,All Saints Day,Sunday,0
652,2020/11/2,Prague_1,23004.940000000002,25.94,1,0,,Monday,0
652,2020/11/3,Prague_1,20700.89,27.24,0.27,0,,Tuesday,0
652,2020/11/4,Prague_1,18878.93,27.24,1,0,,Wednesday,0
652,2020/11/5,Prague_1,20562.850000000002,27.24,1,0,,Thursday,0
652,2020/11/6,Prague_1,18848.62,27.24,0.87,0,,Friday,0
652,2020/11/7,Prague_1,16137.869999999999,27.24,1,0,,Saturday,0
652,2020/11/8,Prague_1,15890.77,27.24,0.9,0,,Sunday,0
652,2020/11/9,Prague_1,29121.190000000002,25.94,0.96,0,,Monday,2.67939
652,2020/11/10,Prague_1,34331.85,27.24,0.67,0,,Tuesday,2.67939
652,2020/11/11,Prague_1,31214.329999999998,27.24,0.7,0,,Wednesday,2.67939
652,2020/11/12,Prague_1,32401.809999999998,27.24,1,0,,Thursday,2.67939
652,2020/11/13,Prague_1,28745.149999999998,27.24,1,0,,Friday,2.67939
652,2020/11/14,Prague_1,26126.52,27.24,1,0,,Saturday,2.67939
652,2020/11/15,Prague_1,25385.149999999998,27.24,1,0,,Sunday,2.67939
652,2020/11/16,Prague_1,17352.86,27.24,1,0,,Monday,0
652,2020/11/17,Prague_1,16055.48,27.24,1,1,Den boje za svobodu a demokracii,Tuesday,0
652,2020/11/18,Prague_1,22594.32,27.24,1,0,,Wednesday,0
652,2020/11/19,Prague_1,22820.7,27.24,1,0,,Thursday,0
652,2020/11/20,Prague_1,21907.34,23.34,1,0,,Friday,0
652,2020/11/21,Prague_1,18697.84,23.34,1,0,,Saturday,0
652,2020/11/22,Prague_1,19797.89,23.34,0.8099999999999999,0,,Sunday,0
652,2020/11/23,Prague_1,33109.579999999994,23.34,0.89,0,,Monday,3.12851
652,2020/11/24,Prague_1,32864.65,23.34,0.89,0,,Tuesday,3.12851
652,2020/11/25,Prague_1,32605.019999999997,23.34,1,0,,Wednesday,3.12851
652,2020/11/26,Prague_1,36579.41,23.34,0.7700000000000001,0,,Thursday,3.12851
652,2020/11/27,Prague_1,29286.739999999998,23.34,1,0,,Friday,3.12851
652,2020/11/28,Prague_1,28819.769999999997,23.34,1,0,,Saturday,3.12851
652,2020/11/29,Prague_1,28485.03,23.34,1,0,,Sunday,3.12851
652,2020/11/30,Prague_1,15941.59,23.34,1,0,,Monday,0
652,2020/12/1,Prague_1,14054.18,23.34,1,0,,Tuesday,0
652,2020/12/2,Prague_1,14842.869999999999,23.34,1,0,,Wednesday,0
652,2020/12/3,Prague_1,16965.48,23.34,1,0,,Thursday,0
652,2020/12/4,Prague_1,16401.28,23.34,1,0,,Friday,0
652,2020/12/5,Prague_1,10725.75,23.34,1,0,,Saturday,0
652,2020/12/6,Prague_1,13342.84,23.34,1,0,,Sunday,0
652,2020/12/7,Prague_1,27287.12,23.34,1,0,,Monday,3.12851
652,2020/12/8,Prague_1,25726.539999999997,23.34,1,0,,Tuesday,3.12851
652,2020/12/9,Prague_1,28741.859999999997,23.34,1,0,,Wednesday,3.12851
652,2020/12/10,Prague_1,30433.34,23.34,0.65,0,,Thursday,3.12851
652,2020/12/11,Prague_1,28676.269999999997,23.34,1,0,,Friday,3.12851
652,2020/12/12,Prague_1,25392.92,23.34,1,0,,Saturday,3.12851
652,2020/12/13,Prague_1,24444.84,23.34,1,0,,Sunday,3.12851
652,2020/12/14,Prague_1,15259.509999999998,23.34,1,0,,Monday,0
652,2020/12/15,Prague_1,16928.100000000002,23.34,1,0,,Tuesday,0
652,2020/12/16,Prague_1,19293.12,23.34,1,0,,Wednesday,0
652,2020/12/17,Prague_1,20298.32,20.74,1,0,,Thursday,0
652,2020/12/18,Prague_1,21248.22,20.74,1,0,,Friday,0
652,2020/12/19,Prague_1,24540.67,20.74,1,0,,Saturday,0
652,2020/12/20,Prague_1,25970.63,20.74,0.71,0,,Sunday,0
652,2020/12/21,Prague_1,28060.76,20.74,0.76,0,,Monday,0
652,2020/12/22,Prague_1,21556.64,20.74,1,0,,Tuesday,0
652,2020/12/23,Prague_1,9880.92,20.74,1,0,,Wednesday,0
652,2020/12/24,Prague_1,5993.400000000001,20.74,1,1,Christmas Eve,Thursday,0
652,2020/12/25,Prague_1,9736.720000000001,20.74,1,1,1st Christmas Day,Friday,0
652,2020/12/26,Prague_1,14444.429999999998,20.74,0.44,1,2nd Christmas Day,Saturday,0
652,2020/12/27,Prague_1,22832.11,20.74,0.7,0,,Sunday,0
652,2020/12/28,Prague_1,26282.97,20.74,0.53,0,,Monday,0
652,2020/12/29,Prague_1,22429.12,20.74,0.33,0,,Tuesday,0
652,2020/12/30,Prague_1,27166.51,20.74,0.62,0,,Wednesday,0
652,2020/12/31,Prague_1,23795.17,20.74,0.05,0,,Thursday,0
652,2021/1/1,Prague_1,18036.83,20.74,0.65,1,New Years Day,Friday,0
652,2021/1/2,Prague_1,26249.16,20.74,1,0,,Saturday,0
652,2021/1/3,Prague_1,14010.71,20.74,0.37,0,,Sunday,0
652,2021/1/4,Prague_1,26174.539999999997,22.04,0.71,0,,Monday,0
652,2021/1/5,Prague_1,29181.670000000002,22.04,0.66,0,,Tuesday,0
652,2021/1/6,Prague_1,24697.89,22.04,1,1,Epiphany,Wednesday,0
652,2021/1/7,Prague_1,27475.28,22.04,0.83,0,,Thursday,0
652,2021/1/8,Prague_1,22183.559999999998,25.94,0.58,0,,Friday,0
652,2021/1/9,Prague_1,16916.13,25.94,0.71,0,,Saturday,0
652,2021/1/10,Prague_1,20543.95,25.94,1,0,,Sunday,0
652,2021/1/11,Prague_1,18172.07,25.94,1,0,,Monday,0
652,2021/1/12,Prague_1,19973.100000000002,25.94,1,0,,Tuesday,0
652,2021/1/13,Prague_1,18529.350000000002,25.94,0.8,0,,Wednesday,0
652,2021/1/14,Prague_1,19743.08,25.94,0.65,0,,Thursday,0
652,2021/1/15,Prague_1,19867.33,32.43,1,0,,Friday,0
652,2021/1/16,Prague_1,17591.42,32.43,0.52,0,,Saturday,0
652,2021/1/17,Prague_1,16938.460000000003,33.73,0.51,0,,Sunday,0
652,2021/1/18,Prague_1,19708.43,33.73,1,0,,Monday,0
652,2021/1/19,Prague_1,18674.809999999998,33.73,1,0,,Tuesday,0
652,2021/1/20,Prague_1,19717.11,33.73,0.99,0,,Wednesday,0
652,2021/1/21,Prague_1,21223.649999999998,33.73,1,0,,Thursday,0
652,2021/1/22,Prague_1,18964.68,33.73,1,0,,Friday,0
652,2021/1/23,Prague_1,16241.050000000001,33.73,1,0,,Saturday,0
652,2021/1/24,Prague_1,16309.58,33.73,0.93,0,,Sunday,0
652,2021/1/25,Prague_1,18272.73,36.33,1,0,,Monday,0
652,2021/1/26,Prague_1,18924.64,36.33,1,0,,Tuesday,0
652,2021/1/27,Prague_1,20014.61,36.33,1,0,,Wednesday,0
652,2021/1/28,Prague_1,21758.8,36.33,1,0,,Thursday,0
652,2021/1/29,Prague_1,20604.36,36.33,1,0,,Friday,0
652,2021/1/30,Prague_1,17652.74,36.33,1,0,,Saturday,0
652,2021/1/31,Prague_1,17340.82,36.33,1,0,,Sunday,0
652,2021/2/1,Prague_1,35311.079999999994,36.33,1,0,Memorial Day of the Republic,Monday,2.75982
652,2021/2/2,Prague_1,32621.75,19.45,0.9400000000000001,0,,Tuesday,2.75982
652,2021/2/3,Prague_1,33928.16,36.33,1,0,,Wednesday,2.75982
652,2021/2/4,Prague_1,36467.34,36.33,1,0,,Thursday,2.75982
652,2021/2/5,Prague_1,35348.81,36.33,1,0,,Friday,2.75982
652,2021/2/6,Prague_1,29274.07,36.33,1,0,,Saturday,2.75982
652,2021/2/7,Prague_1,26975.55,36.33,0.51,0,,Sunday,2.75982
652,2021/2/8,Prague_1,14978.740000000002,36.33,1,0,,Monday,0
652,2021/2/9,Prague_1,15430.73,36.33,1,0,,Tuesday,0
652,2021/2/10,Prague_1,24123.82,36.33,0.54,0,,Wednesday,0
652,2021/2/11,Prague_1,29207.010000000002,32.43,0.7,0,,Thursday,0
652,2021/2/12,Prague_1,23101.399999999998,32.43,0.66,0,,Friday,0
652,2021/2/13,Prague_1,17831.8,32.43,0.19,0,,Saturday,0
652,2021/2/14,Prague_1,18097.73,32.43,0.48,0,,Sunday,0
652,2021/2/15,Prague_1,22987.649999999998,32.43,1,0,,Monday,0
652,2021/2/16,Prague_1,19059.600000000002,32.43,0.95,0,,Tuesday,0
652,2021/2/17,Prague_1,20735.47,32.43,1,0,,Wednesday,0
652,2021/2/18,Prague_1,23795.73,32.43,1,0,,Thursday,0
652,2021/2/19,Prague_1,23436.07,32.43,1,0,,Friday,0
652,2021/2/20,Prague_1,20089.09,32.43,1,0,,Saturday,0
652,2021/2/21,Prague_1,20873.16,32.43,1,0,,Sunday,0
652,2021/2/22,Prague_1,20695.57,32.43,1,0,,Monday,0
652,2021/2/23,Prague_1,21462.42,32.43,1,0,,Tuesday,0
652,2021/2/24,Prague_1,23705.22,32.43,1,0,,Wednesday,0
652,2021/2/25,Prague_1,27779.5,32.43,1,0,Memorial Day for the Victims of the Communist Dictatorships,Thursday,0
652,2021/2/26,Prague_1,39608.73,32.43,1,0,,Friday,1.9678399999999998
652,2021/2/27,Prague_1,35638.19,32.43,1,0,,Saturday,1.9678399999999998
652,2021/2/28,Prague_1,32421.34,32.43,1,0,,Sunday,1.9678399999999998
652,2021/3/1,Prague_1,46167.59,32.43,0.6900000000000001,0,,Monday,3.09239
652,2021/3/2,Prague_1,26988.149999999998,32.43,0.41,0,,Tuesday,3.37351
652,2021/3/3,Prague_1,28294.84,32.43,0.35,0,,Wednesday,3.37351
652,2021/3/4,Prague_1,43410.64,32.43,0.87,0,,Thursday,3.37351
652,2021/3/5,Prague_1,30761.920000000002,32.43,0.33,0,,Friday,3.37351
652,2021/3/6,Prague_1,34423.9,32.43,1,0,,Saturday,3.37351
652,2021/3/7,Prague_1,37093.420000000006,32.43,1,0,,Sunday,3.37351
652,2021/3/8,Prague_1,21061.25,32.43,1,0,International womens day,Monday,0
652,2021/3/9,Prague_1,20002.36,32.43,1,0,,Tuesday,0
652,2021/3/10,Prague_1,24500.350000000002,32.43,1,0,,Wednesday,0
652,2021/3/11,Prague_1,23205.7,32.43,1,0,,Thursday,0
652,2021/3/12,Prague_1,16675.190000000002,32.43,1,0,,Friday,0
652,2021/3/13,Prague_1,13819.75,25.94,1,0,,Saturday,0
652,2021/3/14,Prague_1,16977.100000000002,25.94,1,0,,Sunday,0
652,2021/3/15,Prague_1,17872.399999999998,25.94,1,1,Memorial Day for the Victims of the Holocaust,Monday,0
652,2021/3/16,Prague_1,14750.259999999998,25.94,1,0,,Tuesday,0
652,2021/3/17,Prague_1,20237.49,25.94,1,0,,Wednesday,0
652,2021/3/18,Prague_1,19213.809999999998,25.94,1,0,,Thursday,0
652,2021/3/19,Prague_1,18804.940000000002,25.94,1,0,,Friday,0
652,2021/3/20,Prague_1,15432.970000000001,25.94,1,0,,Saturday,0
652,2021/3/21,Prague_1,18429.460000000003,25.94,1,0,,Sunday,0
652,2021/3/22,Prague_1,19465.039999999997,25.94,1,0,,Monday,0
652,2021/3/23,Prague_1,17607.52,25.94,1,0,,Tuesday,0
652,2021/3/24,Prague_1,24037.789999999997,25.94,0.64,0,,Wednesday,0
652,2021/3/25,Prague_1,17402.28,25.94,1,0,,Thursday,0
652,2021/3/26,Prague_1,20925.100000000002,25.94,1,0,,Friday,0
652,2021/3/27,Prague_1,15794.31,25.94,1,0,,Saturday,0
652,2021/3/28,Prague_1,14847.77,25.94,1,0,,Sunday,0
652,2021/3/29,Prague_1,17981.88,25.94,1,0,,Monday,0
652,2021/3/30,Prague_1,25255.23,25.94,1,0,,Tuesday,0
652,2021/3/31,Prague_1,31492.440000000002,25.94,1,0,,Wednesday,0
652,2021/4/1,Prague_1,18708.690000000002,25.94,1,0,,Thursday,0
652,2021/4/2,Prague_1,11517.730000000001,25.94,1,1,Good Friday,Friday,0
652,2021/4/3,Prague_1,10281.46,25.94,1,1,,Saturday,0
652,2021/4/4,Prague_1,10477.11,25.94,1,1,,Sunday,0
652,2021/4/5,Prague_1,14109.269999999999,25.94,1,1,Easter Monday,Monday,0
652,2021/4/6,Prague_1,17279.43,25.94,1,0,,Tuesday,0
652,2021/4/7,Prague_1,13903.470000000001,25.94,1,0,,Wednesday,0
652,2021/4/8,Prague_1,19166.14,25.94,1,0,,Thursday,0
652,2021/4/9,Prague_1,20338.01,25.94,0.75,0,,Friday,0
652,2021/4/12,Prague_1,43121.47,25.94,0.97,0,,Monday,2.81407
652,2021/4/13,Prague_1,34970.04,25.94,1,0,,Tuesday,2.81407
652,2021/4/14,Prague_1,28381.149999999998,25.94,1,0,,Wednesday,2.81407
652,2021/4/15,Prague_1,36745.450000000004,25.94,1,0,,Thursday,2.81407
652,2021/4/16,Prague_1,17742.690000000002,25.94,0.9799999999999999,0,Memorial Day for the Victims of the Holocaust,Friday,2.81407
652,2021/4/17,Prague_1,27998.25,25.94,1,0,,Saturday,2.81407
652,2021/4/18,Prague_1,29522.149999999998,25.94,1,0,,Sunday,2.81407
652,2021/4/19,Prague_1,16523.57,25.94,1,0,,Monday,0
652,2021/4/20,Prague_1,15873.27,25.94,1,0,,Tuesday,0
652,2021/4/21,Prague_1,25924.57,25.94,1,0,,Wednesday,1.0604300000000002
652,2021/4/22,Prague_1,33670.28,25.94,1,0,,Thursday,2.46232
652,2021/4/23,Prague_1,31397.66,25.94,1,0,,Friday,2.46232
652,2021/4/24,Prague_1,7399.629999999999,25.94,1,0,,Saturday,2.46232
652,2021/4/25,Prague_1,28870.239999999998,25.94,0.66,0,,Sunday,2.46232
652,2021/4/26,Prague_1,23049.32,25.94,1,0,,Monday,2.46232
652,2021/4/27,Prague_1,21548.03,25.94,1,0,,Tuesday,2.46232
652,2021/4/28,Prague_1,27711.25,25.94,1,0,,Wednesday,2.46232
652,2021/4/29,Prague_1,24264.59,25.94,1,0,,Thursday,2.46232
652,2021/4/30,Prague_1,18716.25,25.94,0.93,0,,Friday,2.46232
652,2021/5/1,Prague_1,7987.910000000001,25.94,1,1,Labour Day,Saturday,0
652,2021/5/2,Prague_1,18260.690000000002,25.94,0.66,0,,Sunday,0
652,2021/5/3,Prague_1,32139.100000000002,25.94,1,0,,Monday,3.51757
652,2021/5/4,Prague_1,37552.06,25.94,1,0,,Tuesday,3.51757
652,2021/5/5,Prague_1,34272.420000000006,25.94,1,0,,Wednesday,3.51757
652,2021/5/6,Prague_1,24475.289999999997,25.94,0.96,0,,Thursday,3.51757
652,2021/5/7,Prague_1,43137.43,25.94,1,0,,Friday,3.51757
652,2021/5/8,Prague_1,34325.130000000005,25.94,1,1,Den osvobozeni,Saturday,3.51757
652,2021/5/9,Prague_1,27482.49,25.94,1,0,,Sunday,3.51757
652,2021/5/10,Prague_1,19607.350000000002,25.94,1,0,,Monday,0
652,2021/5/11,Prague_1,16676.59,25.94,1,0,,Tuesday,0
652,2021/5/12,Prague_1,16339.33,25.94,1,0,,Wednesday,0
652,2021/5/13,Prague_1,24674.3,19.45,1,1,Ascension day,Thursday,0
652,2021/5/14,Prague_1,15638.490000000002,19.45,1,0,,Friday,0
652,2021/5/15,Prague_1,15810.69,19.45,1,0,,Saturday,0
652,2021/5/16,Prague_1,17266.690000000002,19.45,1,0,,Sunday,0
652,2021/5/17,Prague_1,17229.73,19.45,1,0,,Monday,0
652,2021/5/18,Prague_1,17582.67,19.45,1,0,,Tuesday,0
652,2021/5/19,Prague_1,18559.38,19.45,1,0,,Wednesday,0
652,2021/5/20,Prague_1,21120.75,19.45,1,0,,Thursday,0
652,2021/5/21,Prague_1,20164.48,19.45,1,0,National Defense Day,Friday,0
652,2021/5/22,Prague_1,14201.46,19.45,1,0,,Saturday,0
652,2021/5/23,Prague_1,17161.27,19.45,1,1,Whit sunday,Sunday,0
652,2021/5/24,Prague_1,16272.970000000001,19.45,1,1,Whit monday,Monday,0
652,2021/5/25,Prague_1,16210.67,19.45,1,0,,Tuesday,0
652,2021/5/26,Prague_1,17545.850000000002,19.45,1,0,,Wednesday,0
652,2021/5/27,Prague_1,20475.91,19.45,1,0,,Thursday,0
652,2021/5/28,Prague_1,18840.64,19.45,1,0,,Friday,0
652,2021/5/29,Prague_1,15451.380000000001,19.45,1,0,,Saturday,0
652,2021/5/30,Prague_1,13763.75,19.45,1,0,,Sunday,0
652,2021/5/31,Prague_1,15454.81,19.45,1,0,,Monday,0
652,2021/6/1,Prague_1,18309.899999999998,19.45,1,0,,Tuesday,0
652,2021/6/2,Prague_1,21836.5,19.45,1,0,,Wednesday,0
652,2021/6/3,Prague_1,23752.190000000002,18.15,1,1,Corpus Christi,Thursday,0
652,2021/6/4,Prague_1,21504.28,18.15,1,0,Day of National Unity,Friday,0
652,2021/6/5,Prague_1,11888.519999999999,18.15,1,0,,Saturday,0
652,2021/6/6,Prague_1,11904.550000000001,18.15,0.9799999999999999,0,,Sunday,0
652,2021/6/7,Prague_1,22614.76,18.15,1,0,,Monday,0
652,2021/6/8,Prague_1,19595.38,20.74,1,0,,Tuesday,0
652,2021/6/9,Prague_1,18609.64,20.74,1,0,,Wednesday,0
652,2021/6/10,Prague_1,19667.690000000002,20.74,1,0,,Thursday,0
652,2021/6/11,Prague_1,19311.809999999998,20.74,1,0,,Friday,0
652,2021/6/12,Prague_1,13874.07,20.74,1,0,,Saturday,0
652,2021/6/13,Prague_1,15238.86,20.74,1,0,,Sunday,0
652,2021/6/14,Prague_1,8253.35,20.74,1,0,,Monday,0
652,2021/6/15,Prague_1,18119.08,20.74,1,0,,Tuesday,0
652,2021/6/16,Prague_1,20757.87,20.74,1,0,,Wednesday,0
652,2021/6/17,Prague_1,24531.149999999998,20.74,1,0,,Thursday,0
652,2021/6/18,Prague_1,23498.23,20.74,1,0,,Friday,0
652,2021/6/19,Prague_1,17333.399999999998,16.85,1,0,Independent Hungary Day,Saturday,0
652,2021/6/20,Prague_1,15717.380000000001,16.85,1,0,,Sunday,0
652,2021/6/21,Prague_1,11726.19,16.85,1,0,,Monday,0
652,2021/6/22,Prague_1,14620.06,19.45,1,0,,Tuesday,0
652,2021/6/23,Prague_1,10790.29,19.45,1,0,,Wednesday,0
652,2021/6/24,Prague_1,12428.85,19.45,1,0,,Thursday,0
652,2021/6/25,Prague_1,15592.990000000002,19.45,1,0,,Friday,0
652,2021/6/26,Prague_1,6411.860000000001,19.45,1,0,,Saturday,0
652,2021/6/27,Prague_1,6444.759999999999,19.45,1,0,,Sunday,0
652,2021/6/28,Prague_1,14413.98,19.45,1,0,,Monday,0
652,2021/6/29,Prague_1,11224.43,19.45,1,0,,Tuesday,0
652,2021/6/30,Prague_1,10567.550000000001,19.45,1,0,,Wednesday,0
652,2021/7/1,Prague_1,10198.58,19.45,1,0,,Thursday,0
652,2021/7/2,Prague_1,11850.300000000001,19.45,1,0,,Friday,0
652,2021/7/3,Prague_1,7741.58,19.45,1,0,,Saturday,0
652,2021/7/4,Prague_1,9400.93,19.45,1,0,,Sunday,0
652,2021/7/5,Prague_1,10558.24,19.45,1,1,Cyrila a Metodej,Monday,0
652,2021/7/6,Prague_1,13151.25,19.45,1,1,Jan Hus,Tuesday,0
652,2021/7/7,Prague_1,12982.13,19.45,1,0,,Wednesday,0
652,2021/7/8,Prague_1,13562.15,19.45,1,0,,Thursday,0
652,2021/7/9,Prague_1,13302.800000000001,19.45,1,0,,Friday,0
652,2021/7/10,Prague_1,10320.800000000001,19.45,1,0,,Saturday,0
652,2021/7/11,Prague_1,6336.75,22.04,0.67,0,,Sunday,0
652,2021/7/12,Prague_1,11189.36,22.04,0.82,0,,Monday,0
652,2021/7/13,Prague_1,9167.550000000001,22.04,0.87,0,,Tuesday,0
652,2021/7/14,Prague_1,11713.730000000001,22.04,1,0,,Wednesday,0
652,2021/7/15,Prague_1,13087.199999999999,20.74,1,0,,Thursday,0
652,2021/7/16,Prague_1,14042.63,20.74,0.7700000000000001,0,,Friday,0
652,2021/7/17,Prague_1,7279.650000000001,20.74,0.84,0,,Saturday,0
652,2021/7/18,Prague_1,14437.779999999999,20.74,0.92,0,,Sunday,0
652,2021/7/19,Prague_1,13235.39,20.74,1,0,,Monday,0
652,2021/7/20,Prague_1,11736.550000000001,20.74,1,0,,Tuesday,0
652,2021/7/21,Prague_1,10580.99,20.74,1,0,,Wednesday,0
652,2021/7/22,Prague_1,11213.58,20.74,1,0,,Thursday,0
652,2021/7/23,Prague_1,12771.92,20.74,1,0,,Friday,0
652,2021/7/24,Prague_1,10713.5,20.74,1,0,,Saturday,0
652,2021/7/25,Prague_1,11913.65,20.74,1,0,,Sunday,0
652,2021/7/26,Prague_1,20128.08,20.74,1,0,,Monday,1.76099
652,2021/7/27,Prague_1,19545.68,20.74,1,0,,Tuesday,1.76099
652,2021/7/28,Prague_1,16895.690000000002,20.74,1,0,,Wednesday,1.76099
652,2021/7/29,Prague_1,18847.92,20.74,1,0,,Thursday,1.76099
652,2021/7/30,Prague_1,19607.559999999998,20.74,1,0,,Friday,1.76099
652,2021/7/31,Prague_1,13223.42,20.74,1,0,,Saturday,1.76099
652,2021/8/1,Prague_1,19304.25,20.74,1,0,,Sunday,1.76099
652,2021/8/2,Prague_1,8969.59,20.74,1,0,,Monday,0
652,2021/8/3,Prague_1,8364.58,20.74,1,0,,Tuesday,0
652,2021/8/4,Prague_1,8692.88,20.74,1,0,,Wednesday,0
652,2021/8/5,Prague_1,8645.769999999999,20.74,1,0,,Thursday,0
652,2021/8/6,Prague_1,10695.16,20.74,1,0,,Friday,0
652,2021/8/7,Prague_1,8241.1,20.74,1,0,,Saturday,0
652,2021/8/8,Prague_1,9957.29,20.74,1,1,Peace Festival in Augsburg,Sunday,0
652,2021/8/9,Prague_1,13754.51,20.74,1,0,,Monday,0.6698999999999999
652,2021/8/10,Prague_1,4579.54,20.74,0.96,0,,Tuesday,0
652,2021/8/11,Prague_1,8701,20.74,0.74,0,,Wednesday,0
652,2021/8/12,Prague_1,10846.92,20.74,1,0,,Thursday,0
652,2021/8/13,Prague_1,12700.17,20.74,1,0,,Friday,0
652,2021/8/14,Prague_1,9545.199999999999,20.74,1,0,,Saturday,0
652,2021/8/15,Prague_1,8650.74,20.74,0.62,1,Assumption of the Virgin Mary,Sunday,0
652,2021/8/16,Prague_1,10622.15,20.74,0.7,0,,Monday,0
652,2021/8/17,Prague_1,11434.15,20.74,0.48999999999999994,0,,Tuesday,0
652,2021/8/18,Prague_1,8863.89,20.74,1,0,,Wednesday,0
652,2021/8/19,Prague_1,9680.720000000001,20.74,0.59,0,,Thursday,0
652,2021/8/20,Prague_1,11972.730000000001,20.74,1,1,State Foundation Day,Friday,0
652,2021/8/21,Prague_1,11102.699999999999,20.74,1,0,,Saturday,0
652,2021/8/22,Prague_1,12532.94,20.74,1,0,,Sunday,0
652,2021/8/23,Prague_1,13138.019999999999,20.74,1,0,,Monday,0
652,2021/8/24,Prague_1,12013.470000000001,20.74,1,0,,Tuesday,0
652,2021/8/25,Prague_1,10372.88,20.74,1,0,,Wednesday,0
652,2021/8/26,Prague_1,13636,20.74,1,0,,Thursday,0
652,2021/8/27,Prague_1,12963.51,20.74,1,0,,Friday,0
652,2021/8/28,Prague_1,13409.970000000001,20.74,1,0,,Saturday,0
652,2021/8/29,Prague_1,15958.600000000002,20.74,1,0,,Sunday,0
652,2021/8/30,Prague_1,8654.1,20.74,0.8099999999999999,0,,Monday,0
652,2021/8/31,Prague_1,4518.29,20.74,0.83,0,,Tuesday,0
652,2021/9/1,Prague_1,13003.9,20.74,0.93,0,,Wednesday,0
652,2021/9/2,Prague_1,15440.320000000002,20.74,1,0,,Thursday,0
652,2021/9/3,Prague_1,8830.99,20.74,1,0,,Friday,0
652,2021/9/4,Prague_1,12328.96,20.74,1,0,,Saturday,0
652,2021/9/5,Prague_1,18477.690000000002,20.74,0.95,0,,Sunday,0
652,2021/9/6,Prague_1,13816.18,20.74,1,0,,Monday,0
652,2021/9/7,Prague_1,13013.279999999999,20.74,1,0,,Tuesday,0
652,2021/9/8,Prague_1,13714.26,20.74,1,0,,Wednesday,0
652,2021/9/9,Prague_1,12964.14,20.74,1,0,,Thursday,0
652,2021/9/10,Prague_1,14460.529999999999,25.94,1,0,,Friday,0
652,2021/9/11,Prague_1,12689.67,20.74,1,0,,Saturday,0
652,2021/9/12,Prague_1,13408.85,20.74,1,0,,Sunday,0
652,2021/9/13,Prague_1,16233.77,22.04,1,0,,Monday,0
652,2021/9/14,Prague_1,15481.34,22.04,1,0,,Tuesday,0
652,2021/9/15,Prague_1,14690.550000000001,22.04,1,0,,Wednesday,0
652,2021/9/16,Prague_1,16210.67,22.04,1,0,,Thursday,0
652,2021/9/17,Prague_1,8156.400000000001,22.04,0.9400000000000001,0,,Friday,0
652,2021/9/18,Prague_1,14489.509999999998,22.04,1,0,,Saturday,0
652,2021/9/19,Prague_1,15776.039999999999,22.04,1,0,,Sunday,0
652,2021/9/20,Prague_1,15394.19,25.94,1,0,,Monday,0
652,2021/9/21,Prague_1,13965.49,32.43,1,0,,Tuesday,0
652,2021/9/22,Prague_1,14115.64,22.04,1,0,,Wednesday,0
652,2021/9/23,Prague_1,15375.570000000002,22.04,1,0,,Thursday,0
652,2021/9/24,Prague_1,16845.64,22.04,1,0,,Friday,0
652,2021/9/25,Prague_1,11845.470000000001,22.04,1,0,,Saturday,0
652,2021/9/26,Prague_1,13711.6,22.04,1,0,,Sunday,0
652,2021/9/27,Prague_1,33509.56,22.04,1,0,,Monday,3.31359
652,2021/9/28,Prague_1,29843.66,22.04,1,1,Den ceske statnosti,Tuesday,3.31359
652,2021/9/29,Prague_1,30415.28,22.04,1,0,,Wednesday,3.31359
652,2021/9/30,Prague_1,31151.75,22.04,1,0,,Thursday,3.31359
652,2021/10/1,Prague_1,27485.08,22.04,1,0,,Friday,3.31359
652,2021/10/2,Prague_1,18637.64,22.04,0.71,0,,Saturday,3.31359
652,2021/10/3,Prague_1,24024.559999999998,22.04,1,1,German Unity Day,Sunday,3.31359
652,2021/10/4,Prague_1,13697.949999999999,22.04,1,0,,Monday,0
652,2021/10/5,Prague_1,12219.550000000001,22.04,1,0,,Tuesday,0
652,2021/10/6,Prague_1,11291.91,22.04,1,0,Memorial Day for the Martyrs of Arad,Wednesday,0
652,2021/10/7,Prague_1,12437.6,22.04,1,0,,Thursday,0
652,2021/10/8,Prague_1,14856.17,22.04,1,0,,Friday,0
652,2021/10/9,Prague_1,9601.480000000001,22.04,1,0,,Saturday,0
652,2021/10/10,Prague_1,11678.029999999999,22.04,1,0,,Sunday,0
652,2021/10/11,Prague_1,14168.21,22.04,1,0,,Monday,0
652,2021/10/12,Prague_1,14219.38,22.04,1,0,,Tuesday,0
652,2021/10/13,Prague_1,11952.64,22.04,1,0,,Wednesday,0
652,2021/10/14,Prague_1,11628.68,22.04,1,0,,Thursday,0
652,2021/10/15,Prague_1,13538.91,22.04,0.7299999999999999,0,,Friday,0
652,2021/10/16,Prague_1,9623.25,22.04,1,0,,Saturday,0
652,2021/10/17,Prague_1,11474.75,22.04,1,0,,Sunday,0
652,2021/10/18,Prague_1,9700.6,22.04,1,0,,Monday,0
652,2021/10/19,Prague_1,10829.49,22.04,1,0,,Tuesday,0
652,2021/10/20,Prague_1,10137.54,24.640000000000004,1,0,,Wednesday,0
652,2021/10/21,Prague_1,12302.15,24.640000000000004,1,0,,Thursday,0
652,2021/10/22,Prague_1,13150.480000000001,24.640000000000004,1,0,,Friday,0
652,2021/10/23,Prague_1,9199.96,24.640000000000004,1,1,Memorial day of the 1956 Revolution,Saturday,0
652,2021/10/24,Prague_1,7666.75,24.640000000000004,1,0,,Sunday,0
652,2021/10/25,Prague_1,9646.42,24.640000000000004,1,0,,Monday,0
652,2021/10/26,Prague_1,10345.93,24.640000000000004,1,0,,Tuesday,0
652,2021/10/27,Prague_1,14009.029999999999,24.640000000000004,1,0,,Wednesday,0
652,2021/10/28,Prague_1,9936.220000000001,24.640000000000004,1,1,Den vzniku samostatneho ceskoslovenskeho statu,Thursday,0
652,2021/10/29,Prague_1,10535,24.640000000000004,1,0,,Friday,0
652,2021/10/30,Prague_1,11869.199999999999,24.640000000000004,1,0,,Saturday,0
652,2021/10/31,Prague_1,18204.13,24.640000000000004,1,1,Reformation Day,Sunday,0
652,2021/11/1,Prague_1,19246.22,24.640000000000004,1,1,All Saints Day,Monday,0
652,2021/11/2,Prague_1,12943.84,24.640000000000004,1,0,,Tuesday,0
652,2021/11/3,Prague_1,13242.88,24.640000000000004,1,0,,Wednesday,0
652,2021/11/4,Prague_1,14169.89,24.640000000000004,1,0,,Thursday,0
652,2021/11/5,Prague_1,21210.14,24.640000000000004,1,0,,Friday,0
652,2021/11/6,Prague_1,13282.5,24.640000000000004,1,0,,Saturday,0
652,2021/11/7,Prague_1,13266.26,24.640000000000004,1,0,,Sunday,0
652,2021/11/8,Prague_1,14113.050000000001,24.640000000000004,0.82,0,,Monday,0
652,2021/11/9,Prague_1,13932.59,24.640000000000004,1,0,,Tuesday,0
652,2021/11/10,Prague_1,14418.320000000002,24.640000000000004,1,0,,Wednesday,0
652,2021/11/11,Prague_1,16679.18,24.640000000000004,1,0,,Thursday,0
652,2021/11/12,Prague_1,17908.59,24.640000000000004,1,0,,Friday,0
652,2021/11/13,Prague_1,11239.269999999999,24.640000000000004,1,0,,Saturday,0
652,2021/11/14,Prague_1,14608.300000000001,24.640000000000004,1,0,,Sunday,0
652,2021/11/15,Prague_1,17547.39,24.640000000000004,1,0,,Monday,0
652,2021/11/16,Prague_1,16822.26,24.640000000000004,1,0,,Tuesday,0
652,2021/11/17,Prague_1,11433.87,24.640000000000004,1,1,Den boje za svobodu a demokracii,Wednesday,0
652,2021/11/18,Prague_1,11573.59,25.94,1,0,,Thursday,0
652,2021/11/19,Prague_1,15280.09,24.640000000000004,1,0,,Friday,0
652,2021/11/20,Prague_1,12394.480000000001,24.640000000000004,1,0,,Saturday,0
652,2021/11/21,Prague_1,10278.730000000001,25.94,1,0,,Sunday,0
652,2021/11/22,Prague_1,13763.82,25.94,1,0,,Monday,0
652,2021/11/23,Prague_1,14574.77,25.94,1,0,,Tuesday,0
652,2021/11/24,Prague_1,16409.12,25.94,1,0,,Wednesday,0
652,2021/11/25,Prague_1,13711.32,25.94,1,0,,Thursday,0
652,2021/11/26,Prague_1,14058.59,25.94,0.64,0,,Friday,0
652,2021/11/27,Prague_1,15234.869999999999,25.94,1,0,,Saturday,0
652,2021/11/28,Prague_1,6195.490000000001,25.94,1,0,,Sunday,0
652,2021/11/29,Prague_1,17567.83,25.94,1,0,,Monday,0
652,2021/11/30,Prague_1,16165.029999999999,25.94,1,0,,Tuesday,0
652,2021/12/1,Prague_1,14947.59,24.640000000000004,1,0,,Wednesday,0
652,2021/12/2,Prague_1,16480.24,24.640000000000004,1,0,,Thursday,0
652,2021/12/3,Prague_1,16541.28,24.640000000000004,0.9400000000000001,0,,Friday,0
652,2021/12/4,Prague_1,8154.51,24.640000000000004,1,0,,Saturday,0
652,2021/12/5,Prague_1,13068.93,24.640000000000004,1,0,,Sunday,0
652,2021/12/6,Prague_1,14848.259999999998,24.640000000000004,1,0,,Monday,0
652,2021/12/7,Prague_1,15394.119999999999,25.94,1,0,,Tuesday,0
652,2021/12/8,Prague_1,13507.269999999999,25.94,1,0,,Wednesday,0
652,2021/12/9,Prague_1,15854.02,25.94,1,0,,Thursday,0
652,2021/12/10,Prague_1,16160.899999999998,25.94,1,0,,Friday,0
652,2021/12/11,Prague_1,9249.59,25.94,1,0,,Saturday,0
652,2021/12/12,Prague_1,8869,25.94,1,0,,Sunday,0
652,2021/12/13,Prague_1,9602.32,25.94,1,0,,Monday,0
652,2021/12/14,Prague_1,8684.199999999999,25.94,1,0,,Tuesday,0
652,2021/12/15,Prague_1,10772.79,24.640000000000004,1,0,,Wednesday,0
652,2021/12/16,Prague_1,11051.04,24.640000000000004,1,0,,Thursday,0
652,2021/12/17,Prague_1,9457.63,25.94,1,0,,Friday,0
652,2021/12/18,Prague_1,8580.18,25.94,1,0,,Saturday,0
652,2021/12/19,Prague_1,14320.46,25.94,1,0,,Sunday,0
652,2021/12/20,Prague_1,12260.01,25.94,1,0,,Monday,0
652,2021/12/21,Prague_1,12844.09,25.94,1,0,,Tuesday,0
652,2021/12/22,Prague_1,15664.11,25.94,1,0,,Wednesday,0
652,2021/12/23,Prague_1,5075.490000000001,25.94,1,0,,Thursday,0
652,2021/12/24,Prague_1,2238.8799999999997,25.94,1,1,Christmas Eve,Friday,0
652,2021/12/25,Prague_1,3935.0499999999997,25.94,1,1,1st Christmas Day,Saturday,0
652,2021/12/26,Prague_1,7467.879999999999,25.94,1,1,2nd Christmas Day,Sunday,0
652,2021/12/27,Prague_1,9810.92,25.94,1,0,,Monday,0
652,2021/12/28,Prague_1,11669.63,25.94,1,0,,Tuesday,0
652,2021/12/29,Prague_1,18365.13,25.94,0.99,0,,Wednesday,0
652,2021/12/30,Prague_1,9437.470000000001,25.94,1,0,,Thursday,0
652,2021/12/31,Prague_1,5297.18,25.94,1,0,,Friday,0
652,2022/1/1,Prague_1,10508.96,25.94,1,1,New Years Day,Saturday,0
652,2022/1/2,Prague_1,14928.83,25.94,1,0,,Sunday,0
652,2022/1/3,Prague_1,15091.09,25.94,1,0,,Monday,0
652,2022/1/4,Prague_1,15624.77,25.94,0.7299999999999999,0,,Tuesday,0
652,2022/1/5,Prague_1,11751.18,25.94,1,0,,Wednesday,0
652,2022/1/6,Prague_1,11826.08,25.94,0.44,1,Epiphany,Thursday,0
652,2022/1/7,Prague_1,9890.300000000001,25.94,0.7700000000000001,0,,Friday,0
652,2022/1/8,Prague_1,9060.17,25.94,0.48,0,,Saturday,0
652,2022/1/9,Prague_1,10090.779999999999,25.94,0.61,0,,Sunday,0
652,2022/1/10,Prague_1,13319.529999999999,25.94,0.48,0,,Monday,0
652,2022/1/11,Prague_1,12761.91,25.94,1,0,,Tuesday,0
652,2022/1/12,Prague_1,11350.779999999999,25.94,1,0,,Wednesday,0
652,2022/1/13,Prague_1,16490.460000000003,25.94,1,0,,Thursday,0
652,2022/1/14,Prague_1,18491.41,25.94,1,0,,Friday,0
652,2022/1/15,Prague_1,14402.64,25.94,1,0,,Saturday,0
652,2022/1/16,Prague_1,6293.490000000001,25.94,0.68,0,,Sunday,0
652,2022/1/17,Prague_1,10219.720000000001,25.94,0.89,0,,Monday,0
652,2022/1/18,Prague_1,15088.36,25.94,1,0,,Tuesday,0
652,2022/1/19,Prague_1,16415.210000000003,25.94,1,0,,Wednesday,0
652,2022/1/20,Prague_1,5184.27,25.94,1,0,,Thursday,0
652,2022/1/21,Prague_1,19579.07,25.94,0.59,0,,Friday,0
652,2022/1/22,Prague_1,13430.480000000001,25.94,1,0,,Saturday,0
652,2022/1/23,Prague_1,15119.929999999998,27.24,1,0,,Sunday,0
652,2022/1/24,Prague_1,17499.02,27.24,1,0,,Monday,0
652,2022/1/25,Prague_1,13081.949999999999,32.43,1,0,,Tuesday,0
652,2022/1/26,Prague_1,13824.65,32.43,1,0,,Wednesday,0
652,2022/1/27,Prague_1,9850.33,32.43,0.79,0,,Thursday,0
652,2022/1/28,Prague_1,11533.83,32.43,1,0,,Friday,0
652,2022/1/29,Prague_1,17553.34,32.43,1,0,,Saturday,0
652,2022/1/30,Prague_1,11222.19,32.43,0.29,0,,Sunday,0
652,2022/1/31,Prague_1,22582.28,32.43,0.89,0,,Monday,0
652,2022/2/1,Prague_1,16495.99,32.43,1,0,Memorial Day of the Republic,Tuesday,0
652,2022/2/2,Prague_1,17218.25,32.43,1,0,,Wednesday,0
652,2022/2/3,Prague_1,19595.17,32.43,1,0,,Thursday,0
652,2022/2/4,Prague_1,15985.69,32.43,1,0,,Friday,0
652,2022/2/5,Prague_1,17191.3,32.43,1,0,,Saturday,0
652,2022/2/6,Prague_1,18378.289999999997,33.73,1,0,,Sunday,0
652,2022/2/7,Prague_1,11873.68,35.03,0.71,0,,Monday,0
652,2022/2/8,Prague_1,16009.77,35.03,1,0,,Tuesday,0
652,2022/2/9,Prague_1,14869.679999999998,35.03,1,0,,Wednesday,0
652,2022/2/10,Prague_1,16443.98,35.03,1,0,,Thursday,0
652,2022/2/11,Prague_1,19075.210000000003,35.03,1,0,,Friday,0
652,2022/2/12,Prague_1,9542.61,35.03,1,0,,Saturday,0
652,2022/2/13,Prague_1,10794.42,35.03,0.56,0,,Sunday,0
652,2022/2/14,Prague_1,14640.64,35.03,0.5,0,,Monday,0
652,2022/2/15,Prague_1,13721.75,35.03,1,0,,Tuesday,0
652,2022/2/16,Prague_1,17432.309999999998,35.03,1,0,,Wednesday,0
652,2022/2/17,Prague_1,17583.789999999997,35.03,1,0,,Thursday,0
652,2022/2/18,Prague_1,15760.36,35.03,0.47000000000000003,0,,Friday,0
652,2022/2/19,Prague_1,12663.91,35.03,0.96,0,,Saturday,0
652,2022/2/20,Prague_1,12381.529999999999,35.03,0.87,0,,Sunday,0
652,2022/2/21,Prague_1,18005.33,35.03,1,0,,Monday,0
652,2022/2/22,Prague_1,11436.81,35.03,1,0,,Tuesday,0
652,2022/2/23,Prague_1,11283.93,35.03,1,0,,Wednesday,0
652,2022/2/24,Prague_1,15696.100000000002,35.03,1,0,,Thursday,0
652,2022/2/25,Prague_1,18223.73,35.03,1,0,Memorial Day for the Victims of the Communist Dictatorships,Friday,0
652,2022/2/26,Prague_1,14656.949999999999,35.03,1,0,,Saturday,0
652,2022/2/27,Prague_1,14812.42,35.03,1,0,,Sunday,0
652,2022/2/28,Prague_1,17436.86,35.03,1,0,,Monday,0
652,2022/3/1,Prague_1,14759.009999999998,35.03,1,0,,Tuesday,0
652,2022/3/2,Prague_1,11971.4,35.03,1,0,,Wednesday,0
652,2022/3/3,Prague_1,17153.64,35.03,1,0,,Thursday,0
652,2022/3/4,Prague_1,18685.940000000002,35.03,1,0,,Friday,0
652,2022/3/5,Prague_1,11767.63,35.03,1,0,,Saturday,0
652,2022/3/6,Prague_1,14318.36,35.03,1,0,,Sunday,0
652,2022/3/7,Prague_1,11646.949999999999,35.03,0.93,0,,Monday,0
652,2022/3/8,Prague_1,9933.14,35.03,0.96,0,International womens day,Tuesday,0
652,2022/3/9,Prague_1,10994.9,35.03,1,0,,Wednesday,0
652,2022/3/10,Prague_1,13967.800000000001,35.03,1,0,,Thursday,0
652,2022/3/11,Prague_1,31938.13,35.03,1,0,,Friday,1.8215400000000002
652,2022/3/12,Prague_1,20173.93,35.03,1,0,,Saturday,1.8215400000000002
652,2022/3/13,Prague_1,15793.470000000001,35.03,1,0,,Sunday,1.8215400000000002
652,2022/3/14,Prague_1,34691.79,35.03,1,1,1848 Revolution Memorial Day (Extra holiday),Monday,2.60225
652,2022/3/15,Prague_1,27357.539999999997,35.03,1,1,Memorial Day for the Victims of the Holocaust,Tuesday,2.60225
652,2022/3/16,Prague_1,28339.710000000003,35.03,1,0,,Wednesday,2.60225
652,2022/3/17,Prague_1,16207.66,35.03,1,0,,Thursday,2.60225
652,2022/3/18,Prague_1,32380.46,35.03,1,0,,Friday,2.60225
652,2022/3/19,Prague_1,30549.54,35.03,1,0,,Saturday,2.60225
652,2022/3/20,Prague_1,32337.760000000002,35.03,1,0,,Sunday,2.60225
652,2022/3/21,Prague_1,18733.539999999997,35.03,1,0,,Monday,0
652,2022/3/22,Prague_1,16038.820000000002,35.03,1,0,,Tuesday,0
652,2022/3/23,Prague_1,16659.58,35.03,1,0,,Wednesday,0
652,2022/3/24,Prague_1,21407.539999999997,35.03,1,0,,Thursday,0
652,2022/3/25,Prague_1,23247.42,35.03,1,0,,Friday,0
652,2022/3/26,Prague_1,15475.460000000001,35.03,1,0,,Saturday,0
652,2022/3/27,Prague_1,19724.039999999997,35.03,1,0,,Sunday,0
652,2022/3/28,Prague_1,41449.66,35.03,1,0,,Monday,3.1227
652,2022/3/29,Prague_1,20090,35.03,0.99,0,,Tuesday,3.1227
652,2022/3/30,Prague_1,38454.22,35.03,1,0,,Wednesday,3.1227
652,2022/3/31,Prague_1,37169.16,35.03,1,0,,Thursday,3.1227
652,2022/4/1,Prague_1,41070.75,35.03,1,0,,Friday,3.1227
652,2022/4/2,Prague_1,32628.049999999996,35.03,1,0,,Saturday,3.1227
652,2022/4/3,Prague_1,33712.630000000005,35.03,1,0,,Sunday,3.1227
652,2022/4/4,Prague_1,29400.420000000002,35.03,1,0,,Monday,3.25241
652,2022/4/5,Prague_1,28093.66,35.03,1,0,,Tuesday,3.64315
652,2022/4/6,Prague_1,11500.51,35.03,1,0,,Wednesday,0
652,2022/4/7,Prague_1,12954.76,35.03,1,0,,Thursday,0
652,2022/4/8,Prague_1,17711.12,28.54,1,0,,Friday,0
652,2022/4/9,Prague_1,23080.190000000002,28.54,1,0,,Saturday,2.1631400000000003
652,2022/4/10,Prague_1,7619.360000000001,28.54,0.7,0,,Sunday,0
652,2022/4/11,Prague_1,8590.82,31.140000000000004,1,0,,Monday,0
652,2022/4/12,Prague_1,10045.980000000001,31.140000000000004,1,0,,Tuesday,0
652,2022/4/13,Prague_1,18060.559999999998,31.140000000000004,1,0,,Wednesday,0
652,2022/4/14,Prague_1,11085.62,31.140000000000004,1,0,,Thursday,0
652,2022/4/15,Prague_1,5191.48,31.140000000000004,0.8099999999999999,1,Good Friday,Friday,0
652,2022/4/16,Prague_1,6043.73,31.140000000000004,1,1,Memorial Day for the Victims of the Holocaust,Saturday,0
652,2022/4/17,Prague_1,6510.91,31.140000000000004,1,1,,Sunday,0
652,2022/4/18,Prague_1,9438.59,31.140000000000004,1,1,Easter Monday,Monday,0
652,2022/4/19,Prague_1,10309.18,31.140000000000004,1,0,,Tuesday,0
652,2022/4/20,Prague_1,9975.42,31.140000000000004,1,0,,Wednesday,0
652,2022/4/21,Prague_1,9580.34,31.140000000000004,1,0,,Thursday,0
652,2022/4/22,Prague_1,11770.64,31.140000000000004,1,0,,Friday,0
652,2022/4/23,Prague_1,9698.15,31.140000000000004,1,0,,Saturday,0
652,2022/4/24,Prague_1,27513.289999999997,31.140000000000004,1,0,,Sunday,1.68553
652,2022/4/25,Prague_1,23823.52,31.140000000000004,1,0,,Monday,0.9805600000000001
652,2022/4/26,Prague_1,12159.279999999999,31.140000000000004,1,0,,Tuesday,0
652,2022/4/27,Prague_1,19043.5,32.43,1,0,,Wednesday,0.9081100000000001
652,2022/4/28,Prague_1,24790.850000000002,32.43,1,0,,Thursday,1.4056
652,2022/4/29,Prague_1,21594.72,32.43,1,0,,Friday,1.4056
652,2022/4/30,Prague_1,20846.14,32.43,1,0,,Saturday,1.4056
652,2022/5/1,Prague_1,13352.71,32.43,1,1,Labour Day,Sunday,0
652,2022/5/2,Prague_1,42005.950000000004,32.43,1,0,,Monday,4.21687
652,2022/5/3,Prague_1,34640.06,32.43,1,0,,Tuesday,4.21687
652,2022/5/4,Prague_1,38207.68,32.43,1,0,,Wednesday,4.21687
652,2022/5/5,Prague_1,44161.53,32.43,1,0,,Thursday,4.21687
652,2022/5/6,Prague_1,44993.69,32.43,1,0,,Friday,4.21687
652,2022/5/7,Prague_1,36414.420000000006,32.43,1,0,,Saturday,4.21687
652,2022/5/8,Prague_1,45571.329999999994,32.43,1,1,Den osvobozeni,Sunday,4.21687
652,2022/5/9,Prague_1,12696.67,32.43,1,0,,Monday,0
652,2022/5/10,Prague_1,16685.34,32.43,1,0,,Tuesday,0
652,2022/5/11,Prague_1,18241.3,25.94,1,0,,Wednesday,0
652,2022/5/12,Prague_1,22419.74,25.94,1,0,,Thursday,0
652,2022/5/13,Prague_1,26632.690000000002,12.95,1,0,,Friday,0
652,2022/5/14,Prague_1,19137.649999999998,35.03,1,0,,Saturday,0
652,2022/5/15,Prague_1,21731.57,16.85,0.8099999999999999,0,,Sunday,0
652,2022/5/16,Prague_1,17154.62,22.04,1,0,,Monday,0
652,2022/5/17,Prague_1,14389.550000000001,22.04,0.57,0,,Tuesday,0
652,2022/5/18,Prague_1,18390.960000000003,22.04,1,0,,Wednesday,0
652,2022/5/19,Prague_1,22979.95,22.04,1,0,,Thursday,0
652,2022/5/20,Prague_1,22184.68,22.04,1,0,,Friday,0
652,2022/5/21,Prague_1,15364.720000000001,22.04,1,0,National Defense Day,Saturday,0
652,2022/5/22,Prague_1,19118.68,22.04,0.66,0,,Sunday,0
652,2022/5/23,Prague_1,19296.690000000002,22.04,1,0,,Monday,0
652,2022/5/24,Prague_1,15875.16,22.04,1,0,,Tuesday,0
652,2022/5/25,Prague_1,9814.91,23.34,0.9400000000000001,0,,Wednesday,0
652,2022/5/26,Prague_1,17793.789999999997,23.34,1,1,Ascension day,Thursday,0
652,2022/5/27,Prague_1,25088,23.34,1,0,,Friday,0.4424
652,2022/5/28,Prague_1,14992.600000000002,23.34,1,0,,Saturday,0
652,2022/5/29,Prague_1,17934.559999999998,23.34,1,0,,Sunday,0
652,2022/5/30,Prague_1,17678.08,24.640000000000004,1,0,,Monday,0
652,2022/5/31,Prague_1,15776.320000000002,24.640000000000004,1,0,,Tuesday,0
652,2022/6/1,Prague_1,16855.09,24.640000000000004,1,0,,Wednesday,0
652,2022/6/2,Prague_1,15833.02,24.640000000000004,1,0,,Thursday,0
652,2022/6/3,Prague_1,20527.99,24.640000000000004,1,0,,Friday,0
652,2022/6/4,Prague_1,16166.009999999998,24.640000000000004,1,0,Day of National Unity,Saturday,0
652,2022/6/5,Prague_1,12968.9,24.640000000000004,0.6900000000000001,1,Whit sunday,Sunday,0
652,2022/6/6,Prague_1,17560.62,24.640000000000004,1,1,Whit monday,Monday,0
652,2022/6/7,Prague_1,17083.850000000002,24.640000000000004,1,0,,Tuesday,0
652,2022/6/8,Prague_1,16227.539999999999,24.640000000000004,1,0,,Wednesday,0
652,2022/6/9,Prague_1,18758.32,24.640000000000004,1,0,,Thursday,0
652,2022/6/10,Prague_1,18937.940000000002,24.640000000000004,1,0,,Friday,0
652,2022/6/11,Prague_1,15364.300000000001,24.640000000000004,1,0,,Saturday,0
652,2022/6/12,Prague_1,17562.16,24.640000000000004,1,0,,Sunday,0
652,2022/6/13,Prague_1,16859.57,27.24,1,0,,Monday,0
652,2022/6/14,Prague_1,15187.48,27.24,1,0,,Tuesday,0
652,2022/6/15,Prague_1,16130.029999999999,27.24,1,0,,Wednesday,0
652,2022/6/16,Prague_1,17993.99,27.24,1,1,Corpus Christi,Thursday,0
652,2022/6/17,Prague_1,21530.67,24.640000000000004,1,0,,Friday,0
652,2022/6/18,Prague_1,15544.27,24.640000000000004,1,0,,Saturday,0
652,2022/6/19,Prague_1,20563.2,24.640000000000004,1,0,Independent Hungary Day,Sunday,0
652,2022/6/20,Prague_1,36779.26,24.640000000000004,1,0,,Monday,2.59259
652,2022/6/21,Prague_1,30570.75,24.640000000000004,1,0,,Tuesday,2.59259
652,2022/6/22,Prague_1,29538.109999999997,24.640000000000004,1,0,,Wednesday,2.59259
652,2022/6/23,Prague_1,34861.68,24.640000000000004,1,0,,Thursday,2.59259
652,2022/6/24,Prague_1,35548.52,24.640000000000004,1,0,,Friday,2.59259
652,2022/6/25,Prague_1,25536.07,24.640000000000004,1,0,,Saturday,2.59259
652,2022/6/26,Prague_1,24096.45,24.640000000000004,1,0,,Sunday,2.50705
652,2022/6/27,Prague_1,15391.320000000002,24.640000000000004,1,0,,Monday,1.21429
652,2022/6/28,Prague_1,19229,24.640000000000004,1,0,,Tuesday,2.22222
652,2022/6/29,Prague_1,16880.850000000002,24.640000000000004,1,0,,Wednesday,2.22222
652,2022/6/30,Prague_1,18589.34,24.640000000000004,1,0,,Thursday,2.29705
652,2022/7/1,Prague_1,19084.309999999998,24.640000000000004,1,0,,Friday,2.22222
652,2022/7/2,Prague_1,5973.59,24.640000000000004,1,0,,Saturday,0
652,2022/7/3,Prague_1,10724.63,24.640000000000004,1,0,,Sunday,0
652,2022/7/4,Prague_1,12337.99,24.640000000000004,1,0,,Monday,0
652,2022/7/5,Prague_1,9700.39,24.640000000000004,1,1,Cyrila a Metodej,Tuesday,0
652,2022/7/6,Prague_1,9824.08,24.640000000000004,1,1,Jan Hus,Wednesday,0
652,2022/7/7,Prague_1,11674.6,24.640000000000004,1,0,,Thursday,0
652,2022/7/8,Prague_1,13812.61,24.640000000000004,1,0,,Friday,0
652,2022/7/9,Prague_1,14121.1,24.640000000000004,1,0,,Saturday,0
652,2022/7/10,Prague_1,14136.57,24.640000000000004,1,0,,Sunday,0
652,2022/7/11,Prague_1,12849.269999999999,24.640000000000004,1,0,,Monday,0
652,2022/7/12,Prague_1,10794.769999999999,24.640000000000004,1,0,,Tuesday,0
652,2022/7/13,Prague_1,12946.220000000001,24.640000000000004,1,0,,Wednesday,0
652,2022/7/14,Prague_1,14017.99,24.640000000000004,1,0,,Thursday,0
652,2022/7/15,Prague_1,16783.55,24.640000000000004,1,0,,Friday,0
652,2022/7/16,Prague_1,12888.19,24.640000000000004,1,0,,Saturday,0
652,2022/7/17,Prague_1,14637.42,24.640000000000004,1,0,,Sunday,0
652,2022/7/18,Prague_1,15705.970000000001,24.640000000000004,1,0,,Monday,0
652,2022/7/19,Prague_1,12697.019999999999,24.640000000000004,1,0,,Tuesday,0
652,2022/7/20,Prague_1,15669.009999999998,24.640000000000004,0.54,0,,Wednesday,0
652,2022/7/21,Prague_1,14625.800000000001,24.640000000000004,1,0,,Thursday,0
652,2022/7/22,Prague_1,18694.76,23.34,1,0,,Friday,0
652,2022/7/23,Prague_1,13971.720000000001,23.34,1,0,,Saturday,0
652,2022/7/24,Prague_1,13545.91,23.34,1,0,,Sunday,0
652,2022/7/25,Prague_1,15345.470000000001,32.43,1,0,,Monday,0
652,2022/7/26,Prague_1,11997.16,32.43,1,0,,Tuesday,0
652,2022/7/27,Prague_1,9548.769999999999,32.43,1,0,,Wednesday,0
652,2022/7/28,Prague_1,9919.35,32.43,1,0,,Thursday,0
652,2022/7/29,Prague_1,11682.300000000001,32.43,1,0,,Friday,0
652,2022/7/30,Prague_1,11067.279999999999,32.43,1,0,,Saturday,0
652,2022/7/31,Prague_1,11315.5,32.43,1,0,,Sunday,0
652,2022/8/1,Prague_1,10399.83,32.43,1,0,,Monday,0
652,2022/8/2,Prague_1,9534.35,32.43,1,0,,Tuesday,0
652,2022/8/3,Prague_1,8608.74,32.43,1,0,,Wednesday,0
652,2022/8/4,Prague_1,10072.230000000001,32.43,1,0,,Thursday,0
652,2022/8/5,Prague_1,13172.88,32.43,1,0,,Friday,0
652,2022/8/6,Prague_1,9756.949999999999,32.43,1,0,,Saturday,0
652,2022/8/7,Prague_1,10906.21,32.43,1,0,,Sunday,0
652,2022/8/8,Prague_1,10232.11,32.43,1,1,Peace Festival in Augsburg,Monday,0
652,2022/8/9,Prague_1,8851.64,32.43,1,0,,Tuesday,0
652,2022/8/10,Prague_1,8795.220000000001,32.43,1,0,,Wednesday,0
652,2022/8/11,Prague_1,9179.800000000001,32.43,1,0,,Thursday,0
652,2022/8/12,Prague_1,11614.68,32.43,1,0,,Friday,0
652,2022/8/13,Prague_1,9230.62,32.43,1,0,,Saturday,0
652,2022/8/14,Prague_1,10697.89,32.43,1,0,,Sunday,0
652,2022/8/15,Prague_1,10782.449999999999,32.43,1,1,Assumption of the Virgin Mary,Monday,0
652,2022/8/16,Prague_1,8545.25,32.43,1,0,,Tuesday,0
652,2022/8/17,Prague_1,8851.36,32.43,0.76,0,,Wednesday,0
652,2022/8/18,Prague_1,10083.15,32.43,1,0,,Thursday,0
652,2022/8/19,Prague_1,11046.56,33.73,1,0,,Friday,0
652,2022/8/20,Prague_1,9415.14,33.73,1,1,State Foundation Day,Saturday,0
652,2022/8/21,Prague_1,9205.07,33.73,1,0,,Sunday,0
652,2022/8/22,Prague_1,9483.949999999999,33.73,1,0,,Monday,0
652,2022/8/23,Prague_1,8725.01,33.73,1,0,,Tuesday,0
652,2022/8/24,Prague_1,6929.79,33.73,1,0,,Wednesday,0
652,2022/8/25,Prague_1,9905.49,33.73,1,0,,Thursday,0
652,2022/8/26,Prague_1,10435.18,33.73,1,0,,Friday,0
652,2022/8/27,Prague_1,8066.9400000000005,33.73,1,0,,Saturday,0
652,2022/8/28,Prague_1,11223.24,33.73,1,0,,Sunday,0
652,2022/8/29,Prague_1,12019.35,33.73,1,0,,Monday,0
652,2022/8/30,Prague_1,8677.199999999999,33.73,1,0,,Tuesday,0
652,2022/8/31,Prague_1,8412.04,33.73,1,0,,Wednesday,0
652,2022/9/1,Prague_1,10897.32,33.73,1,0,,Thursday,0
652,2022/9/2,Prague_1,11037.74,33.73,1,0,,Friday,0
652,2022/9/3,Prague_1,8557.220000000001,33.73,1,0,,Saturday,0
652,2022/9/4,Prague_1,9658.39,33.73,1,0,,Sunday,0
652,2022/9/5,Prague_1,10798.480000000001,35.03,1,0,,Monday,0
652,2022/9/6,Prague_1,9668.96,35.03,1,0,,Tuesday,0
652,2022/9/7,Prague_1,9937.13,35.03,1,0,,Wednesday,0
652,2022/9/8,Prague_1,10888.779999999999,35.03,1,0,,Thursday,0
652,2022/9/9,Prague_1,12041.68,35.03,1,0,,Friday,0
652,2022/9/10,Prague_1,10305.75,35.03,0.64,0,,Saturday,0
652,2022/9/11,Prague_1,10319.68,35.03,0.47000000000000003,0,,Sunday,0
652,2022/9/12,Prague_1,11731.019999999999,35.03,1,0,,Monday,0
652,2022/9/13,Prague_1,9073.050000000001,35.03,0.68,0,,Tuesday,0
652,2022/9/14,Prague_1,9536.94,35.03,1,0,,Wednesday,0
652,2022/9/15,Prague_1,10699.71,35.03,1,0,,Thursday,0
652,2022/9/16,Prague_1,12365.85,35.03,1,0,,Friday,0
652,2022/9/17,Prague_1,9671.62,35.03,1,0,,Saturday,0
652,2022/9/18,Prague_1,10269.279999999999,35.03,1,0,,Sunday,0
652,2022/9/19,Prague_1,11628.19,35.03,1,0,,Monday,0
652,2022/9/20,Prague_1,12001.64,29.84,1,0,,Tuesday,0
652,2022/9/21,Prague_1,10028.480000000001,29.84,1,0,,Wednesday,0
652,2022/9/22,Prague_1,11664.800000000001,29.84,1,0,,Thursday,0
652,2022/9/23,Prague_1,13777.12,29.84,1,0,,Friday,0
652,2022/9/24,Prague_1,10635.029999999999,28.54,1,0,,Saturday,0
652,2022/9/25,Prague_1,12543.16,28.54,1,0,,Sunday,0
652,2022/9/26,Prague_1,9722.86,28.54,1,0,,Monday,0
652,2022/9/27,Prague_1,12161.519999999999,28.54,1,0,,Tuesday,0
652,2022/9/28,Prague_1,9459.24,28.54,1,1,Den ceske statnosti,Wednesday,0
652,2022/9/29,Prague_1,9355.92,28.54,1,0,,Thursday,0
652,2022/9/30,Prague_1,9223.34,28.54,1,0,,Friday,0
652,2022/10/1,Prague_1,7234.43,28.54,1,0,,Saturday,0
652,2022/10/2,Prague_1,8829.029999999999,28.54,1,0,,Sunday,0
652,2022/10/3,Prague_1,11454.17,28.54,1,1,German Unity Day,Monday,0
652,2022/10/4,Prague_1,8028.79,28.54,0.9799999999999999,0,,Tuesday,0
652,2022/10/5,Prague_1,11415.46,28.54,1,0,,Wednesday,0
652,2022/10/6,Prague_1,12635.279999999999,28.54,1,0,Memorial Day for the Martyrs of Arad,Thursday,0
652,2022/10/7,Prague_1,14381.08,28.54,1,0,,Friday,0
652,2022/10/8,Prague_1,11493.44,28.54,1,0,,Saturday,0
652,2022/10/9,Prague_1,12233.199999999999,28.54,1,0,,Sunday,0
652,2022/10/10,Prague_1,28978.04,28.54,1,0,,Monday,2.23741
652,2022/10/11,Prague_1,26874.47,28.54,1,0,,Tuesday,2.23741
652,2022/10/12,Prague_1,26454.399999999998,28.54,1,0,,Wednesday,2.23741
652,2022/10/13,Prague_1,27610.87,28.54,1,0,,Thursday,2.23741
652,2022/10/14,Prague_1,30533.299999999996,28.54,1,0,,Friday,2.23741
652,2022/10/15,Prague_1,23420.809999999998,28.54,1,0,,Saturday,2.23741
652,2022/10/16,Prague_1,25464.25,28.54,1,0,,Sunday,2.1589400000000003
652,2022/10/17,Prague_1,9197.58,28.54,1,0,,Monday,0
652,2022/10/18,Prague_1,10552.85,28.54,1,0,,Tuesday,0
652,2022/10/19,Prague_1,10091.480000000001,28.54,1,0,,Wednesday,0
652,2022/10/20,Prague_1,10068.31,28.54,1,0,,Thursday,0
652,2022/10/21,Prague_1,11427.92,28.54,1,0,,Friday,0
652,2022/10/22,Prague_1,9621.85,28.54,1,0,,Saturday,0
652,2022/10/23,Prague_1,8672.51,28.54,1,1,Memorial day of the 1956 Revolution,Sunday,0
652,2022/10/24,Prague_1,10954.79,28.54,1,0,,Monday,0
652,2022/10/25,Prague_1,10362.800000000001,28.54,1,0,,Tuesday,0
652,2022/10/26,Prague_1,11660.18,28.54,1,0,,Wednesday,0
652,2022/10/27,Prague_1,13040.65,28.54,1,0,,Thursday,0
652,2022/10/28,Prague_1,10000.62,28.54,1,1,Den vzniku samostatneho ceskoslovenskeho statu,Friday,0
652,2022/10/29,Prague_1,9684.08,28.54,1,0,,Saturday,0
652,2022/10/30,Prague_1,13660.5,28.54,1,0,,Sunday,0
652,2022/10/31,Prague_1,10825.57,28.54,1,1,Reformation Day,Monday,0
652,2022/11/1,Prague_1,9796.71,28.54,1,1,All Saints Day,Tuesday,0
652,2022/11/2,Prague_1,9018.519999999999,28.54,1,0,,Wednesday,0
652,2022/11/3,Prague_1,10258.36,28.54,1,0,,Thursday,0
652,2022/11/4,Prague_1,15000.369999999999,28.54,1,0,,Friday,0
652,2022/11/5,Prague_1,13101.970000000001,28.54,1,0,,Saturday,0
652,2022/11/6,Prague_1,11303.04,28.54,0.87,0,,Sunday,0
652,2022/11/7,Prague_1,13258.21,28.54,0.75,0,,Monday,0
652,2022/11/8,Prague_1,13731.41,28.54,1,0,,Tuesday,0
652,2022/11/9,Prague_1,11617.69,28.54,1,0,,Wednesday,0
652,2022/11/10,Prague_1,6051.29,25.94,1,0,,Thursday,0
652,2022/11/11,Prague_1,14410.130000000001,25.94,1,0,,Friday,0
652,2022/11/12,Prague_1,12649.07,25.94,0.51,0,,Saturday,0
652,2022/11/13,Prague_1,13106.800000000001,28.54,1,0,,Sunday,0
652,2022/11/14,Prague_1,12603.220000000001,28.54,1,0,,Monday,0
652,2022/11/15,Prague_1,11722.269999999999,28.54,1,0,,Tuesday,0
652,2022/11/16,Prague_1,14303.449999999999,28.54,1,0,,Wednesday,0
652,2022/11/17,Prague_1,11611.18,28.54,1,1,Den boje za svobodu a demokracii,Thursday,0
652,2022/11/18,Prague_1,12401.970000000001,28.54,1,0,,Friday,0
652,2022/11/19,Prague_1,11038.16,28.54,1,0,,Saturday,0
652,2022/11/20,Prague_1,14481.67,28.54,1,0,,Sunday,0
652,2022/11/21,Prague_1,12364.730000000001,28.54,1,0,,Monday,0
652,2022/11/22,Prague_1,11652.9,28.54,1,0,,Tuesday,0
652,2022/11/23,Prague_1,10660.79,28.54,1,0,,Wednesday,0
652,2022/11/24,Prague_1,16512.02,28.54,1,0,,Thursday,0
652,2022/11/25,Prague_1,19469.52,28.54,1,0,,Friday,0
652,2022/11/26,Prague_1,12971.42,28.54,1,0,,Saturday,0
652,2022/11/27,Prague_1,10957.800000000001,28.54,1,0,,Sunday,0
652,2022/11/28,Prague_1,12211.64,28.54,1,0,,Monday,0
652,2022/11/29,Prague_1,9883.09,28.54,1,0,,Tuesday,0
652,2022/11/30,Prague_1,11045.300000000001,28.54,1,0,,Wednesday,0
652,2022/12/1,Prague_1,12419.4,28.54,1,0,,Thursday,0
652,2022/12/2,Prague_1,14960.75,28.54,1,0,,Friday,0
652,2022/12/3,Prague_1,15193.36,28.54,1,0,,Saturday,0
652,2022/12/4,Prague_1,18653.600000000002,28.54,1,0,,Sunday,0
652,2022/12/5,Prague_1,26330.710000000003,28.54,1,0,,Monday,2.23741
652,2022/12/6,Prague_1,31202.5,28.54,1,0,,Tuesday,2.23741
652,2022/12/7,Prague_1,34398.91,28.54,1,0,,Wednesday,2.23741
652,2022/12/8,Prague_1,36185.869999999995,28.54,1,0,,Thursday,2.23741
652,2022/12/9,Prague_1,35771.61,28.54,1,0,,Friday,2.23741
652,2022/12/10,Prague_1,18297.3,28.54,1,0,,Saturday,2.23741
652,2022/12/11,Prague_1,17100.09,28.54,0.03,0,,Sunday,2.1589400000000003
652,2022/12/12,Prague_1,8819.300000000001,28.54,0.89,0,,Monday,0
652,2022/12/13,Prague_1,16654.539999999997,28.54,1,0,,Tuesday,0
652,2022/12/14,Prague_1,18971.26,28.54,1,0,,Wednesday,0
652,2022/12/15,Prague_1,11440.730000000001,28.54,0.15,0,,Thursday,0
652,2022/12/16,Prague_1,22798.09,28.54,0.52,0,,Friday,0
652,2022/12/17,Prague_1,14234.220000000001,28.54,0.62,0,,Saturday,0
652,2022/12/18,Prague_1,11667.67,28.54,0.44,0,,Sunday,0
652,2022/12/19,Prague_1,25197.48,28.54,1,0,,Monday,0
652,2022/12/20,Prague_1,31987.899999999998,28.54,1,0,,Tuesday,0
652,2022/12/21,Prague_1,17781.61,28.54,1,0,,Wednesday,0
652,2022/12/22,Prague_1,11275.39,28.54,0.46,0,,Thursday,0
652,2022/12/23,Prague_1,9644.39,29.84,1,0,,Friday,0
652,2022/12/24,Prague_1,3346.21,29.84,1,1,Christmas Eve,Saturday,0
652,2022/12/25,Prague_1,9907.38,29.84,1,1,1st Christmas Day,Sunday,0
652,2022/12/26,Prague_1,12078.779999999999,29.84,1,1,2nd Christmas Day,Monday,0
652,2022/12/27,Prague_1,20288.309999999998,29.84,1,0,,Tuesday,0
652,2022/12/28,Prague_1,20610.8,29.84,1,0,,Wednesday,0
652,2022/12/29,Prague_1,28216.02,29.84,1,0,,Thursday,0
652,2022/12/30,Prague_1,14445.899999999998,29.84,0.87,0,,Friday,0
652,2022/12/31,Prague_1,8496.6,29.84,1,0,,Saturday,0
652,2023/1/1,Prague_1,16258.970000000001,29.84,1,1,New Years Day,Sunday,0
652,2023/1/2,Prague_1,7724.150000000001,32.43,1,0,,Monday,0
652,2023/1/3,Prague_1,21406.84,32.43,0.78,0,,Tuesday,0
652,2023/1/4,Prague_1,13649.65,32.43,1,0,,Wednesday,0
652,2023/1/5,Prague_1,14219.94,32.43,0.04,0,,Thursday,0
652,2023/1/7,Prague_1,26858.86,32.43,0.62,0,,Saturday,0
652,2023/1/8,Prague_1,23685.83,32.43,1,0,,Sunday,0
652,2023/1/9,Prague_1,22563.87,32.43,1,0,,Monday,0
652,2023/1/10,Prague_1,21944.789999999997,32.43,1,0,,Tuesday,0
652,2023/1/11,Prague_1,24047.8,32.43,1,0,,Wednesday,0
652,2023/1/12,Prague_1,24835.58,32.43,1,0,,Thursday,0
652,2023/1/13,Prague_1,26600.63,32.43,1,0,,Friday,0
652,2023/1/14,Prague_1,21894.32,32.43,1,0,,Saturday,0
652,2023/1/15,Prague_1,23525.460000000003,32.43,1,0,,Sunday,0
652,2023/1/16,Prague_1,20177.710000000003,32.43,1,0,,Monday,0
652,2023/1/17,Prague_1,19469.24,32.43,1,0,,Tuesday,0
652,2023/1/18,Prague_1,20020.210000000003,32.43,1,0,,Wednesday,0
652,2023/1/19,Prague_1,25197.34,32.43,1,0,,Thursday,0
652,2023/1/20,Prague_1,36114.96,32.43,1,0,,Friday,1.43633
652,2023/1/21,Prague_1,32715.269999999997,32.43,1,0,,Saturday,1.37907
652,2023/1/22,Prague_1,20925.38,32.43,1,0,,Sunday,0
652,2023/1/23,Prague_1,22092.210000000003,32.43,0.52,0,,Monday,0
652,2023/1/24,Prague_1,18609.850000000002,32.43,1,0,,Tuesday,0
652,2023/1/25,Prague_1,20760.25,32.43,1,0,,Wednesday,0
652,2023/1/26,Prague_1,24232.88,32.43,1,0,,Thursday,0
652,2023/1/27,Prague_1,31636.640000000003,32.43,1,0,,Friday,0.84602
652,2023/1/28,Prague_1,30002.559999999998,32.43,1,0,,Saturday,1.4056
652,2023/1/29,Prague_1,34322.119999999995,32.43,1,0,,Sunday,1.4056
652,2023/1/30,Prague_1,20308.75,32.43,1,0,,Monday,0
652,2023/1/31,Prague_1,18375.91,32.43,1,0,,Tuesday,0
652,2023/2/1,Prague_1,21744.8,32.43,0.96,0,Memorial Day of the Republic,Wednesday,0
652,2023/2/2,Prague_1,24360.559999999998,32.43,1,0,,Thursday,0
652,2023/2/3,Prague_1,25934.58,32.43,1,0,,Friday,0
652,2023/2/4,Prague_1,21270.059999999998,32.43,1,0,,Saturday,0
652,2023/2/5,Prague_1,14004.199999999999,32.43,1,0,,Sunday,0
652,2023/2/6,Prague_1,19864.32,32.43,1,0,,Monday,0
652,2023/2/7,Prague_1,18517.59,32.43,1,0,,Tuesday,0
652,2023/2/8,Prague_1,18916.03,33.73,1,0,,Wednesday,0
652,2023/2/9,Prague_1,16180.149999999998,33.73,1,0,,Thursday,0
652,2023/2/10,Prague_1,28458.08,33.73,1,0,,Friday,0
652,2023/2/11,Prague_1,17758.649999999998,33.73,1,0,,Saturday,0
652,2023/2/12,Prague_1,21744.940000000002,33.73,0.37,0,,Sunday,0
652,2023/2/13,Prague_1,17595.27,46.71999999999999,0.02,0,,Monday,0
652,2023/2/14,Prague_1,15900.36,46.71999999999999,0.58,0,,Tuesday,0
652,2023/2/15,Prague_1,13231.61,46.71999999999999,1,0,,Wednesday,0
652,2023/2/16,Prague_1,20810.86,46.71999999999999,0.89,0,,Thursday,0
652,2023/2/17,Prague_1,9751,46.71999999999999,1,0,,Friday,0
652,2023/2/18,Prague_1,14756.84,46.71999999999999,0.46,0,,Saturday,0
652,2023/2/19,Prague_1,15896.86,46.71999999999999,1,0,,Sunday,0
652,2023/2/20,Prague_1,13235.04,46.71999999999999,0.59,0,,Monday,0
652,2023/2/21,Prague_1,17376.100000000002,46.71999999999999,1,0,,Tuesday,0
652,2023/2/22,Prague_1,20195.77,46.71999999999999,1,0,,Wednesday,0
652,2023/2/23,Prague_1,23808.26,46.71999999999999,1,0,,Thursday,0
652,2023/2/24,Prague_1,27219.710000000003,46.71999999999999,1,0,,Friday,0
652,2023/2/25,Prague_1,21098.98,46.71999999999999,1,0,Memorial Day for the Victims of the Communist Dictatorships,Saturday,0
652,2023/2/26,Prague_1,15087.31,46.71999999999999,1,0,,Sunday,0
652,2023/2/27,Prague_1,18395.02,46.71999999999999,1,0,,Monday,0
652,2023/2/28,Prague_1,17734.78,46.71999999999999,1,0,,Tuesday,0
652,2023/3/1,Prague_1,18518.710000000003,46.71999999999999,1,0,,Wednesday,0
652,2023/3/2,Prague_1,20906.83,46.71999999999999,1,0,,Thursday,0
652,2023/3/3,Prague_1,23021.11,46.71999999999999,1,0,,Friday,0
652,2023/3/4,Prague_1,18621.75,46.71999999999999,1,0,,Saturday,0
652,2023/3/5,Prague_1,4894.47,46.71999999999999,1,0,,Sunday,0
652,2023/3/6,Prague_1,4117.610000000001,46.71999999999999,0.87,0,,Monday,0
652,2023/3/7,Prague_1,9870.49,46.71999999999999,0.76,0,,Tuesday,0
652,2023/3/8,Prague_1,16438.73,46.71999999999999,1,0,International womens day,Wednesday,0
652,2023/3/9,Prague_1,20861.190000000002,45.42,1,0,,Thursday,0
652,2023/3/10,Prague_1,24696.49,45.42,1,0,,Friday,0
652,2023/3/11,Prague_1,19243.84,45.42,1,0,,Saturday,0
652,2023/3/12,Prague_1,19915.350000000002,45.42,1,0,,Sunday,0
652,2023/3/13,Prague_1,19051.76,45.42,1,0,,Monday,0
652,2023/3/14,Prague_1,16945.32,45.42,1,0,,Tuesday,0
652,2023/3/15,Prague_1,16464.07,45.42,1,1,Memorial Day for the Victims of the Holocaust,Wednesday,0
652,2023/3/16,Prague_1,18738.58,45.42,1,0,,Thursday,0
652,2023/3/17,Prague_1,20899.83,45.42,1,0,,Friday,0
652,2023/3/18,Prague_1,15840.23,45.42,1,0,,Saturday,0
652,2023/3/19,Prague_1,19845.7,45.42,1,0,,Sunday,0
652,2023/3/20,Prague_1,38822.98,45.42,1,0,,Monday,2.60743
652,2023/3/21,Prague_1,36552.880000000005,45.42,1,0,,Tuesday,2.60743
652,2023/3/22,Prague_1,33873,45.42,1,0,,Wednesday,2.60743
652,2023/3/23,Prague_1,38936.869999999995,45.42,1,0,,Thursday,2.60743
652,2023/3/24,Prague_1,40664.19,45.42,1,0,,Friday,2.60743
652,2023/3/25,Prague_1,32283.510000000002,45.42,1,0,,Saturday,2.60743
652,2023/3/26,Prague_1,35564.48,45.42,1,0,,Sunday,2.51601
652,2023/3/27,Prague_1,29855.84,45.42,1,0,,Monday,2.25232
652,2023/3/28,Prague_1,27821.64,45.42,1,0,,Tuesday,2.60743
652,2023/3/29,Prague_1,26561.57,45.42,1,0,,Wednesday,2.60743
652,2023/3/30,Prague_1,14781.199999999999,45.42,1,0,,Thursday,0.12242999999999998
652,2023/3/31,Prague_1,35708.82,32.43,1,0,,Friday,1.4056
652,2023/4/1,Prague_1,29841.559999999998,32.43,1,0,,Saturday,1.4056
652,2023/4/2,Prague_1,18591.72,32.43,1,0,,Sunday,0
652,2023/4/3,Prague_1,17929.87,32.43,1,0,,Monday,0
652,2023/4/4,Prague_1,18889.64,32.43,1,0,,Tuesday,0
652,2023/4/5,Prague_1,25531.940000000002,33.73,1,0,,Wednesday,0
652,2023/4/6,Prague_1,23102.73,33.73,1,0,,Thursday,0
652,2023/4/7,Prague_1,14550.83,33.73,1,1,Good Friday,Friday,0
652,2023/4/8,Prague_1,11735.779999999999,33.73,1,1,,Saturday,0
652,2023/4/9,Prague_1,14608.23,33.73,1,1,,Sunday,0
652,2023/4/10,Prague_1,19078.08,33.73,1,1,Easter Monday,Monday,0
652,2023/4/11,Prague_1,24065.649999999998,33.73,1,0,,Tuesday,0
652,2023/4/12,Prague_1,23324.63,33.73,1,0,,Wednesday,0.58499
652,2023/4/13,Prague_1,30461.200000000004,33.73,1,0,,Thursday,1.6539599999999999
652,2023/4/14,Prague_1,24405.01,33.73,1,0,,Friday,0
652,2023/4/15,Prague_1,17568.67,33.73,1,0,,Saturday,0
652,2023/4/16,Prague_1,19085.01,33.73,1,0,Memorial Day for the Victims of the Holocaust,Sunday,0
652,2023/4/17,Prague_1,59003,33.73,1,0,,Monday,4.32432
652,2023/4/18,Prague_1,57191.96,33.73,1,0,,Tuesday,4.32432
652,2023/4/19,Prague_1,53148.130000000005,33.73,1,0,,Wednesday,4.32432
652,2023/4/20,Prague_1,57089.34,33.73,1,0,,Thursday,4.32432
652,2023/4/21,Prague_1,60970.630000000005,33.73,1,0,,Friday,4.32432
652,2023/4/22,Prague_1,43213.450000000004,33.73,1,0,,Saturday,4.32432
652,2023/4/23,Prague_1,54428.85,33.73,0.97,0,,Sunday,4.32432
652,2023/4/24,Prague_1,32511.149999999998,33.73,0.9799999999999999,0,,Monday,2.73455
652,2023/4/25,Prague_1,32681.18,25.94,0.97,0,,Tuesday,2.81407
652,2023/4/26,Prague_1,34872.32,25.94,0.97,0,,Wednesday,2.81407
652,2023/4/27,Prague_1,40454.61,25.94,1,0,,Thursday,2.81407
652,2023/4/28,Prague_1,37104.76,25.94,1,0,,Friday,2.81407
652,2023/4/29,Prague_1,30679.88,25.94,0.96,0,,Saturday,2.81407
652,2023/4/30,Prague_1,26275.48,25.94,0.96,0,,Sunday,2.71537
652,2023/5/1,Prague_1,30871.609999999997,25.94,1,1,Labour Day,Monday,2.81407
652,2023/5/2,Prague_1,15974.350000000002,25.94,1,0,,Tuesday,0
652,2023/5/3,Prague_1,14221.06,22.04,1,0,,Wednesday,0
652,2023/5/4,Prague_1,17600.73,22.04,1,0,,Thursday,0
652,2023/5/5,Prague_1,19782.559999999998,22.04,1,0,,Friday,0
652,2023/5/6,Prague_1,13898.43,22.04,1,0,,Saturday,0
652,2023/5/7,Prague_1,15878.52,23.34,1,0,,Sunday,0
652,2023/5/8,Prague_1,17451.559999999998,23.34,1,1,Den osvobozeni,Monday,0
652,2023/5/9,Prague_1,19664.12,23.34,1,0,,Tuesday,0
652,2023/5/10,Prague_1,16149.699999999999,23.34,1,0,,Wednesday,0
652,2023/5/11,Prague_1,16433.690000000002,23.34,1,0,,Thursday,0
652,2023/5/12,Prague_1,17810.59,23.34,1,0,,Friday,0
652,2023/5/13,Prague_1,12570.949999999999,23.34,1,0,,Saturday,0
652,2023/5/14,Prague_1,17215.38,23.34,1,0,,Sunday,0
652,2023/5/15,Prague_1,50635.34,23.34,1,0,,Monday,4.30164
652,2023/5/16,Prague_1,48271.65,23.34,1,0,,Tuesday,4.30164
652,2023/5/17,Prague_1,47092.43,23.34,1,0,,Wednesday,4.30164
652,2023/5/18,Prague_1,52244.99,23.34,1,1,Ascension day,Thursday,4.30164
652,2023/5/19,Prague_1,54638.78,23.34,1,0,,Friday,4.30164
652,2023/5/20,Prague_1,40161.94,23.34,1,0,,Saturday,4.30164
652,2023/5/21,Prague_1,47313.420000000006,23.34,1,0,National Defense Day,Sunday,4.15079
652,2023/5/22,Prague_1,48346.829999999994,23.34,1,0,,Monday,3.5195299999999996
652,2023/5/23,Prague_1,41958.630000000005,23.34,1,0,,Tuesday,3.5195299999999996
652,2023/5/24,Prague_1,41838.23,23.34,1,0,,Wednesday,3.5195299999999996
652,2023/5/25,Prague_1,44967.86,23.34,1,0,,Thursday,3.5195299999999996
652,2023/5/26,Prague_1,47056.380000000005,23.34,1,0,,Friday,3.5195299999999996
652,2023/5/27,Prague_1,36891.4,23.34,1,0,,Saturday,3.5195299999999996
652,2023/5/28,Prague_1,42024.01,23.34,1,1,Whit sunday,Sunday,3.39612
652,2023/5/29,Prague_1,19377.33,23.34,1,1,Whit monday,Monday,0.47481
652,2023/5/30,Prague_1,23235.38,23.34,1,0,,Tuesday,1.51816
652,2023/5/31,Prague_1,15602.789999999999,23.34,1,0,,Wednesday,2.34633
652,2023/6/1,Prague_1,20832.77,23.34,1,0,,Thursday,0
652,2023/6/2,Prague_1,25056.78,23.34,1,0,,Friday,0
652,2023/6/3,Prague_1,17995.32,23.34,1,0,,Saturday,0
652,2023/6/4,Prague_1,23927.47,23.34,1,0,Day of National Unity,Sunday,0
652,2023/6/5,Prague_1,51646.77,23.34,1,0,,Monday,3.12851
652,2023/6/6,Prague_1,44398.34,23.34,1,0,,Tuesday,3.12851
652,2023/6/7,Prague_1,38955.49,23.34,1,0,,Wednesday,3.12851
652,2023/6/8,Prague_1,49627.41,23.34,1,1,Corpus Christi,Thursday,3.12851
652,2023/6/9,Prague_1,51288.09,23.34,1,0,,Friday,3.12851
652,2023/6/10,Prague_1,37134.86,23.34,1,0,,Saturday,3.12851
652,2023/6/11,Prague_1,42414.54,23.34,1,0,,Sunday,3.0187500000000003
652,2023/6/12,Prague_1,44578.170000000006,23.34,1,0,,Monday,3.12851
652,2023/6/13,Prague_1,39188.66,23.34,1,0,,Tuesday,3.12851
652,2023/6/14,Prague_1,39189.99,23.34,1,0,,Wednesday,3.12851
652,2023/6/15,Prague_1,42633.22,23.34,1,0,,Thursday,3.12851
652,2023/6/16,Prague_1,50099.77,23.34,1,0,,Friday,3.12851
652,2023/6/17,Prague_1,37242.52,23.34,1,0,,Saturday,3.12851
652,2023/6/18,Prague_1,41420.049999999996,23.34,1,0,,Sunday,3.0187500000000003
652,2023/6/19,Prague_1,17439.309999999998,23.34,1,0,Independent Hungary Day,Monday,0
652,2023/6/20,Prague_1,19176.08,19.45,1,0,,Tuesday,0
652,2023/6/21,Prague_1,20441.75,19.45,1,0,,Wednesday,0
652,2023/6/22,Prague_1,26082.07,19.45,1,0,,Thursday,0
652,2023/6/23,Prague_1,30498.649999999998,19.45,1,0,,Friday,0
652,2023/6/24,Prague_1,16352.350000000002,19.45,1,0,,Saturday,0
652,2023/6/25,Prague_1,20631.24,19.45,0.97,0,,Sunday,0
652,2023/6/26,Prague_1,18451.789999999997,19.45,1,0,,Monday,0
652,2023/6/27,Prague_1,18380.74,19.45,0.76,0,,Tuesday,0
652,2023/6/28,Prague_1,13228.6,19.45,0.97,0,,Wednesday,0
652,2023/6/29,Prague_1,23039.45,19.45,1,0,,Thursday,0
652,2023/6/30,Prague_1,24348.73,19.45,1,0,,Friday,0
652,2023/7/1,Prague_1,14246.54,19.45,1,0,,Saturday,0
652,2023/7/2,Prague_1,17414.18,19.45,0.9799999999999999,0,,Sunday,0
652,2023/7/3,Prague_1,9777.949999999999,19.45,1,0,,Monday,0
652,2023/7/4,Prague_1,36553.93,19.45,0.48999999999999994,0,,Tuesday,0
652,2023/7/5,Prague_1,12593.14,19.45,1,1,Cyrila a Metodej,Wednesday,0
652,2023/7/6,Prague_1,12754.84,19.45,1,1,Jan Hus,Thursday,0
652,2023/7/7,Prague_1,16873.710000000003,19.45,1,0,,Friday,0
652,2023/7/8,Prague_1,17303.72,23.34,1,0,,Saturday,0
652,2023/7/9,Prague_1,23876.58,23.34,1,0,,Sunday,0
652,2023/7/10,Prague_1,19283.039999999997,23.34,1,0,,Monday,0
652,2023/7/11,Prague_1,13378.96,23.34,1,0,,Tuesday,0
652,2023/7/12,Prague_1,14578.130000000001,23.34,1,0,,Wednesday,0
652,2023/7/13,Prague_1,16193.240000000002,23.34,1,0,,Thursday,0
652,2023/7/14,Prague_1,20065.08,23.34,1,0,,Friday,0
652,2023/7/15,Prague_1,17604.72,23.34,1,0,,Saturday,0
652,2023/7/16,Prague_1,20859.02,23.34,1,0,,Sunday,0
652,2023/7/17,Prague_1,20154.89,23.34,1,0,,Monday,0
652,2023/7/18,Prague_1,17039.12,23.34,1,0,,Tuesday,0
652,2023/7/19,Prague_1,17905.649999999998,23.34,1,0,,Wednesday,0
652,2023/7/20,Prague_1,16270.029999999999,23.34,1,0,,Thursday,0
652,2023/7/21,Prague_1,17889.41,23.34,1,0,,Friday,0
652,2023/7/22,Prague_1,15138.899999999998,23.34,1,0,,Saturday,0
652,2023/7/23,Prague_1,16491.51,23.34,1,0,,Sunday,0
652,2023/7/24,Prague_1,12318.25,23.34,1,0,,Monday,0
652,2023/7/25,Prague_1,15519.490000000002,28.54,0.89,0,,Tuesday,0
652,2023/7/26,Prague_1,10211.529999999999,28.54,1,0,,Wednesday,0
652,2023/7/27,Prague_1,10369.59,28.54,1,0,,Thursday,0
652,2023/7/28,Prague_1,12642.699999999999,28.54,1,0,,Friday,0
652,2023/7/29,Prague_1,11238.43,28.54,1,0,,Saturday,0
652,2023/7/30,Prague_1,13229.720000000001,28.54,1,0,,Sunday,0
652,2023/7/31,Prague_1,17371.2,28.54,1,0,,Monday,1.27722
652,2023/8/1,Prague_1,17991.33,28.54,1,0,,Tuesday,1.35933
652,2023/8/2,Prague_1,11943.89,28.54,1,0,,Wednesday,1.59817
652,2023/8/3,Prague_1,11574.29,28.54,1,0,,Thursday,0
652,2023/8/4,Prague_1,12073.529999999999,28.54,1,0,,Friday,0
652,2023/8/5,Prague_1,10357.199999999999,28.54,1,0,,Saturday,0
652,2023/8/6,Prague_1,12522.79,28.54,1,0,,Sunday,0
652,2023/8/7,Prague_1,13075.019999999999,28.54,1,0,,Monday,0
652,2023/8/8,Prague_1,10782.59,28.54,1,1,Peace Festival in Augsburg,Tuesday,0
652,2023/8/9,Prague_1,11084.71,28.54,1,0,,Wednesday,0
652,2023/8/10,Prague_1,12188.54,28.54,1,0,,Thursday,0
652,2023/8/11,Prague_1,19670.7,28.54,1,0,,Friday,0.61831
652,2023/8/12,Prague_1,18831.61,28.54,1,0,,Saturday,0.96222
652,2023/8/13,Prague_1,16674.91,28.54,1,0,,Sunday,0
652,2023/8/14,Prague_1,13518.19,28.54,1,0,,Monday,0
652,2023/8/15,Prague_1,11321.24,28.54,0.59,1,Assumption of the Virgin Mary,Tuesday,0
652,2023/8/16,Prague_1,14248.01,28.54,1,0,,Wednesday,0
652,2023/8/17,Prague_1,15155.350000000002,28.54,1,0,,Thursday,0
652,2023/8/18,Prague_1,17197.600000000002,28.54,1,0,,Friday,0
652,2023/8/19,Prague_1,13716.57,28.54,1,0,,Saturday,0
652,2023/8/20,Prague_1,17361.82,28.54,1,1,State Foundation Day,Sunday,0
652,2023/8/21,Prague_1,34770.61,28.54,1,0,,Monday,3.19634
652,2023/8/22,Prague_1,34003.06,28.54,1,0,,Tuesday,3.19634
652,2023/8/23,Prague_1,32401.18,28.54,1,0,,Wednesday,3.19634
652,2023/8/24,Prague_1,32340.63,28.54,1,0,,Thursday,3.19634
652,2023/8/25,Prague_1,31948.700000000004,28.54,1,0,,Friday,3.19634
652,2023/8/26,Prague_1,30622.480000000003,28.54,1,0,,Saturday,3.19634
652,2023/8/27,Prague_1,31937.359999999997,28.54,1,0,,Sunday,3.19634
652,2023/8/28,Prague_1,27335.91,28.54,1,0,,Monday,2.33702
652,2023/8/29,Prague_1,29277.079999999998,28.54,1,0,,Tuesday,2.5571
652,2023/8/30,Prague_1,17964.45,28.54,1,0,,Wednesday,1.08752
652,2023/8/31,Prague_1,12339.6,28.54,1,0,,Thursday,0.07126
652,2023/9/1,Prague_1,15103.06,28.54,1,0,,Friday,0
652,2023/9/2,Prague_1,13032.529999999999,28.54,1,0,,Saturday,0
652,2023/9/3,Prague_1,14925.259999999998,28.54,1,0,,Sunday,0
652,2023/9/4,Prague_1,16353.960000000001,28.54,1,0,,Monday,0
652,2023/9/5,Prague_1,14470.679999999998,28.54,1,0,,Tuesday,0
652,2023/9/6,Prague_1,14461.23,28.54,1,0,,Wednesday,0
652,2023/9/7,Prague_1,16811.34,28.54,1,0,,Thursday,0
652,2023/9/8,Prague_1,19540.850000000002,28.54,1,0,,Friday,0
652,2023/9/9,Prague_1,15728.23,28.54,1,0,,Saturday,0
652,2023/9/10,Prague_1,21688.309999999998,28.54,1,0,,Sunday,0
652,2023/9/11,Prague_1,21160.02,28.54,1,0,,Monday,0
652,2023/9/12,Prague_1,18293.73,25.94,1,0,,Tuesday,0
652,2023/9/13,Prague_1,19110.84,25.94,1,0,,Wednesday,0
652,2023/9/14,Prague_1,18894.75,25.94,1,0,,Thursday,0
652,2023/9/15,Prague_1,20089.93,25.94,1,0,,Friday,0
652,2023/9/16,Prague_1,16249.94,25.94,1,0,,Saturday,0
652,2023/9/17,Prague_1,24046.47,25.94,1,0,,Sunday,0
652,2023/9/18,Prague_1,36897.630000000005,25.94,1,0,,Monday,2.81407
652,2023/9/19,Prague_1,34982.78,25.94,1,0,,Tuesday,2.81407
652,2023/9/20,Prague_1,32705.82,25.94,1,0,,Wednesday,2.81407
652,2023/9/21,Prague_1,35391.51,25.94,1,0,,Thursday,2.81407
652,2023/9/22,Prague_1,38501.54,25.94,1,0,,Friday,2.81407
652,2023/9/23,Prague_1,28596.539999999997,25.94,1,0,,Saturday,2.81407
652,2023/9/24,Prague_1,26009.41,25.94,1,0,,Sunday,1.4718900000000001
652,2023/9/25,Prague_1,25045.51,28.54,1,0,,Monday,1.7588199999999998
652,2023/9/26,Prague_1,23968.7,25.94,1,0,,Tuesday,1.60748
652,2023/9/27,Prague_1,22265.53,25.94,1,0,,Wednesday,0.14007
652,2023/9/28,Prague_1,17046.26,25.94,1,1,Den ceske statnosti,Thursday,0.04858
652,2023/9/29,Prague_1,16551.5,25.94,1,0,,Friday,0
652,2023/9/30,Prague_1,15270.08,25.94,1,0,,Saturday,0
652,2023/10/1,Prague_1,17061.59,25.94,1,0,,Sunday,0
652,2023/10/2,Prague_1,17372.39,25.94,1,0,,Monday,0
652,2023/10/3,Prague_1,15540.699999999999,25.94,1,1,German Unity Day,Tuesday,0
652,2023/10/4,Prague_1,14555.31,25.94,1,0,,Wednesday,0.20482
652,2023/10/5,Prague_1,27191.36,25.94,1,0,,Thursday,1.407
652,2023/10/6,Prague_1,16798.600000000002,25.94,1,0,Memorial Day for the Martyrs of Arad,Friday,0
652,2023/10/7,Prague_1,17734.99,25.94,1,0,,Saturday,0.8468600000000001
652,2023/10/8,Prague_1,19208.98,25.94,1,0,,Sunday,0.8085
652,2023/10/9,Prague_1,30995.230000000003,25.94,1,0,,Monday,2.11057
652,2023/10/10,Prague_1,28780.359999999997,25.94,1,0,,Tuesday,2.11057
652,2023/10/11,Prague_1,28454.09,25.94,1,0,,Wednesday,2.11057
652,2023/10/12,Prague_1,29926.47,25.94,1,0,,Thursday,2.11057
652,2023/10/13,Prague_1,32863.46,25.94,1,0,,Friday,2.11057
652,2023/10/14,Prague_1,26955.88,25.94,1,0,,Saturday,2.11057
652,2023/10/15,Prague_1,29761.059999999998,25.94,1,0,,Sunday,2.11057
652,2023/10/16,Prague_1,13819.96,25.94,1,0,,Monday,0
652,2023/10/17,Prague_1,16108.75,25.94,1,0,,Tuesday,0
652,2023/10/18,Prague_1,16552.83,19.45,1,0,,Wednesday,0
652,2023/10/19,Prague_1,18418.12,19.45,1,0,,Thursday,0
652,2023/10/20,Prague_1,21509.809999999998,19.45,1,0,,Friday,0
652,2023/10/21,Prague_1,14488.25,19.45,1,0,,Saturday,0
652,2023/10/22,Prague_1,19344.99,19.45,1,0,,Sunday,0
652,2023/10/23,Prague_1,17169.600000000002,19.45,1,1,Memorial day of the 1956 Revolution,Monday,0
652,2023/10/24,Prague_1,18374.02,25.94,1,0,,Tuesday,0
652,2023/10/25,Prague_1,18284.350000000002,25.94,1,0,,Wednesday,0
652,2023/10/26,Prague_1,16541.350000000002,25.94,1,0,,Thursday,0
652,2023/10/27,Prague_1,12345.199999999999,25.94,1,0,,Friday,0
652,2023/10/28,Prague_1,16319.52,25.94,1,1,Den vzniku samostatneho ceskoslovenskeho statu,Saturday,0
652,2023/10/29,Prague_1,22268.47,25.94,1,0,,Sunday,0
652,2023/10/30,Prague_1,34949.32,25.94,1,0,,Monday,2.46232
652,2023/10/31,Prague_1,33318.11,25.94,1,1,Reformation Day,Tuesday,2.46232
652,2023/11/1,Prague_1,33306,25.94,1,1,All Saints Day,Wednesday,2.46232
652,2023/11/2,Prague_1,36244.39,25.94,1,0,,Thursday,2.46232
652,2023/11/3,Prague_1,42414.75,25.94,1,0,,Friday,2.46232
652,2023/11/4,Prague_1,28795.62,25.94,1,0,,Saturday,2.46232
652,2023/11/5,Prague_1,33437.18,29.84,1,0,,Sunday,2.46232
652,2023/11/6,Prague_1,15223.460000000001,29.84,1,0,,Monday,0
652,2023/11/7,Prague_1,13973.12,29.84,1,0,,Tuesday,0
652,2023/11/8,Prague_1,14416.08,29.84,1,0,,Wednesday,0
652,2023/11/9,Prague_1,17148.67,29.84,1,0,,Thursday,0
652,2023/11/10,Prague_1,16321.970000000001,29.84,0.22,0,,Friday,0
652,2023/11/11,Prague_1,12596.220000000001,29.84,0.41,0,,Saturday,0
652,2023/11/12,Prague_1,21476.49,29.84,1,0,,Sunday,0
652,2023/11/13,Prague_1,20699.63,29.84,1,0,,Monday,0
652,2023/11/14,Prague_1,6258,33.73,1,0,,Tuesday,0
652,2023/11/15,Prague_1,14993.720000000001,33.73,0.9799999999999999,0,,Wednesday,0
652,2023/11/16,Prague_1,12501.720000000001,33.73,1,0,,Thursday,0
652,2023/11/17,Prague_1,12148.99,33.73,0.91,1,Den boje za svobodu a demokracii,Friday,0
652,2023/11/18,Prague_1,16289.77,33.73,1,0,,Saturday,0
652,2023/11/19,Prague_1,24884.58,33.73,1,0,,Sunday,0
652,2023/11/20,Prague_1,17274.39,33.73,1,0,,Monday,0
652,2023/11/21,Prague_1,15367.240000000002,33.73,1,0,,Tuesday,0
652,2023/11/22,Prague_1,15741.460000000001,33.73,1,0,,Wednesday,0
652,2023/11/23,Prague_1,19017.25,33.73,1,0,,Thursday,0
652,2023/11/24,Prague_1,18996.460000000003,33.73,1,0,,Friday,0
652,2023/11/25,Prague_1,14666.259999999998,33.73,1,0,,Saturday,0
652,2023/11/26,Prague_1,18755.66,33.73,1,0,,Sunday,0
652,2023/11/27,Prague_1,16722.86,33.73,1,0,,Monday,0
652,2023/11/28,Prague_1,14425.529999999999,33.73,1,0,,Tuesday,0
652,2023/11/29,Prague_1,12366.480000000001,33.73,1,0,,Wednesday,0
652,2023/11/30,Prague_1,16071.369999999999,33.73,1,0,,Thursday,0
652,2023/12/1,Prague_1,18109.42,33.73,1,0,,Friday,0
652,2023/12/2,Prague_1,14067.69,33.73,1,0,,Saturday,0
652,2023/12/3,Prague_1,15175.509999999998,33.73,1,0,,Sunday,0
652,2023/12/4,Prague_1,17343.76,33.73,1,0,,Monday,0
652,2023/12/5,Prague_1,12976.46,33.73,1,0,,Tuesday,0
652,2023/12/6,Prague_1,12987.800000000001,33.73,1,0,,Wednesday,0
652,2023/12/7,Prague_1,17955.14,33.73,1,0,,Thursday,0
652,2023/12/8,Prague_1,22121.68,33.73,1,0,,Friday,0
652,2023/12/9,Prague_1,17309.67,33.73,1,0,,Saturday,0
652,2023/12/10,Prague_1,19415.059999999998,33.73,1,0,,Sunday,0
652,2023/12/11,Prague_1,18627.14,33.73,1,0,,Monday,0
652,2023/12/12,Prague_1,17119.48,33.73,1,0,,Tuesday,0
652,2023/12/13,Prague_1,17009.23,33.73,1,0,,Wednesday,0
652,2023/12/14,Prague_1,20628.51,33.73,1,0,,Thursday,0
652,2023/12/15,Prague_1,21183.47,33.73,1,0,,Friday,0
652,2023/12/16,Prague_1,17017.559999999998,33.73,1,0,,Saturday,0
652,2023/12/17,Prague_1,18394.25,33.73,1,0,,Sunday,0
652,2023/12/18,Prague_1,17460.17,33.73,1,0,,Monday,0
652,2023/12/19,Prague_1,22299.62,33.73,1,0,,Tuesday,0
652,2023/12/20,Prague_1,28267.960000000003,33.73,1,0,,Wednesday,0
652,2023/12/21,Prague_1,13799.730000000001,33.73,0.9799999999999999,0,,Thursday,0
652,2023/12/22,Prague_1,29580.46,33.73,1,0,,Friday,0
652,2023/12/23,Prague_1,15403.990000000002,33.73,1,0,,Saturday,0
652,2023/12/24,Prague_1,3663.1699999999996,33.73,1,1,Christmas Eve,Sunday,0
652,2023/12/25,Prague_1,9383.57,33.73,1,1,1st Christmas Day,Monday,0
652,2023/12/26,Prague_1,19655.37,33.73,1,1,2nd Christmas Day,Tuesday,0
652,2023/12/27,Prague_1,27796.86,33.73,1,0,,Wednesday,1.00793
652,2023/12/28,Prague_1,35962.85,33.73,1,0,,Thursday,1.4000000000000001
652,2023/12/29,Prague_1,29095.22,33.73,1,0,,Friday,0
652,2023/12/30,Prague_1,20189.68,33.73,1,0,,Saturday,0
652,2023/12/31,Prague_1,10425.519999999999,33.73,1,0,,Sunday,0
652,2024/1/1,Prague_1,18710.93,32.82,1,1,New Years Day,Monday,0
652,2024/1/2,Prague_1,23318.190000000002,32.82,0.82,0,,Tuesday,0
652,2024/1/3,Prague_1,18220.3,32.82,0.71,0,,Wednesday,0
652,2024/1/4,Prague_1,10643.5,33.73,1,0,,Thursday,0
652,2024/1/5,Prague_1,305.41,33.73,0.91,0,,Friday,0
652,2024/1/6,Prague_1,21207.34,33.73,0.56,1,Epiphany,Saturday,0
652,2024/1/7,Prague_1,12459.300000000001,33.73,1,0,,Sunday,0
652,2024/1/8,Prague_1,23201.78,33.73,0.51,0,,Monday,0
652,2024/1/9,Prague_1,22732.92,33.73,1,0,,Tuesday,0
652,2024/1/10,Prague_1,23270.309999999998,33.73,1,0,,Wednesday,0
652,2024/1/11,Prague_1,28444.149999999998,33.73,1,0,,Thursday,0
652,2024/1/12,Prague_1,32041.170000000002,33.73,1,0,,Friday,0.23604
652,2024/1/13,Prague_1,36975.82,33.73,1,0,,Saturday,1.62162
652,2024/1/14,Prague_1,28891.87,33.73,1,0,,Sunday,0.5453
652,2024/1/15,Prague_1,23269.05,33.73,1,0,,Monday,0
652,2024/1/16,Prague_1,28449.75,33.73,1,0,,Tuesday,1.07632
652,2024/1/17,Prague_1,33835.48,33.73,1,0,,Wednesday,1.62162
652,2024/1/18,Prague_1,25434.08,33.73,1,0,,Thursday,0
652,2024/1/19,Prague_1,28742.769999999997,33.73,1,0,,Friday,0
652,2024/1/20,Prague_1,19244.26,33.73,1,0,,Saturday,0
652,2024/1/21,Prague_1,25948.86,33.73,1,0,,Sunday,0
652,2024/1/22,Prague_1,42804.09,33.73,1,0,,Monday,2.43243
652,2024/1/23,Prague_1,39999.82,33.73,1,0,,Tuesday,2.43243
652,2024/1/24,Prague_1,40755.4,33.73,1,0,,Wednesday,2.43243
652,2024/1/25,Prague_1,37203.11,33.73,0.95,0,,Thursday,2.43243
652,2024/1/26,Prague_1,49241.079999999994,33.73,1,0,,Friday,2.43243
652,2024/1/27,Prague_1,37818.06,33.73,0.91,0,,Saturday,2.43243
652,2024/1/28,Prague_1,22999.2,33.73,0.16,0,,Sunday,2.43243
652,2024/1/29,Prague_1,19591.039999999997,33.73,0.6,0,,Monday,0
652,2024/1/30,Prague_1,16809.45,33.73,1,0,,Tuesday,0
652,2024/1/31,Prague_1,15748.11,33.73,1,0,,Wednesday,0
652,2024/2/1,Prague_1,18480.28,33.73,1,0,Memorial Day of the Republic,Thursday,0
652,2024/2/2,Prague_1,28090.09,33.73,1,0,,Friday,0.87493
652,2024/2/3,Prague_1,26332.53,33.73,1,0,,Saturday,1.4000000000000001
652,2024/2/4,Prague_1,17014.2,33.73,1,0,,Sunday,0
652,2024/2/5,Prague_1,16940.98,33.73,1,0,,Monday,0
652,2024/2/6,Prague_1,15533.630000000001,33.73,1,0,,Tuesday,0
652,2024/2/7,Prague_1,23264.710000000003,33.73,1,0,,Wednesday,0.9720200000000001
652,2024/2/8,Prague_1,18265.8,33.73,1,0,,Thursday,0
652,2024/2/9,Prague_1,20117.72,33.73,1,0,,Friday,0
652,2024/2/10,Prague_1,15928.850000000002,33.73,1,0,,Saturday,0
652,2024/2/11,Prague_1,14695.449999999999,33.73,1,0,,Sunday,0
652,2024/2/12,Prague_1,15558.550000000001,33.73,1,0,,Monday,0
652,2024/2/13,Prague_1,12822.04,33.73,1,0,,Tuesday,0
652,2024/2/14,Prague_1,13874.769999999999,33.73,1,0,,Wednesday,0
652,2024/2/15,Prague_1,17078.39,33.73,1,0,,Thursday,0
652,2024/2/16,Prague_1,22904,31.140000000000004,1,0,,Friday,0
652,2024/2/17,Prague_1,19778.36,31.140000000000004,1,0,,Saturday,0
652,2024/2/18,Prague_1,29225.489999999998,31.140000000000004,1,0,,Sunday,1.17775
652,2024/2/19,Prague_1,28570.78,31.140000000000004,1,0,,Monday,1.4000000000000001
652,2024/2/20,Prague_1,17045.350000000002,31.140000000000004,1,0,,Tuesday,0
652,2024/2/21,Prague_1,14468.02,31.140000000000004,1,0,,Wednesday,0
652,2024/2/22,Prague_1,18231.5,31.140000000000004,1,0,,Thursday,0
652,2024/2/23,Prague_1,22171.52,31.140000000000004,1,0,,Friday,0
652,2024/2/24,Prague_1,17099.460000000003,31.140000000000004,1,0,,Saturday,0
652,2024/2/25,Prague_1,18254.53,31.140000000000004,1,0,Memorial Day for the Victims of the Communist Dictatorships,Sunday,0
652,2024/2/26,Prague_1,19462.87,31.140000000000004,1,0,,Monday,0
652,2024/2/27,Prague_1,17324.09,31.140000000000004,1,0,,Tuesday,0
652,2024/2/28,Prague_1,15878.240000000002,31.140000000000004,1,0,,Wednesday,0
652,2024/2/29,Prague_1,18248.86,31.140000000000004,1,0,,Thursday,0
652,2024/3/1,Prague_1,21527.24,31.140000000000004,1,0,,Friday,0
652,2024/3/2,Prague_1,17334.45,31.140000000000004,1,0,,Saturday,0
652,2024/3/3,Prague_1,17790.289999999997,31.140000000000004,1,0,,Sunday,0
652,2024/3/4,Prague_1,34139.28,31.140000000000004,1,0,,Monday,2.05023
652,2024/3/5,Prague_1,31589.53,31.140000000000004,1,0,,Tuesday,2.05023
652,2024/3/6,Prague_1,29435.769999999997,31.140000000000004,1,0,,Wednesday,2.05023
652,2024/3/7,Prague_1,34305.670000000006,31.140000000000004,1,0,,Thursday,2.05023
652,2024/3/8,Prague_1,38167.64,31.140000000000004,1,0,International womens day,Friday,2.05023
652,2024/3/9,Prague_1,31547.670000000002,31.140000000000004,1,0,,Saturday,2.05023
652,2024/3/10,Prague_1,33276.18,31.140000000000004,1,0,,Sunday,2.05023
652,2024/3/11,Prague_1,30795.309999999998,31.140000000000004,1,0,,Monday,2.05023
652,2024/3/12,Prague_1,28446.600000000002,31.140000000000004,1,0,,Tuesday,2.05023
652,2024/3/13,Prague_1,24878,31.140000000000004,1,0,,Wednesday,1.64416
652,2024/3/14,Prague_1,18326.49,31.140000000000004,1,0,,Thursday,2.05023
652,2024/3/15,Prague_1,26557.58,31.140000000000004,1,1,Memorial Day for the Victims of the Holocaust,Friday,0.54572
652,2024/3/16,Prague_1,30012.640000000003,31.140000000000004,1,0,,Saturday,1.75735
652,2024/3/17,Prague_1,30153.899999999998,31.140000000000004,1,0,,Sunday,1.75735
652,2024/3/18,Prague_1,28353.01,31.140000000000004,1,0,,Monday,1.75735
652,2024/3/19,Prague_1,19456.5,31.140000000000004,1,0,,Tuesday,0.71057
652,2024/3/20,Prague_1,26259.940000000002,31.140000000000004,1,0,,Wednesday,1.4644
652,2024/3/21,Prague_1,17380.649999999998,31.140000000000004,1,0,,Thursday,0
652,2024/3/22,Prague_1,19126.17,31.140000000000004,0.95,0,,Friday,0
652,2024/3/23,Prague_1,17106.460000000003,31.140000000000004,1,0,,Saturday,0
652,2024/3/24,Prague_1,21763.28,31.140000000000004,1,0,,Sunday,0.54628
652,2024/3/25,Prague_1,30068.640000000003,31.140000000000004,1,0,,Monday,1.75735
652,2024/3/26,Prague_1,20937.77,31.140000000000004,1,0,,Tuesday,0.35266000000000003
652,2024/3/27,Prague_1,17977.190000000002,31.140000000000004,1,0,,Wednesday,0
652,2024/3/28,Prague_1,29311.59,31.140000000000004,1,0,,Thursday,0.88536
652,2024/3/29,Prague_1,12383.769999999999,31.140000000000004,1,1,Good Friday,Friday,0
652,2024/3/30,Prague_1,9987.67,31.140000000000004,1,1,,Saturday,0
652,2024/3/31,Prague_1,12073.81,31.140000000000004,1,1,,Sunday,0
652,2024/4/1,Prague_1,23623.600000000002,31.140000000000004,1,1,Easter Monday,Monday,1.06953
652,2024/4/2,Prague_1,18715.48,31.140000000000004,1,0,,Tuesday,0.39493999999999996
652,2024/4/3,Prague_1,12158.86,31.140000000000004,1,0,,Wednesday,0
652,2024/4/4,Prague_1,21454.51,31.140000000000004,1,0,,Thursday,1.01325
652,2024/4/5,Prague_1,28323.33,31.140000000000004,1,0,,Friday,1.4000000000000001
652,2024/4/6,Prague_1,12005.21,31.140000000000004,1,0,,Saturday,0
652,2024/4/7,Prague_1,19001.08,31.140000000000004,1,0,,Sunday,0
652,2024/4/8,Prague_1,47146.61,31.140000000000004,1,0,,Monday,3.22175
652,2024/4/9,Prague_1,50081.36,31.140000000000004,1,0,,Tuesday,3.22175
652,2024/4/10,Prague_1,44507.75,31.140000000000004,1,0,,Wednesday,3.22175
652,2024/4/11,Prague_1,51173.78,31.140000000000004,1,0,,Thursday,3.22175
652,2024/4/12,Prague_1,55953.1,31.140000000000004,1,0,,Friday,3.22175
652,2024/4/13,Prague_1,43325.03,31.140000000000004,1,0,,Saturday,3.22175
652,2024/4/14,Prague_1,44714.950000000004,31.140000000000004,1,0,,Sunday,3.22175
652,2024/4/15,Prague_1,27774.11,31.140000000000004,1,0,,Monday,1.18055
652,2024/4/16,Prague_1,29111.950000000004,31.140000000000004,1,0,Memorial Day for the Victims of the Holocaust,Tuesday,1.4000000000000001
652,2024/4/17,Prague_1,19042.52,31.140000000000004,1,0,,Wednesday,0.49126000000000003
652,2024/4/18,Prague_1,33867.4,31.140000000000004,1,0,,Thursday,1.4000000000000001
652,2024/4/19,Prague_1,25668.3,31.140000000000004,1,0,,Friday,0
652,2024/4/20,Prague_1,20209.7,31.140000000000004,1,0,,Saturday,0
652,2024/4/21,Prague_1,25480.14,31.140000000000004,1,0,,Sunday,0.92953
652,2024/4/22,Prague_1,25000.5,31.140000000000004,1,0,,Monday,0.88137
652,2024/4/23,Prague_1,15858.92,31.140000000000004,1,0,,Tuesday,0
652,2024/4/24,Prague_1,15546.44,31.140000000000004,1,0,,Wednesday,0
652,2024/4/25,Prague_1,21583.66,31.140000000000004,1,0,,Thursday,0
652,2024/4/26,Prague_1,26427.59,31.140000000000004,1,0,,Friday,0
652,2024/4/27,Prague_1,17707.059999999998,31.140000000000004,1,0,,Saturday,0
652,2024/4/28,Prague_1,22041.18,31.140000000000004,1,0,,Sunday,0
652,2024/4/29,Prague_1,21920.99,31.140000000000004,1,0,,Monday,0
652,2024/4/30,Prague_1,24594.43,31.140000000000004,1,0,,Tuesday,0
652,2024/5/1,Prague_1,15965.11,25.94,0.54,1,Labour Day,Wednesday,0
652,2024/5/2,Prague_1,24670.52,25.94,1,0,,Thursday,0
652,2024/5/3,Prague_1,30248.12,25.94,1,0,,Friday,0
652,2024/5/4,Prague_1,19447.82,25.94,1,0,,Saturday,0
652,2024/5/5,Prague_1,22009.47,25.94,1,0,,Sunday,0
652,2024/5/6,Prague_1,22654.03,25.94,1,0,,Monday,0
652,2024/5/7,Prague_1,30578.799999999996,25.94,1,0,,Tuesday,0
652,2024/5/8,Prague_1,22601.95,25.94,1,1,Den osvobozeni,Wednesday,0
652,2024/5/9,Prague_1,23795.309999999998,25.94,1,1,Ascension day,Thursday,0
652,2024/5/10,Prague_1,28388.5,25.94,1,0,,Friday,0
652,2024/5/11,Prague_1,19940.48,25.94,1,0,,Saturday,0
652,2024/5/12,Prague_1,22793.68,25.94,1,0,,Sunday,0
652,2024/5/13,Prague_1,25658.850000000002,25.94,1,0,,Monday,0
652,2024/5/14,Prague_1,23737.210000000003,25.94,1,0,,Tuesday,0
652,2024/5/15,Prague_1,23392.39,25.94,1,0,,Wednesday,0
652,2024/5/16,Prague_1,25529.49,25.94,1,0,,Thursday,0
652,2024/5/17,Prague_1,32378.29,25.94,1,0,,Friday,0
652,2024/5/18,Prague_1,20682.27,25.94,1,0,,Saturday,0
652,2024/5/19,Prague_1,22822.24,25.94,1,1,Whit sunday,Sunday,0
652,2024/5/20,Prague_1,23440.690000000002,25.94,1,1,Whit monday,Monday,0
652,2024/5/21,Prague_1,21798.63,25.94,1,0,National Defense Day,Tuesday,0
652,2024/5/22,Prague_1,22656.62,25.94,1,0,,Wednesday,0
652,2024/5/23,Prague_1,23919.49,25.94,1,0,,Thursday,0
652,2024/5/24,Prague_1,28740.18,25.94,1,0,,Friday,0
652,2024/5/25,Prague_1,19161.59,25.94,1,0,,Saturday,0
652,2024/5/26,Prague_1,25969.09,25.94,1,0,,Sunday,0
652,2024/5/27,Prague_1,27390.09,25.94,1,0,,Monday,0
652,2024/5/28,Prague_1,24137.89,25.94,1,0,,Tuesday,0
652,2024/5/29,Prague_1,21086.8,25.94,0.48,0,,Wednesday,0
652,2024/5/30,Prague_1,33393.64,25.94,1,1,Corpus Christi,Thursday,0
652,2024/5/31,Prague_1,33881.4,25.94,1,0,,Friday,0
652,2024/6/1,Prague_1,28785.96,25.94,1,0,,Saturday,0
652,2024/6/2,Prague_1,29206.730000000003,25.94,1,0,,Sunday,0
2159,2020/8/1,Prague_1,5301.03,3.14,0.63,0,,Saturday,0
2159,2020/8/2,Prague_1,6318.62,3.14,0.59,0,,Sunday,0
2159,2020/8/3,Prague_1,7133.98,3.14,0.64,0,,Monday,0
2159,2020/8/4,Prague_1,6360.55,3.14,0.6,0,,Tuesday,0
2159,2020/8/5,Prague_1,7083.3,3.14,0.52,0,,Wednesday,0
2159,2020/8/6,Prague_1,6623.610000000001,3.14,0.45,0,,Thursday,0
2159,2020/8/7,Prague_1,9947.56,3.14,0.52,0,,Friday,0
2159,2020/8/8,Prague_1,6010.06,3.14,0.56,1,Peace Festival in Augsburg,Saturday,0
2159,2020/8/9,Prague_1,6867.139999999999,3.14,0.56,0,,Sunday,0
2159,2020/8/10,Prague_1,7395.78,3.14,0.6,0,,Monday,0
2159,2020/8/11,Prague_1,5569.62,3.14,0.61,0,,Tuesday,0
2159,2020/8/12,Prague_1,8223.81,3.14,0.52,0,,Wednesday,0
2159,2020/8/13,Prague_1,8841,3.14,0.5,0,,Thursday,0
2159,2020/8/14,Prague_1,9674,3.14,0.5,0,,Friday,0
2159,2020/8/15,Prague_1,6516.3,3.14,0.5,1,Assumption of the Virgin Mary,Saturday,0
2159,2020/8/16,Prague_1,8244.25,3.14,0.46,0,,Sunday,0
2159,2020/8/17,Prague_1,7210.21,3.14,0.47000000000000003,0,,Monday,0
2159,2020/8/18,Prague_1,5735.8,3.14,0.5,0,,Tuesday,0
2159,2020/8/19,Prague_1,5292.28,3.14,0.48,0,,Wednesday,0
2159,2020/8/20,Prague_1,7561.889999999999,3.14,0.45,1,State Foundation Day,Thursday,0
2159,2020/8/21,Prague_1,8428.84,3.14,0.47000000000000003,1,Hungary National Day Holiday,Friday,0
2159,2020/8/22,Prague_1,6590.5,3.14,0.48,0,,Saturday,0
2159,2020/8/23,Prague_1,6360.06,3.14,0.47000000000000003,0,,Sunday,0
2159,2020/8/24,Prague_1,5551.42,3.14,0.47000000000000003,0,,Monday,0
2159,2020/8/25,Prague_1,5789.7,3.14,0.47000000000000003,0,,Tuesday,0
2159,2020/8/26,Prague_1,7333.900000000001,3.14,0.47000000000000003,0,,Wednesday,0
2159,2020/8/27,Prague_1,6680.66,3.14,0.47000000000000003,0,,Thursday,0
2159,2020/8/28,Prague_1,8606.64,3.14,0.48,0,,Friday,0
2159,2020/8/29,Prague_1,7152.389999999999,3.14,0.46,0,,Saturday,0
2159,2020/8/30,Prague_1,5905.34,3.14,0.46,0,,Sunday,0
2159,2020/8/31,Prague_1,7403.410000000001,3.14,0.56,0,,Monday,0
2159,2020/9/1,Prague_1,6770.82,3.14,0.57,0,,Tuesday,0
2159,2020/9/2,Prague_1,8164.7300000000005,3.14,0.54,0,,Wednesday,0
2159,2020/9/3,Prague_1,7148.400000000001,3.14,0.55,0,,Thursday,0
2159,2020/9/4,Prague_1,7084.490000000001,3.14,0.61,0,,Friday,0
2159,2020/9/5,Prague_1,10159.1,3.14,0.57,0,,Saturday,0
2159,2020/9/6,Prague_1,6685.42,3.14,0.56,0,,Sunday,0
2159,2020/9/7,Prague_1,8053.71,3.14,0.57,0,,Monday,0
2159,2020/9/8,Prague_1,6491.87,3.14,0.61,0,,Tuesday,0
2159,2020/9/9,Prague_1,7291.4800000000005,3.14,0.54,0,,Wednesday,0
2159,2020/9/10,Prague_1,8153.04,3.14,0.59,0,,Thursday,0
2159,2020/9/11,Prague_1,8571.36,3.14,0.75,0,,Friday,0
2159,2020/9/12,Prague_1,7321.93,3.14,0.75,0,,Saturday,0
2159,2020/9/13,Prague_1,4372.69,3.14,0.76,0,,Sunday,0
2159,2020/9/14,Prague_1,7950.599999999999,3.14,0.7700000000000001,0,,Monday,0
2159,2020/9/15,Prague_1,5090.259999999999,3.14,0.8099999999999999,0,,Tuesday,0
2159,2020/9/16,Prague_1,9117.5,3.14,0.76,0,,Wednesday,0
2159,2020/9/17,Prague_1,5740.349999999999,3.14,0.7299999999999999,0,,Thursday,0
2159,2020/9/18,Prague_1,9593.08,3.14,0.76,0,,Friday,0
2159,2020/9/19,Prague_1,6877.360000000001,3.14,0.74,0,,Saturday,0
2159,2020/9/20,Prague_1,9965.76,3.14,0.68,0,,Sunday,0
2159,2020/9/21,Prague_1,8903.09,3.14,0.61,0,,Monday,0
2159,2020/9/22,Prague_1,9290.26,3.14,0.56,0,,Tuesday,0
2159,2020/9/23,Prague_1,6705.3,3.14,0.46,0,,Wednesday,0
2159,2020/9/24,Prague_1,8205.96,3.14,0.48,0,,Thursday,0
2159,2020/9/25,Prague_1,12037.62,3.14,0.56,0,,Friday,0
2159,2020/9/26,Prague_1,12300.12,3.14,0.57,0,,Saturday,0
2159,2020/9/27,Prague_1,6817.79,3.14,0.52,0,,Sunday,0
2159,2020/9/28,Prague_1,11716.25,3.14,0.46,1,Den ceske statnosti,Monday,0
2159,2020/9/29,Prague_1,9848.720000000001,3.14,0.5,0,,Tuesday,0
2159,2020/9/30,Prague_1,9366.07,3.14,0.52,0,,Wednesday,0
2159,2020/10/1,Prague_1,10185.42,3.14,0.52,0,,Thursday,0
2159,2020/10/2,Prague_1,11819.220000000001,3.14,0.58,0,,Friday,0
2159,2020/10/3,Prague_1,10495.029999999999,3.14,0.55,1,German Unity Day,Saturday,0
2159,2020/10/4,Prague_1,9308.18,3.14,0.47000000000000003,0,,Sunday,0
2159,2020/10/5,Prague_1,11200.699999999999,3.14,0.47000000000000003,0,,Monday,0
2159,2020/10/6,Prague_1,8718.99,3.14,0.47000000000000003,0,Memorial Day for the Martyrs of Arad,Tuesday,0
2159,2020/10/7,Prague_1,9500.19,3.14,0.46,0,,Wednesday,0
2159,2020/10/8,Prague_1,10826.41,3.14,0.47000000000000003,0,,Thursday,0
2159,2020/10/9,Prague_1,13622.91,3.14,0.59,0,,Friday,0
2159,2020/10/10,Prague_1,11101.79,3.14,0.64,0,,Saturday,0
2159,2020/10/11,Prague_1,12434.449999999999,3.14,0.79,0,,Sunday,0
2159,2020/10/12,Prague_1,8914.57,3.14,0.76,0,,Monday,0
2159,2020/10/13,Prague_1,11677.61,3.14,0.8,0,,Tuesday,0
2159,2020/10/14,Prague_1,8699.949999999999,3.14,0.8,0,,Wednesday,0
2159,2020/10/15,Prague_1,12318.39,3.14,0.86,0,,Thursday,0
2159,2020/10/16,Prague_1,11245.779999999999,3.14,0.82,0,,Friday,0
2159,2020/10/17,Prague_1,13091.26,3.14,0.83,0,,Saturday,0
2159,2020/10/18,Prague_1,10161.06,3.14,0.86,0,,Sunday,0
2159,2020/10/19,Prague_1,11510.519999999999,3.14,0.76,0,,Monday,0
2159,2020/10/20,Prague_1,10289.09,3.14,0.7299999999999999,0,,Tuesday,0
2159,2020/10/21,Prague_1,12246.64,3.14,0.65,0,,Wednesday,0
2159,2020/10/22,Prague_1,10686.480000000001,3.14,0.87,0,,Thursday,0
2159,2020/10/23,Prague_1,12181.89,3.14,0.8099999999999999,1,Memorial day of the 1956 Revolution,Friday,0
2159,2020/10/24,Prague_1,11192.16,3.14,0.8099999999999999,0,,Saturday,0
2159,2020/10/25,Prague_1,9385.04,3.14,0.62,0,,Sunday,0
2159,2020/10/26,Prague_1,13124.019999999999,3.14,0.54,0,,Monday,0
2159,2020/10/27,Prague_1,11236.96,3.14,0.59,0,,Tuesday,0
2159,2020/10/28,Prague_1,11136.37,3.14,0.59,1,Den vzniku samostatneho ceskoslovenskeho statu,Wednesday,0
2159,2020/10/29,Prague_1,14715.33,3.14,0.56,0,,Thursday,0
2159,2020/10/30,Prague_1,10669.61,3.14,0.57,0,,Friday,0
2159,2020/10/31,Prague_1,11338.32,3.14,0.52,1,Reformation Day,Saturday,0
2159,2020/11/1,Prague_1,10519.32,3.14,0.46,1,All Saints Day,Sunday,0
2159,2020/11/2,Prague_1,12676.65,3.14,0.5,0,,Monday,0
2159,2020/11/3,Prague_1,12075.56,3.14,0.54,0,,Tuesday,0
2159,2020/11/4,Prague_1,11502.4,3.14,0.5,0,,Wednesday,0
2159,2020/11/5,Prague_1,11438.279999999999,3.14,0.51,0,,Thursday,0
2159,2020/11/6,Prague_1,14729.539999999999,3.14,0.55,0,,Friday,0
2159,2020/11/7,Prague_1,13471.36,3.14,0.51,0,,Saturday,0
2159,2020/11/8,Prague_1,10708.11,3.14,0.47000000000000003,0,,Sunday,0
2159,2020/11/9,Prague_1,12635.91,3.14,0.52,0,,Monday,0
2159,2020/11/10,Prague_1,12958.75,3.14,0.51,0,,Tuesday,0
2159,2020/11/11,Prague_1,10332.769999999999,3.14,0.52,0,,Wednesday,0
2159,2020/11/12,Prague_1,12241.6,3.14,0.54,0,,Thursday,0
2159,2020/11/13,Prague_1,11855.13,3.14,0.57,0,,Friday,0
2159,2020/11/14,Prague_1,10657.43,3.14,0.55,0,,Saturday,0
2159,2020/11/15,Prague_1,9443.84,3.14,0.5,0,,Sunday,0
2159,2020/11/16,Prague_1,12164.11,3.14,0.55,0,,Monday,0
2159,2020/11/17,Prague_1,11307.31,3.14,0.6,1,Den boje za svobodu a demokracii,Tuesday,0
2159,2020/11/18,Prague_1,11698.33,3.14,0.55,0,,Wednesday,0
2159,2020/11/19,Prague_1,11295.62,3.14,0.62,0,,Thursday,0
2159,2020/11/20,Prague_1,12557.019999999999,3.14,0.67,0,,Friday,0
2159,2020/11/21,Prague_1,12283.74,3.14,0.65,0,,Saturday,0
2159,2020/11/22,Prague_1,11459.42,3.14,0.64,0,,Sunday,0
2159,2020/11/23,Prague_1,10987.550000000001,3.14,0.62,0,,Monday,0
2159,2020/11/24,Prague_1,10981.88,3.14,0.58,0,,Tuesday,0
2159,2020/11/25,Prague_1,12275.76,3.14,0.6,0,,Wednesday,0
2159,2020/11/26,Prague_1,14782.81,3.14,0.57,0,,Thursday,0
2159,2020/11/27,Prague_1,15800.61,3.14,0.57,0,,Friday,0
2159,2020/11/28,Prague_1,13163.08,3.14,0.52,0,,Saturday,0
2159,2020/11/29,Prague_1,14628.81,3.14,0.48,0,,Sunday,0
2159,2020/11/30,Prague_1,12001.64,3.14,0.51,0,,Monday,0
2159,2020/12/1,Prague_1,11192.79,3.14,0.5,0,,Tuesday,0
2159,2020/12/2,Prague_1,11030.88,3.14,0.48,0,,Wednesday,0
2159,2020/12/3,Prague_1,12052.67,3.14,0.54,0,,Thursday,0
2159,2020/12/4,Prague_1,12560.029999999999,3.14,0.66,0,,Friday,0
2159,2020/12/5,Prague_1,11796.19,3.14,0.66,0,,Saturday,0
2159,2020/12/6,Prague_1,9066.61,3.14,0.55,0,,Sunday,0
2159,2020/12/7,Prague_1,9452.87,3.14,0.48999999999999994,0,,Monday,0
2159,2020/12/8,Prague_1,6885.55,3.14,0.48999999999999994,0,,Tuesday,0
2159,2020/12/9,Prague_1,11620.56,3.14,0.48,0,,Wednesday,0
2159,2020/12/10,Prague_1,10814.44,3.14,0.51,0,,Thursday,0
2159,2020/12/11,Prague_1,12643.26,3.14,0.53,0,,Friday,0
2159,2020/12/12,Prague_1,11303.25,3.14,0.53,0,,Saturday,0
2159,2020/12/13,Prague_1,11652.550000000001,3.14,0.48999999999999994,0,,Sunday,0
2159,2020/12/14,Prague_1,11965.24,3.14,0.5,0,,Monday,0
2159,2020/12/15,Prague_1,11008.550000000001,3.14,0.51,0,,Tuesday,0
2159,2020/12/16,Prague_1,11418.12,3.14,0.51,0,,Wednesday,0
2159,2020/12/17,Prague_1,9664.480000000001,3.14,0.54,0,,Thursday,0
2159,2020/12/18,Prague_1,13571.39,3.14,0.58,0,,Friday,0
2159,2020/12/19,Prague_1,12893.93,3.14,0.6,0,,Saturday,0
2159,2020/12/20,Prague_1,11223.87,3.14,0.57,0,,Sunday,0
2159,2020/12/21,Prague_1,12439.699999999999,3.14,0.57,0,,Monday,0
2159,2020/12/22,Prague_1,15290.240000000002,3.14,0.76,0,,Tuesday,0
2159,2020/12/23,Prague_1,15993.600000000002,3.14,0.89,0,,Wednesday,0
2159,2020/12/24,Prague_1,5567.94,3.14,0.97,1,Christmas Eve,Thursday,0
2159,2020/12/26,Prague_1,12046.86,3.14,0.63,1,2nd Christmas Day,Saturday,0
2159,2020/12/27,Prague_1,11521.51,3.14,0.53,0,,Sunday,0
2159,2020/12/28,Prague_1,13554.730000000001,3.14,0.47000000000000003,0,,Monday,0
2159,2020/12/29,Prague_1,12411.63,3.14,0.48,0,,Tuesday,0
2159,2020/12/30,Prague_1,13270.529999999999,3.14,0.7,0,,Wednesday,0
2159,2020/12/31,Prague_1,12533.99,3.14,0.92,0,,Thursday,0
2159,2021/1/1,Prague_1,0,3.14,0.7299999999999999,1,New Years Day,Friday,0
2159,2021/1/2,Prague_1,8696.029999999999,3.14,0.83,0,,Saturday,0
2159,2021/1/3,Prague_1,9739.449999999999,3.14,0.82,0,,Sunday,0
2159,2021/1/4,Prague_1,13403.11,3.14,0.85,0,,Monday,0
2159,2021/1/5,Prague_1,11540.9,3.14,1,0,,Tuesday,0
2159,2021/1/6,Prague_1,11678.1,3.14,0.7299999999999999,1,Epiphany,Wednesday,0
2159,2021/1/7,Prague_1,10234.91,3.14,0.83,0,,Thursday,0
2159,2021/1/8,Prague_1,10901.24,3.14,0.9,0,,Friday,0
2159,2021/1/9,Prague_1,12191.06,3.14,0.99,0,,Saturday,0
2159,2021/1/10,Prague_1,10107.58,3.14,1,0,,Sunday,0
2159,2021/1/11,Prague_1,13294.4,3.14,1,0,,Monday,0
2159,2021/1/12,Prague_1,11209.24,3.14,0.7700000000000001,0,,Tuesday,0
2159,2021/1/13,Prague_1,12046.16,3.14,1,0,,Wednesday,0
2159,2021/1/14,Prague_1,12595.730000000001,3.14,0.88,0,,Thursday,0
2159,2021/1/15,Prague_1,12275.269999999999,3.14,0.97,0,,Friday,0
2159,2021/1/16,Prague_1,13411.93,3.14,1,0,,Saturday,0
2159,2021/1/17,Prague_1,9929.92,3.14,0.87,0,,Sunday,0
2159,2021/1/18,Prague_1,11209.59,3.14,1,0,,Monday,0
2159,2021/1/19,Prague_1,12066.6,3.14,1,0,,Tuesday,0
2159,2021/1/20,Prague_1,11645.76,3.14,1,0,,Wednesday,0
2159,2021/1/21,Prague_1,14119.56,3.14,0.96,0,,Thursday,0
2159,2021/1/22,Prague_1,12396.44,3.14,1,0,,Friday,0
2159,2021/1/23,Prague_1,13717.76,3.14,1,0,,Saturday,0
2159,2021/1/24,Prague_1,11646.18,3.14,1,0,,Sunday,0
2159,2021/1/25,Prague_1,10734.71,3.14,1,0,,Monday,0
2159,2021/1/26,Prague_1,11910.15,3.14,1,0,,Tuesday,0
2159,2021/1/27,Prague_1,10666.39,3.14,1,0,,Wednesday,0
2159,2021/1/28,Prague_1,10976.769999999999,3.14,0.83,0,,Thursday,0
2159,2021/1/29,Prague_1,13190.800000000001,3.14,0.97,0,,Friday,0
2159,2021/1/30,Prague_1,11962.65,3.14,1,0,,Saturday,0
2159,2021/1/31,Prague_1,11094.44,3.14,1,0,,Sunday,0
2159,2021/2/1,Prague_1,10921.26,3.14,0.99,0,Memorial Day of the Republic,Monday,0
2159,2021/2/2,Prague_1,11338.25,3.14,0.8099999999999999,0,,Tuesday,0
2159,2021/2/3,Prague_1,11167.800000000001,3.14,1,0,,Wednesday,0
2159,2021/2/4,Prague_1,9827.09,3.14,0.89,0,,Thursday,0
2159,2021/2/5,Prague_1,13225.730000000001,3.14,1,0,,Friday,0
2159,2021/2/6,Prague_1,9326.94,3.14,1,0,,Saturday,0
2159,2021/2/7,Prague_1,10736.67,3.14,0.9,0,,Sunday,0
2159,2021/2/8,Prague_1,10228.54,3.14,0.93,0,,Monday,0
2159,2021/2/9,Prague_1,12123.79,3.14,0.91,0,,Tuesday,0
2159,2021/2/10,Prague_1,11797.519999999999,3.14,0.8099999999999999,0,,Wednesday,0
2159,2021/2/11,Prague_1,12908.49,3.14,1,0,,Thursday,0
2159,2021/2/12,Prague_1,12680.29,3.14,0.88,0,,Friday,0
2159,2021/2/13,Prague_1,11173.68,3.14,1,0,,Saturday,0
2159,2021/2/14,Prague_1,12716.199999999999,3.14,0.89,0,,Sunday,0
2159,2021/2/15,Prague_1,8656.480000000001,3.14,1,0,,Monday,0
2159,2021/2/16,Prague_1,12924.38,3.14,0.95,0,,Tuesday,0
2159,2021/2/17,Prague_1,12025.86,3.14,1,0,,Wednesday,0
2159,2021/2/18,Prague_1,12612.529999999999,3.14,0.96,0,,Thursday,0
2159,2021/2/19,Prague_1,11276.58,3.14,1,0,,Friday,0
2159,2021/2/20,Prague_1,11442.13,3.14,0.89,0,,Saturday,0
2159,2021/2/21,Prague_1,10917.83,3.14,0.99,0,,Sunday,0
2159,2021/2/22,Prague_1,10621.38,3.14,0.88,0,,Monday,0
2159,2021/2/23,Prague_1,10358.74,3.14,0.92,0,,Tuesday,0
2159,2021/2/24,Prague_1,11138.61,3.14,0.86,0,,Wednesday,0
2159,2021/2/25,Prague_1,15166.48,3.14,0.96,0,Memorial Day for the Victims of the Communist Dictatorships,Thursday,0
2159,2021/2/26,Prague_1,13080.62,3.14,1,0,,Friday,0
2159,2021/2/27,Prague_1,12132.82,3.14,0.95,0,,Saturday,0
2159,2021/2/28,Prague_1,9710.82,3.14,1,0,,Sunday,0
2159,2021/3/1,Prague_1,10655.61,3.14,1,0,,Monday,0
2159,2021/3/2,Prague_1,14351.119999999999,3.14,1,0,,Tuesday,0
2159,2021/3/3,Prague_1,12111.89,3.14,1,0,,Wednesday,0
2159,2021/3/4,Prague_1,14455.210000000001,3.14,1,0,,Thursday,0
2159,2021/3/5,Prague_1,14660.31,3.14,1,0,,Friday,0
2159,2021/3/6,Prague_1,17067.61,3.14,0.99,0,,Saturday,0
2159,2021/3/7,Prague_1,13950.44,3.14,0.96,0,,Sunday,0
2159,2021/3/8,Prague_1,10367.56,3.14,0.86,0,International womens day,Monday,0
2159,2021/3/9,Prague_1,13405.07,3.14,1,0,,Tuesday,0
2159,2021/3/10,Prague_1,13339.9,3.14,0.97,0,,Wednesday,0
2159,2021/3/11,Prague_1,15372.14,3.14,0.95,0,,Thursday,0
2159,2021/3/12,Prague_1,13896.33,3.14,1,0,,Friday,0
2159,2021/3/13,Prague_1,15801.800000000001,3.14,1,0,,Saturday,0
2159,2021/3/14,Prague_1,9789.43,3.14,0.9,0,,Sunday,0
2159,2021/3/15,Prague_1,10713.779999999999,3.14,0.76,1,Memorial Day for the Victims of the Holocaust,Monday,0
2159,2021/3/16,Prague_1,11855.199999999999,3.14,0.87,0,,Tuesday,0
2159,2021/3/17,Prague_1,14220.85,3.14,1,0,,Wednesday,0
2159,2021/3/18,Prague_1,13045.9,3.14,0.84,0,,Thursday,0
2159,2021/3/19,Prague_1,17532.97,3.14,1,0,,Friday,0
2159,2021/3/20,Prague_1,15348.48,3.14,0.9,0,,Saturday,0
2159,2021/3/21,Prague_1,10792.529999999999,3.14,1,0,,Sunday,0
2159,2021/3/22,Prague_1,12751.34,3.14,0.8099999999999999,0,,Monday,0
2159,2021/3/23,Prague_1,12733.49,3.14,0.92,0,,Tuesday,0
2159,2021/3/24,Prague_1,16606.309999999998,3.14,0.87,0,,Wednesday,0
2159,2021/3/25,Prague_1,13178.269999999999,3.14,1,0,,Thursday,0
2159,2021/3/26,Prague_1,13478.08,3.14,0.95,0,,Friday,0
2159,2021/3/27,Prague_1,15032.779999999999,3.14,0.92,0,,Saturday,0
2159,2021/3/28,Prague_1,10775.38,3.14,1,0,,Sunday,0
2159,2021/3/29,Prague_1,12214.79,3.14,0.74,0,,Monday,0
2159,2021/3/30,Prague_1,12017.39,3.14,0.83,0,,Tuesday,0
2159,2021/3/31,Prague_1,15094.94,3.14,0.82,0,,Wednesday,0
2159,2021/4/1,Prague_1,19413.73,3.14,0.86,0,,Thursday,0
2159,2021/4/2,Prague_1,20030.43,3.14,0.97,1,Good Friday,Friday,0
2159,2021/4/3,Prague_1,14964.39,3.14,0.88,1,,Saturday,0
2159,2021/4/4,Prague_1,9675.470000000001,3.14,0.7700000000000001,1,,Sunday,0
2159,2021/4/5,Prague_1,10463.67,3.14,1,1,Easter Monday,Monday,0
2159,2021/4/6,Prague_1,18417.07,3.14,0.95,0,,Tuesday,0
2159,2021/4/7,Prague_1,11828.11,3.14,1,0,,Wednesday,0
2159,2021/4/8,Prague_1,16686.39,3.14,1,0,,Thursday,0
2159,2021/4/9,Prague_1,15310.539999999999,3.14,1,0,,Friday,0
2159,2021/4/10,Prague_1,13801.199999999999,3.14,0.92,0,,Saturday,0
2159,2021/4/11,Prague_1,10457.09,3.14,1,0,,Sunday,0
2159,2021/4/12,Prague_1,12796.699999999999,3.14,0.92,0,,Monday,0
2159,2021/4/13,Prague_1,13613.88,3.14,1,0,,Tuesday,0
2159,2021/4/14,Prague_1,13871.83,3.14,1,0,,Wednesday,0
2159,2021/4/15,Prague_1,15378.509999999998,3.14,1,0,,Thursday,0
2159,2021/4/16,Prague_1,16341.64,3.14,1,0,Memorial Day for the Victims of the Holocaust,Friday,0
2159,2021/4/17,Prague_1,15198.89,3.14,1,0,,Saturday,0
2159,2021/4/18,Prague_1,10473.33,3.14,1,0,,Sunday,0
2159,2021/4/19,Prague_1,11320.19,3.14,1,0,,Monday,0
2159,2021/4/20,Prague_1,12146.68,3.14,1,0,,Tuesday,0
2159,2021/4/21,Prague_1,13066.9,3.14,1,0,,Wednesday,0
2159,2021/4/22,Prague_1,13390.37,3.14,1,0,,Thursday,0
2159,2021/4/23,Prague_1,14609.699999999999,3.14,1,0,,Friday,0
2159,2021/4/24,Prague_1,13405.63,3.14,1,0,,Saturday,0
2159,2021/4/25,Prague_1,10457.79,3.14,1,0,,Sunday,0
2159,2021/4/26,Prague_1,11096.12,3.14,1,0,,Monday,0
2159,2021/4/27,Prague_1,13094.41,3.14,1,0,,Tuesday,0
2159,2021/4/28,Prague_1,11537.470000000001,3.14,1,0,,Wednesday,0
2159,2021/4/29,Prague_1,13260.87,3.14,1,0,,Thursday,0
2159,2021/4/30,Prague_1,16683.59,3.14,1,0,,Friday,0
2159,2021/5/1,Prague_1,9993.06,3.14,1,1,Labour Day,Saturday,0
2159,2021/5/2,Prague_1,10917.970000000001,3.14,1,0,,Sunday,0
2159,2021/5/3,Prague_1,13153.56,3.14,1,0,,Monday,0
2159,2021/5/4,Prague_1,11289.11,3.14,1,0,,Tuesday,0
2159,2021/5/5,Prague_1,10583.93,3.14,1,0,,Wednesday,0
2159,2021/5/6,Prague_1,11952.36,3.14,1,0,,Thursday,0
2159,2021/5/7,Prague_1,16562.84,3.14,0.95,0,,Friday,0
2159,2021/5/8,Prague_1,13896.75,3.14,1,1,Den osvobozeni,Saturday,0
2159,2021/5/9,Prague_1,10962.980000000001,3.14,1,0,,Sunday,0
2159,2021/5/10,Prague_1,13196.61,3.14,1,0,,Monday,0
2159,2021/5/11,Prague_1,10230.57,3.14,1,0,,Tuesday,0
2159,2021/5/12,Prague_1,8673.91,3.14,0.9799999999999999,0,,Wednesday,0
2159,2021/5/13,Prague_1,11924.29,3.14,0.74,1,Ascension day,Thursday,0
2159,2021/5/14,Prague_1,13591.34,3.14,1,0,,Friday,0
2159,2021/5/15,Prague_1,13070.33,3.14,0.95,0,,Saturday,0
2159,2021/5/16,Prague_1,9108.89,3.14,1,0,,Sunday,0
2159,2021/5/17,Prague_1,10471.019999999999,3.14,1,0,,Monday,0
2159,2021/5/18,Prague_1,8324.68,3.14,1,0,,Tuesday,0
2159,2021/5/19,Prague_1,10906.84,3.14,0.99,0,,Wednesday,0
2159,2021/5/20,Prague_1,10551.59,3.14,1,0,,Thursday,0
2159,2021/5/21,Prague_1,15659.630000000001,3.14,1,0,National Defense Day,Friday,0
2159,2021/5/22,Prague_1,10719.38,3.14,1,0,,Saturday,0
2159,2021/5/23,Prague_1,10034.64,3.14,0.9799999999999999,1,Whit sunday,Sunday,0
2159,2021/5/24,Prague_1,10547.11,3.14,1,1,Whit monday,Monday,0
2159,2021/5/25,Prague_1,11588.92,3.14,0.88,0,,Tuesday,0
2159,2021/5/26,Prague_1,10141.32,3.14,0.97,0,,Wednesday,0
2159,2021/5/27,Prague_1,12080.81,3.14,1,0,,Thursday,0
2159,2021/5/28,Prague_1,14139.09,3.14,0.97,0,,Friday,0
2159,2021/5/29,Prague_1,9883.16,3.14,1,0,,Saturday,0
2159,2021/5/30,Prague_1,9937.83,3.14,0.92,0,,Sunday,0
2159,2021/5/31,Prague_1,9695.07,3.14,0.9799999999999999,0,,Monday,0
2159,2021/6/1,Prague_1,9003.26,3.14,1,0,,Tuesday,0
2159,2021/6/2,Prague_1,10689.980000000001,3.14,1,0,,Wednesday,0
2159,2021/6/3,Prague_1,11390.33,3.14,1,1,Corpus Christi,Thursday,0
2159,2021/6/4,Prague_1,13290.62,3.14,0.83,0,Day of National Unity,Friday,0
2159,2021/6/5,Prague_1,9918.37,3.14,1,0,,Saturday,0
2159,2021/6/6,Prague_1,9221.24,3.14,0.97,0,,Sunday,0
2159,2021/6/7,Prague_1,8822.800000000001,3.14,0.99,0,,Monday,0
2159,2021/6/8,Prague_1,10464.37,3.14,0.95,0,,Tuesday,0
2159,2021/6/9,Prague_1,9139.62,3.14,1,0,,Wednesday,0
2159,2021/6/10,Prague_1,11401.39,3.14,0.95,0,,Thursday,0
2159,2021/6/11,Prague_1,13752.83,3.14,1,0,,Friday,0
2159,2021/6/12,Prague_1,9872.87,3.14,1,0,,Saturday,0
2159,2021/6/13,Prague_1,8907.99,3.14,0.87,0,,Sunday,0
2159,2021/6/14,Prague_1,10929.24,3.14,1,0,,Monday,0
2159,2021/6/15,Prague_1,10016.58,3.14,0.89,0,,Tuesday,0
2159,2021/6/16,Prague_1,8153.8099999999995,3.14,1,0,,Wednesday,0
2159,2021/6/17,Prague_1,10375.61,3.14,0.7700000000000001,0,,Thursday,0
2159,2021/6/18,Prague_1,10640.279999999999,3.14,1,0,,Friday,0
2159,2021/6/19,Prague_1,8951.81,3.14,0.9400000000000001,0,Independent Hungary Day,Saturday,0
2159,2021/6/20,Prague_1,8829.449999999999,3.14,1,0,,Sunday,0
2159,2021/6/21,Prague_1,10984.33,3.14,0.8,0,,Monday,0
2159,2021/6/22,Prague_1,9866.29,3.14,1,0,,Tuesday,0
2159,2021/6/23,Prague_1,9601.34,3.14,0.96,0,,Wednesday,0
2159,2021/6/24,Prague_1,9571.31,3.14,1,0,,Thursday,0
2159,2021/6/25,Prague_1,13375.88,3.14,1,0,,Friday,0
2159,2021/6/26,Prague_1,9473.17,3.14,1,0,,Saturday,0
2159,2021/6/27,Prague_1,8168.93,3.14,1,0,,Sunday,0
2159,2021/6/28,Prague_1,9453.85,3.14,1,0,,Monday,0
2159,2021/6/29,Prague_1,10029.32,3.14,1,0,,Tuesday,0
2159,2021/6/30,Prague_1,8707.65,3.14,1,0,,Wednesday,0
2159,2021/7/1,Prague_1,11347.63,3.14,1,0,,Thursday,0
2159,2021/7/2,Prague_1,12011.230000000001,3.14,1,0,,Friday,0
2159,2021/7/3,Prague_1,8847.300000000001,3.14,0.87,0,,Saturday,0
2159,2021/7/4,Prague_1,7042.21,3.14,1,0,,Sunday,0
2159,2021/7/5,Prague_1,9773.26,3.14,0.86,1,Cyrila a Metodej,Monday,0
2159,2021/7/6,Prague_1,7925.54,3.14,1,1,Jan Hus,Tuesday,0
2159,2021/7/7,Prague_1,9544.779999999999,3.14,0.92,0,,Wednesday,0
2159,2021/7/8,Prague_1,7694.33,3.14,1,0,,Thursday,0
2159,2021/7/9,Prague_1,10682.35,3.14,1,0,,Friday,0
2159,2021/7/10,Prague_1,8564.99,3.14,1,0,,Saturday,0
2159,2021/7/11,Prague_1,8263.779999999999,3.14,0.93,0,,Sunday,0
2159,2021/7/12,Prague_1,8649.13,3.14,1,0,,Monday,0
2159,2021/7/13,Prague_1,8876.279999999999,3.14,0.83,0,,Tuesday,0
2159,2021/7/14,Prague_1,7025.2,3.14,1,0,,Wednesday,0
2159,2021/7/15,Prague_1,9555.63,3.14,1,0,,Thursday,0
2159,2021/7/16,Prague_1,12333.93,3.14,0.9799999999999999,0,,Friday,0
2159,2021/7/17,Prague_1,9680.44,3.14,1,0,,Saturday,0
2159,2021/7/18,Prague_1,7312.199999999999,3.14,0.9,0,,Sunday,0
2159,2021/7/19,Prague_1,8100.050000000001,3.14,1,0,,Monday,0
2159,2021/7/20,Prague_1,9081.59,3.14,0.9,0,,Tuesday,0
2159,2021/7/21,Prague_1,6522.740000000001,3.14,1,0,,Wednesday,0
2159,2021/7/22,Prague_1,11121.6,3.14,0.9799999999999999,0,,Thursday,0
2159,2021/7/23,Prague_1,9804.76,3.14,1,0,,Friday,0
2159,2021/7/24,Prague_1,8830.57,3.14,1,0,,Saturday,0
2159,2021/7/25,Prague_1,8813.279999999999,3.14,0.8,0,,Sunday,0
2159,2021/7/26,Prague_1,6804.84,3.14,1,0,,Monday,0
2159,2021/7/27,Prague_1,8937.6,3.14,0.92,0,,Tuesday,0
2159,2021/7/28,Prague_1,7270.199999999999,3.14,1,0,,Wednesday,0
2159,2021/7/29,Prague_1,10786.44,3.14,0.97,0,,Thursday,0
2159,2021/7/30,Prague_1,11704.769999999999,3.14,1,0,,Friday,0
2159,2021/7/31,Prague_1,9717.82,3.14,0.88,0,,Saturday,0
2159,2021/8/1,Prague_1,7786.379999999999,3.14,1,0,,Sunday,0
2159,2021/8/2,Prague_1,9743.16,3.14,1,0,,Monday,0
2159,2021/8/3,Prague_1,7607.110000000001,3.14,0.95,0,,Tuesday,0
2159,2021/8/4,Prague_1,6755.77,3.14,1,0,,Wednesday,0
2159,2021/8/5,Prague_1,7412.4400000000005,3.14,0.79,0,,Thursday,0
2159,2021/8/6,Prague_1,8827.42,3.14,1,0,,Friday,0
2159,2021/8/7,Prague_1,9009.07,3.14,0.95,0,,Saturday,0
2159,2021/8/8,Prague_1,8899.31,3.14,1,1,Peace Festival in Augsburg,Sunday,0
2159,2021/8/9,Prague_1,8521.730000000001,3.14,1,0,,Monday,0
2159,2021/8/10,Prague_1,8612.24,3.14,1,0,,Tuesday,0
2159,2021/8/11,Prague_1,9532.04,3.14,1,0,,Wednesday,0
2159,2021/8/12,Prague_1,9753.31,3.14,1,0,,Thursday,0
2159,2021/8/13,Prague_1,9861.46,3.14,1,0,,Friday,0
2159,2021/8/14,Prague_1,9022.300000000001,3.14,0.96,0,,Saturday,0
2159,2021/8/15,Prague_1,9189.25,3.14,1,1,Assumption of the Virgin Mary,Sunday,0
2159,2021/8/16,Prague_1,9216.76,3.14,0.92,0,,Monday,0
2159,2021/8/17,Prague_1,7716.24,3.14,1,0,,Tuesday,0
2159,2021/8/18,Prague_1,7156.52,3.14,0.74,0,,Wednesday,0
2159,2021/8/19,Prague_1,8923.39,3.14,1,0,,Thursday,0
2159,2021/8/20,Prague_1,10642.66,3.14,0.87,1,State Foundation Day,Friday,0
2159,2021/8/21,Prague_1,10369.38,3.14,1,0,,Saturday,0
2159,2021/8/22,Prague_1,8306.06,3.14,1,0,,Sunday,0
2159,2021/8/23,Prague_1,11215.26,3.14,1,0,,Monday,0
2159,2021/8/24,Prague_1,7929.46,3.14,0.86,0,,Tuesday,0
2159,2021/8/25,Prague_1,6989.57,3.14,1,0,,Wednesday,0
2159,2021/8/26,Prague_1,9281.79,3.14,0.97,0,,Thursday,0
2159,2021/8/27,Prague_1,12249.37,3.14,0.89,0,,Friday,0
2159,2021/8/28,Prague_1,10092.39,3.14,0.95,0,,Saturday,0
2159,2021/8/29,Prague_1,7506.800000000001,3.14,0.7700000000000001,0,,Sunday,0
2159,2021/8/30,Prague_1,10450.16,3.14,1,0,,Monday,0
2159,2021/8/31,Prague_1,9117.29,3.14,0.7700000000000001,0,,Tuesday,0
2159,2021/9/1,Prague_1,9015.86,3.14,0.96,0,,Wednesday,0
2159,2021/9/2,Prague_1,7692.2300000000005,3.14,1,0,,Thursday,0
2159,2021/9/3,Prague_1,11066.09,3.14,0.99,0,,Friday,0
2159,2021/9/4,Prague_1,8792.21,3.14,1,0,,Saturday,0
2159,2021/9/5,Prague_1,8279.32,3.14,0.84,0,,Sunday,0
2159,2021/9/6,Prague_1,9100.07,3.14,1,0,,Monday,0
2159,2021/9/7,Prague_1,9943.5,3.14,1,0,,Tuesday,0
2159,2021/9/8,Prague_1,8760.85,3.14,0.97,0,,Wednesday,0
2159,2021/9/9,Prague_1,8975.12,3.14,1,0,,Thursday,0
2159,2021/9/10,Prague_1,9367.68,3.14,1,0,,Friday,0
2159,2021/9/11,Prague_1,9488.64,3.14,1,0,,Saturday,0
2159,2021/9/12,Prague_1,10973.269999999999,3.14,0.93,0,,Sunday,0
2159,2021/9/13,Prague_1,8092.349999999999,3.14,1,0,,Monday,0
2159,2021/9/14,Prague_1,8239.91,3.14,1,0,,Tuesday,0
2159,2021/9/15,Prague_1,9915.220000000001,3.14,1,0,,Wednesday,0
2159,2021/9/16,Prague_1,11176.269999999999,3.14,0.92,0,,Thursday,0
2159,2021/9/17,Prague_1,10241.699999999999,3.14,0.96,0,,Friday,0
2159,2021/9/18,Prague_1,10174.64,3.14,1,0,,Saturday,0
2159,2021/9/19,Prague_1,12397.279999999999,3.14,0.9400000000000001,0,,Sunday,0
2159,2021/9/20,Prague_1,9112.11,3.14,0.84,0,,Monday,0
2159,2021/9/21,Prague_1,9478.699999999999,3.14,1,0,,Tuesday,0
2159,2021/9/22,Prague_1,9351.58,3.14,1,0,,Wednesday,0
2159,2021/9/23,Prague_1,11669.980000000001,3.14,1,0,,Thursday,0
2159,2021/9/24,Prague_1,13613.949999999999,3.14,1,0,,Friday,0
2159,2021/9/25,Prague_1,10032.050000000001,3.14,1,0,,Saturday,0
2159,2021/9/26,Prague_1,8870.82,3.14,1,0,,Sunday,0
2159,2021/9/27,Prague_1,11459.91,3.14,0.86,0,,Monday,0
2159,2021/9/28,Prague_1,14395.220000000001,3.14,0.93,1,Den ceske statnosti,Tuesday,0
2159,2021/9/29,Prague_1,10504.69,3.14,1,0,,Wednesday,0
2159,2021/9/30,Prague_1,10680.04,3.14,1,0,,Thursday,0
2159,2021/10/1,Prague_1,12018.44,3.14,1,0,,Friday,0
2159,2021/10/2,Prague_1,9497.11,3.14,1,0,,Saturday,0
2159,2021/10/3,Prague_1,10827.46,3.14,1,1,German Unity Day,Sunday,0
2159,2021/10/4,Prague_1,11243.82,3.14,0.97,0,,Monday,0
2159,2021/10/5,Prague_1,10129,3.14,1,0,,Tuesday,0
2159,2021/10/6,Prague_1,11431.699999999999,3.14,0.88,0,Memorial Day for the Martyrs of Arad,Wednesday,0
2159,2021/10/7,Prague_1,9556.4,3.14,1,0,,Thursday,0
2159,2021/10/8,Prague_1,13965.07,3.14,1,0,,Friday,0
2159,2021/10/9,Prague_1,9183.93,3.14,0.83,0,,Saturday,0
2159,2021/10/10,Prague_1,10960.32,3.14,1,0,,Sunday,0
2159,2021/10/11,Prague_1,10346.63,3.14,0.86,0,,Monday,0
2159,2021/10/12,Prague_1,9202.62,3.14,1,0,,Tuesday,0
2159,2021/10/13,Prague_1,11775.33,3.14,1,0,,Wednesday,0
2159,2021/10/14,Prague_1,11233.81,3.14,0.95,0,,Thursday,0
2159,2021/10/15,Prague_1,14166.04,3.14,1,0,,Friday,0
2159,2021/10/16,Prague_1,12392.519999999999,3.14,0.92,0,,Saturday,0
2159,2021/10/17,Prague_1,11180.26,3.14,1,0,,Sunday,0
2159,2021/10/18,Prague_1,11801.720000000001,3.14,1,0,,Monday,0
2159,2021/10/19,Prague_1,10644.199999999999,3.14,1,0,,Tuesday,0
2159,2021/10/20,Prague_1,10645.67,3.14,1,0,,Wednesday,0
2159,2021/10/21,Prague_1,12804.75,3.14,1,0,,Thursday,0
2159,2021/10/22,Prague_1,15442,3.14,1,0,,Friday,0
2159,2021/10/23,Prague_1,12914.58,3.14,0.85,1,Memorial day of the 1956 Revolution,Saturday,0
2159,2021/10/24,Prague_1,8819.86,3.14,1,0,,Sunday,0
2159,2021/10/25,Prague_1,12169.220000000001,3.14,1,0,,Monday,0
2159,2021/10/26,Prague_1,11136.58,3.14,1,0,,Tuesday,0
2159,2021/10/27,Prague_1,14243.88,3.14,0.84,0,,Wednesday,0
2159,2021/10/28,Prague_1,11863.88,3.14,1,1,Den vzniku samostatneho ceskoslovenskeho statu,Thursday,0
2159,2021/10/29,Prague_1,11857.86,3.14,1,0,,Friday,0
2159,2021/10/30,Prague_1,9875.18,3.14,1,0,,Saturday,0
2159,2021/10/31,Prague_1,13056.68,3.14,1,1,Reformation Day,Sunday,0
2159,2021/11/1,Prague_1,13736.66,3.14,0.97,1,All Saints Day,Monday,0
2159,2021/11/2,Prague_1,11488.89,3.14,0.95,0,,Tuesday,0
2159,2021/11/3,Prague_1,10739.19,3.14,1,0,,Wednesday,0
2159,2021/11/4,Prague_1,11703.86,3.14,1,0,,Thursday,0
2159,2021/11/5,Prague_1,13608.14,3.14,1,0,,Friday,0
2159,2021/11/6,Prague_1,11713.87,3.14,1,0,,Saturday,0
2159,2021/11/7,Prague_1,10899.21,3.14,1,0,,Sunday,0
2159,2021/11/8,Prague_1,11865.980000000001,3.14,1,0,,Monday,0
2159,2021/11/9,Prague_1,11551.12,3.14,0.97,0,,Tuesday,0
2159,2021/11/10,Prague_1,11086.67,3.14,1,0,,Wednesday,0
2159,2021/11/11,Prague_1,13386.730000000001,3.14,1,0,,Thursday,0
2159,2021/11/12,Prague_1,16806.72,3.14,1,0,,Friday,0
2159,2021/11/13,Prague_1,13563.06,3.14,1,0,,Saturday,0
2159,2021/11/14,Prague_1,13132.279999999999,3.14,1,0,,Sunday,0
2159,2021/11/15,Prague_1,12915.769999999999,3.14,1,0,,Monday,0
2159,2021/11/16,Prague_1,12241.67,3.14,1,0,,Tuesday,0
2159,2021/11/17,Prague_1,12967.01,3.14,1,1,Den boje za svobodu a demokracii,Wednesday,0
2159,2021/11/18,Prague_1,12158.16,3.14,1,0,,Thursday,0
2159,2021/11/19,Prague_1,20211.38,3.14,1,0,,Friday,0
2159,2021/11/20,Prague_1,12430.949999999999,3.14,1,0,,Saturday,0
2159,2021/11/21,Prague_1,11948.09,3.14,1,0,,Sunday,0
2159,2021/11/22,Prague_1,13367.13,3.14,0.95,0,,Monday,0
2159,2021/11/23,Prague_1,11794.58,3.14,1,0,,Tuesday,0
2159,2021/11/24,Prague_1,13134.87,3.14,1,0,,Wednesday,0
2159,2021/11/25,Prague_1,13954.08,3.14,1,0,,Thursday,0
2159,2021/11/26,Prague_1,17098.48,3.14,1,0,,Friday,0
2159,2021/11/27,Prague_1,12373.83,3.14,0.95,0,,Saturday,0
2159,2021/11/28,Prague_1,15744.679999999998,3.14,1,0,,Sunday,0
2159,2021/11/29,Prague_1,11673.199999999999,3.14,1,0,,Monday,0
2159,2021/11/30,Prague_1,12485.480000000001,3.14,1,0,,Tuesday,0
2159,2021/12/1,Prague_1,11524.17,3.14,1,0,,Wednesday,0
2159,2021/12/2,Prague_1,13205.99,3.14,0.97,0,,Thursday,0
2159,2021/12/3,Prague_1,16636.34,3.14,1,0,,Friday,0
2159,2021/12/4,Prague_1,12964.21,3.14,1,0,,Saturday,0
2159,2021/12/5,Prague_1,10563.84,3.14,1,0,,Sunday,0
2159,2021/12/6,Prague_1,12924.94,3.14,1,0,,Monday,0
2159,2021/12/7,Prague_1,12335.61,3.14,1,0,,Tuesday,0
2159,2021/12/8,Prague_1,13154.4,3.14,0.9799999999999999,0,,Wednesday,0
2159,2021/12/9,Prague_1,13368.04,3.14,1,0,,Thursday,0
2159,2021/12/10,Prague_1,16189.039999999999,3.14,1,0,,Friday,0
2159,2021/12/11,Prague_1,12494.019999999999,3.14,1,0,,Saturday,0
2159,2021/12/12,Prague_1,11746.14,3.14,1,0,,Sunday,0
2159,2021/12/13,Prague_1,11853.519999999999,3.14,1,0,,Monday,0
2159,2021/12/14,Prague_1,12517.54,3.14,1,0,,Tuesday,0
2159,2021/12/15,Prague_1,10892.699999999999,3.14,1,0,,Wednesday,0
2159,2021/12/16,Prague_1,12281.43,3.14,1,0,,Thursday,0
2159,2021/12/17,Prague_1,12895.470000000001,3.14,1,0,,Friday,0
2159,2021/12/18,Prague_1,11070.220000000001,3.14,1,0,,Saturday,0
2159,2021/12/19,Prague_1,13004.46,3.14,1,0,,Sunday,0
2159,2021/12/20,Prague_1,10733.38,3.14,1,0,,Monday,0
2159,2021/12/21,Prague_1,13081.25,3.14,1,0,,Tuesday,0
2159,2021/12/22,Prague_1,16045.61,3.14,1,0,,Wednesday,0
2159,2021/12/23,Prague_1,17327.52,3.14,1,0,,Thursday,0
2159,2021/12/24,Prague_1,7884.589999999999,3.14,0.99,1,Christmas Eve,Friday,0
2159,2021/12/26,Prague_1,9418.01,3.14,1,1,2nd Christmas Day,Sunday,0
2159,2021/12/27,Prague_1,10731.279999999999,3.14,1,0,,Monday,0
2159,2021/12/28,Prague_1,9308.11,3.14,1,0,,Tuesday,0
2159,2021/12/29,Prague_1,10866.449999999999,3.14,1,0,,Wednesday,0
2159,2021/12/30,Prague_1,11019.75,3.14,1,0,,Thursday,0
2159,2021/12/31,Prague_1,6658.610000000001,3.14,1,0,,Friday,0
2159,2022/1/1,Prague_1,0,3.14,0.48999999999999994,1,New Years Day,Saturday,0
2159,2022/1/2,Prague_1,12106.779999999999,3.14,1,0,,Sunday,0
2159,2022/1/3,Prague_1,9102.38,3.14,1,0,,Monday,0
2159,2022/1/4,Prague_1,10869.18,3.14,1,0,,Tuesday,0
2159,2022/1/5,Prague_1,11384.94,3.14,1,0,,Wednesday,0
2159,2022/1/6,Prague_1,10275.300000000001,3.14,1,1,Epiphany,Thursday,0
2159,2022/1/7,Prague_1,16637.39,3.14,1,0,,Friday,0
2159,2022/1/8,Prague_1,11396.49,3.14,0.84,0,,Saturday,0
2159,2022/1/9,Prague_1,10838.800000000001,3.14,1,0,,Sunday,0
2159,2022/1/10,Prague_1,9578.800000000001,3.14,0.76,0,,Monday,0
2159,2022/1/11,Prague_1,10623.62,3.14,0.9400000000000001,0,,Tuesday,0
2159,2022/1/12,Prague_1,7525,3.14,0.63,0,,Wednesday,0
2159,2022/1/13,Prague_1,11909.17,3.14,0.95,0,,Thursday,0
2159,2022/1/14,Prague_1,9489.199999999999,3.14,0.6900000000000001,0,,Friday,0
2159,2022/1/15,Prague_1,8055.74,3.14,0.83,0,,Saturday,0
2159,2022/1/16,Prague_1,9146.83,3.14,1,0,,Sunday,0
2159,2022/1/17,Prague_1,8187.199999999999,3.14,0.78,0,,Monday,0
2159,2022/1/18,Prague_1,9867.269999999999,3.14,0.9400000000000001,0,,Tuesday,0
2159,2022/1/19,Prague_1,11294.08,3.14,0.9799999999999999,0,,Wednesday,0
2159,2022/1/20,Prague_1,13381.76,3.14,1,0,,Thursday,0
2159,2022/1/21,Prague_1,12796.91,3.14,0.89,0,,Friday,0
2159,2022/1/22,Prague_1,11909.66,3.14,1,0,,Saturday,0
2159,2022/1/23,Prague_1,12794.88,3.14,0.87,0,,Sunday,0
2159,2022/1/24,Prague_1,9203.39,3.14,1,0,,Monday,0
2159,2022/1/25,Prague_1,12146.4,3.14,0.75,0,,Tuesday,0
2159,2022/1/26,Prague_1,14076.58,3.14,0.95,0,,Wednesday,0
2159,2022/1/27,Prague_1,13254.92,3.14,0.92,0,,Thursday,0
2159,2022/1/28,Prague_1,14238.56,3.14,0.89,0,,Friday,0
2159,2022/1/29,Prague_1,11506.6,3.14,1,0,,Saturday,0
2159,2022/1/30,Prague_1,11844.21,3.14,0.88,0,,Sunday,0
2159,2022/1/31,Prague_1,11185.44,3.14,1,0,,Monday,0
2159,2022/2/1,Prague_1,12898.34,3.14,0.86,0,Memorial Day of the Republic,Tuesday,0
2159,2022/2/2,Prague_1,12301.730000000001,3.14,1,0,,Wednesday,0
2159,2022/2/3,Prague_1,13206.34,3.14,1,0,,Thursday,0
2159,2022/2/4,Prague_1,14557.83,3.14,1,0,,Friday,0
2159,2022/2/5,Prague_1,12738.67,3.14,1,0,,Saturday,0
2159,2022/2/6,Prague_1,10019.029999999999,3.14,1,0,,Sunday,0
2159,2022/2/7,Prague_1,11851.91,3.14,0.99,0,,Monday,0
2159,2022/2/8,Prague_1,8588.720000000001,3.14,1,0,,Tuesday,0
2159,2022/2/9,Prague_1,10187.24,3.14,1,0,,Wednesday,0
2159,2022/2/10,Prague_1,12309.64,3.14,1,0,,Thursday,0
2159,2022/2/11,Prague_1,14309.26,3.14,0.99,0,,Friday,0
2159,2022/2/12,Prague_1,11643.24,3.14,0.9400000000000001,0,,Saturday,0
2159,2022/2/13,Prague_1,11971.050000000001,3.14,1,0,,Sunday,0
2159,2022/2/14,Prague_1,12308.38,3.14,0.97,0,,Monday,0
2159,2022/2/15,Prague_1,11446.4,3.14,1,0,,Tuesday,0
2159,2022/2/16,Prague_1,10688.51,3.14,1,0,,Wednesday,0
2159,2022/2/17,Prague_1,11306.33,3.14,0.63,0,,Thursday,0
2159,2022/2/18,Prague_1,13209.07,3.14,1,0,,Friday,0
2159,2022/2/19,Prague_1,11374.37,3.14,0.9400000000000001,0,,Saturday,0
2159,2022/2/20,Prague_1,9257.5,3.14,1,0,,Sunday,0
2159,2022/2/21,Prague_1,9907.1,3.14,1,0,,Monday,0
2159,2022/2/22,Prague_1,9685.76,3.14,1,0,,Tuesday,0
2159,2022/2/23,Prague_1,11112.15,3.14,1,0,,Wednesday,0
2159,2022/2/24,Prague_1,9881.199999999999,3.14,0.9799999999999999,0,,Thursday,0
2159,2022/2/25,Prague_1,15290.73,3.14,1,0,Memorial Day for the Victims of the Communist Dictatorships,Friday,0
2159,2022/2/26,Prague_1,11709.46,3.14,1,0,,Saturday,0
2159,2022/2/27,Prague_1,10483.199999999999,3.14,1,0,,Sunday,0
2159,2022/2/28,Prague_1,10837.26,3.14,1,0,,Monday,0
2159,2022/3/1,Prague_1,10452.89,3.14,0.82,0,,Tuesday,0
2159,2022/3/2,Prague_1,8191.050000000001,3.14,0.9799999999999999,0,,Wednesday,0
2159,2022/3/3,Prague_1,12271.769999999999,3.14,0.97,0,,Thursday,0
2159,2022/3/4,Prague_1,14319.41,3.14,0.9400000000000001,0,,Friday,0
2159,2022/3/5,Prague_1,10082.1,3.14,0.78,0,,Saturday,0
2159,2022/3/6,Prague_1,9949.17,3.14,0.95,0,,Sunday,0
2159,2022/3/7,Prague_1,10151.68,3.14,0.86,0,,Monday,0
2159,2022/3/8,Prague_1,10206.63,3.14,0.99,0,International womens day,Tuesday,0
2159,2022/3/9,Prague_1,8293.18,3.14,1,0,,Wednesday,0
2159,2022/3/10,Prague_1,11584.300000000001,3.14,0.9400000000000001,0,,Thursday,0
2159,2022/3/11,Prague_1,13698.09,3.14,1,0,,Friday,0
2159,2022/3/12,Prague_1,11768.050000000001,3.14,0.88,0,,Saturday,0
2159,2022/3/13,Prague_1,9210.46,3.14,0.91,0,,Sunday,0
2159,2022/3/14,Prague_1,9375.029999999999,3.14,0.9400000000000001,1,1848 Revolution Memorial Day (Extra holiday),Monday,0
2159,2022/3/15,Prague_1,9806.93,3.14,0.9,1,Memorial Day for the Victims of the Holocaust,Tuesday,0
2159,2022/3/16,Prague_1,8706.6,3.14,1,0,,Wednesday,0
2159,2022/3/17,Prague_1,9753.730000000001,3.14,1,0,,Thursday,0
2159,2022/3/18,Prague_1,12523.980000000001,3.14,0.93,0,,Friday,0
2159,2022/3/19,Prague_1,12243.63,3.14,1,0,,Saturday,0
2159,2022/3/20,Prague_1,10021.13,3.14,0.92,0,,Sunday,0
2159,2022/3/21,Prague_1,10599.54,3.14,0.78,0,,Monday,0
2159,2022/3/22,Prague_1,8867.949999999999,3.14,1,0,,Tuesday,0
2159,2022/3/23,Prague_1,9103.779999999999,3.14,0.68,0,,Wednesday,0
2159,2022/3/24,Prague_1,10540.04,3.14,0.91,0,,Thursday,0
2159,2022/3/25,Prague_1,10654.63,3.14,1,0,,Friday,0
2159,2022/3/26,Prague_1,10874.57,3.14,1,0,,Saturday,0
2159,2022/3/27,Prague_1,7826.839999999999,3.14,0.88,0,,Sunday,0
2159,2022/3/28,Prague_1,9293.480000000001,3.14,0.95,0,,Monday,0
2159,2022/3/29,Prague_1,8543.220000000001,3.14,0.82,0,,Tuesday,0
2159,2022/3/30,Prague_1,6833.68,3.14,0.82,0,,Wednesday,0
2159,2022/3/31,Prague_1,11872.91,3.14,0.85,0,,Thursday,0
2159,2022/4/1,Prague_1,12139.89,3.14,0.95,0,,Friday,0
2159,2022/4/2,Prague_1,9664.83,3.14,1,0,,Saturday,0
2159,2022/4/3,Prague_1,9161.39,3.14,0.7700000000000001,0,,Sunday,0
2159,2022/4/4,Prague_1,10780.769999999999,3.14,0.9400000000000001,0,,Monday,0
2159,2022/4/5,Prague_1,9336.529999999999,3.9199999999999995,0.7700000000000001,0,,Tuesday,0
2159,2022/4/6,Prague_1,8179.849999999999,3.9199999999999995,0.86,0,,Wednesday,0
2159,2022/4/7,Prague_1,10521.980000000001,3.9199999999999995,0.9400000000000001,0,,Thursday,0
2159,2022/4/8,Prague_1,12839.82,3.9199999999999995,1,0,,Friday,0
2159,2022/4/9,Prague_1,10374.769999999999,3.9199999999999995,0.99,0,,Saturday,0
2159,2022/4/10,Prague_1,9029.37,3.9199999999999995,1,0,,Sunday,0
2159,2022/4/11,Prague_1,9824.29,3.9199999999999995,1,0,,Monday,0
2159,2022/4/12,Prague_1,10114.79,3.9199999999999995,0.91,0,,Tuesday,0
2159,2022/4/13,Prague_1,10619.35,3.9199999999999995,0.97,0,,Wednesday,0
2159,2022/4/14,Prague_1,14969.850000000002,3.9199999999999995,0.74,0,,Thursday,0
2159,2022/4/15,Prague_1,12109.65,3.9199999999999995,0.82,1,Good Friday,Friday,0
2159,2022/4/16,Prague_1,7248.5,3.9199999999999995,0.78,1,Memorial Day for the Victims of the Holocaust,Saturday,0
2159,2022/4/17,Prague_1,7660.5199999999995,3.9199999999999995,0.87,1,,Sunday,0
2159,2022/4/18,Prague_1,7686.07,3.9199999999999995,0.9,1,Easter Monday,Monday,0
2159,2022/4/19,Prague_1,9111.13,3.9199999999999995,1,0,,Tuesday,0
2159,2022/4/20,Prague_1,7950.25,3.9199999999999995,0.75,0,,Wednesday,0
2159,2022/4/21,Prague_1,7945,3.9199999999999995,0.87,0,,Thursday,0
2159,2022/4/22,Prague_1,9054.99,3.9199999999999995,1,0,,Friday,0
2159,2022/4/23,Prague_1,9103.57,3.9199999999999995,1,0,,Saturday,0
2159,2022/4/24,Prague_1,9309.51,3.9199999999999995,1,0,,Sunday,0
2159,2022/4/25,Prague_1,7059.5,3.9199999999999995,1,0,,Monday,0
2159,2022/4/26,Prague_1,7005.599999999999,3.9199999999999995,1,0,,Tuesday,0
2159,2022/4/27,Prague_1,9362.779999999999,3.9199999999999995,0.9799999999999999,0,,Wednesday,0
2159,2022/4/28,Prague_1,8661.31,3.9199999999999995,1,0,,Thursday,0
2159,2022/4/29,Prague_1,11717.16,3.9199999999999995,1,0,,Friday,0
2159,2022/4/30,Prague_1,9983.75,3.9199999999999995,0.82,0,,Saturday,0
2159,2022/5/1,Prague_1,7851.2699999999995,3.9199999999999995,1,1,Labour Day,Sunday,0
2159,2022/5/2,Prague_1,9025.029999999999,3.9199999999999995,0.96,0,,Monday,0
2159,2022/5/3,Prague_1,7023.38,3.9199999999999995,1,0,,Tuesday,0
2159,2022/5/4,Prague_1,9357.32,3.9199999999999995,0.91,0,,Wednesday,0
2159,2022/5/5,Prague_1,8155.07,3.9199999999999995,0.99,0,,Thursday,0
2159,2022/5/6,Prague_1,10318.699999999999,3.9199999999999995,1,0,,Friday,0
2159,2022/5/7,Prague_1,7935.900000000001,3.9199999999999995,1,0,,Saturday,0
2159,2022/5/8,Prague_1,9956.449999999999,3.9199999999999995,0.71,1,Den osvobozeni,Sunday,0
2159,2022/5/9,Prague_1,10002.16,3.9199999999999995,1,0,,Monday,0
2159,2022/5/10,Prague_1,8811.04,3.9199999999999995,0.9400000000000001,0,,Tuesday,0
2159,2022/5/11,Prague_1,7446.74,3.9199999999999995,1,0,,Wednesday,0
2159,2022/5/12,Prague_1,7693.7699999999995,3.9199999999999995,0.65,0,,Thursday,0
2159,2022/5/13,Prague_1,10678.57,3.9199999999999995,1,0,,Friday,0
2159,2022/5/14,Prague_1,7919.24,3.9199999999999995,1,0,,Saturday,0
2159,2022/5/15,Prague_1,9044.49,3.9199999999999995,0.9,0,,Sunday,0
2159,2022/5/16,Prague_1,8705.06,3.9199999999999995,0.97,0,,Monday,0
2159,2022/5/17,Prague_1,7010.360000000001,3.9199999999999995,0.9,0,,Tuesday,0
2159,2022/5/18,Prague_1,7714.42,3.9199999999999995,1,0,,Wednesday,0
2159,2022/5/19,Prague_1,8607.550000000001,3.9199999999999995,0.87,0,,Thursday,0
2159,2022/5/20,Prague_1,9620.87,3.9199999999999995,0.9,0,,Friday,0
2159,2022/5/21,Prague_1,8007.650000000001,3.9199999999999995,1,0,National Defense Day,Saturday,0
2159,2022/5/22,Prague_1,8786.33,3.9199999999999995,0.89,0,,Sunday,0
2159,2022/5/23,Prague_1,9085.300000000001,3.9199999999999995,1,0,,Monday,0
2159,2022/5/24,Prague_1,7780.92,3.9199999999999995,0.9400000000000001,0,,Tuesday,0
2159,2022/5/25,Prague_1,6992.09,3.9199999999999995,1,0,,Wednesday,0
2159,2022/5/26,Prague_1,8389.85,3.9199999999999995,0.9400000000000001,1,Ascension day,Thursday,0
2159,2022/5/27,Prague_1,9025.24,3.9199999999999995,0.9400000000000001,0,,Friday,0
2159,2022/5/28,Prague_1,6580.139999999999,3.9199999999999995,0.96,0,,Saturday,0
2159,2022/5/29,Prague_1,8213.730000000001,3.9199999999999995,1,0,,Sunday,0
2159,2022/5/30,Prague_1,8217.300000000001,3.9199999999999995,0.93,0,,Monday,0
2159,2022/5/31,Prague_1,6164.06,3.9199999999999995,1,0,,Tuesday,0
2159,2022/6/1,Prague_1,6916.77,3.9199999999999995,0.6900000000000001,0,,Wednesday,0
2159,2022/6/2,Prague_1,6537.509999999999,3.9199999999999995,1,0,,Thursday,0
2159,2022/6/3,Prague_1,8946.980000000001,3.9199999999999995,0.8,0,,Friday,0
2159,2022/6/4,Prague_1,6595.12,3.9199999999999995,0.76,0,Day of National Unity,Saturday,0
2159,2022/6/5,Prague_1,8178.5199999999995,3.9199999999999995,1,1,Whit sunday,Sunday,0
2159,2022/6/6,Prague_1,9220.96,3.9199999999999995,0.7700000000000001,1,Whit monday,Monday,0
2159,2022/6/7,Prague_1,7059.57,3.9199999999999995,0.97,0,,Tuesday,0
2159,2022/6/8,Prague_1,6607.44,3.9199999999999995,0.89,0,,Wednesday,0
2159,2022/6/9,Prague_1,8120.629999999999,3.9199999999999995,0.9400000000000001,0,,Thursday,0
2159,2022/6/10,Prague_1,10162.32,3.9199999999999995,0.87,0,,Friday,0
2159,2022/6/11,Prague_1,6614.3,3.9199999999999995,1,0,,Saturday,0
2159,2022/6/12,Prague_1,8877.89,3.9199999999999995,0.85,0,,Sunday,0
2159,2022/6/13,Prague_1,7260.050000000001,3.9199999999999995,0.9799999999999999,0,,Monday,0
2159,2022/6/14,Prague_1,6431.67,3.9199999999999995,0.93,0,,Tuesday,0
2159,2022/6/15,Prague_1,5819.87,3.9199999999999995,0.9,0,,Wednesday,0
2159,2022/6/16,Prague_1,8082.97,3.9199999999999995,0.9400000000000001,1,Corpus Christi,Thursday,0
2159,2022/6/17,Prague_1,10469.480000000001,3.9199999999999995,1,0,,Friday,0
2159,2022/6/18,Prague_1,6755.84,3.9199999999999995,0.92,0,,Saturday,0
2159,2022/6/19,Prague_1,6561.099999999999,3.9199999999999995,0.96,0,Independent Hungary Day,Sunday,0
2159,2022/6/20,Prague_1,7203.349999999999,3.9199999999999995,1,0,,Monday,0
2159,2022/6/21,Prague_1,6263.67,3.9199999999999995,0.93,0,,Tuesday,0
2159,2022/6/22,Prague_1,6959.12,3.9199999999999995,1,0,,Wednesday,0
2159,2022/6/23,Prague_1,7320.74,3.9199999999999995,1,0,,Thursday,0
2159,2022/6/24,Prague_1,10101.49,3.9199999999999995,0.85,0,,Friday,0
2159,2022/6/25,Prague_1,7521.5,3.9199999999999995,1,0,,Saturday,0
2159,2022/6/26,Prague_1,9330.86,3.9199999999999995,0.96,0,,Sunday,0
2159,2022/6/27,Prague_1,6651.05,3.9199999999999995,1,0,,Monday,0
2159,2022/6/28,Prague_1,6740.58,3.9199999999999995,1,0,,Tuesday,0
2159,2022/6/29,Prague_1,6778.45,3.9199999999999995,1,0,,Wednesday,0
2159,2022/6/30,Prague_1,6890.240000000001,3.9199999999999995,1,0,,Thursday,0
2159,2022/7/1,Prague_1,8990.31,3.9199999999999995,0.91,0,,Friday,0
2159,2022/7/2,Prague_1,5874.05,3.9199999999999995,1,0,,Saturday,0
2159,2022/7/3,Prague_1,5781.44,3.9199999999999995,1,0,,Sunday,0
2159,2022/7/4,Prague_1,6636.98,3.9199999999999995,0.71,0,,Monday,0
2159,2022/7/5,Prague_1,5951.82,3.9199999999999995,0.83,1,Cyrila a Metodej,Tuesday,0
2159,2022/7/6,Prague_1,6150.41,3.9199999999999995,0.89,1,Jan Hus,Wednesday,0
2159,2022/7/7,Prague_1,7224.49,3.9199999999999995,0.76,0,,Thursday,0
2159,2022/7/8,Prague_1,6712.09,3.9199999999999995,1,0,,Friday,0
2159,2022/7/9,Prague_1,6195.84,3.9199999999999995,0.75,0,,Saturday,0
2159,2022/7/10,Prague_1,6900.32,3.9199999999999995,1,0,,Sunday,0
2159,2022/7/11,Prague_1,5483.31,3.9199999999999995,0.8099999999999999,0,,Monday,0
2159,2022/7/12,Prague_1,6056.33,3.9199999999999995,0.9799999999999999,0,,Tuesday,0
2159,2022/7/13,Prague_1,5233.900000000001,3.9199999999999995,0.93,0,,Wednesday,0
2159,2022/7/14,Prague_1,6985.650000000001,3.9199999999999995,0.9,0,,Thursday,0
2159,2022/7/15,Prague_1,7977.550000000001,3.9199999999999995,1,0,,Friday,0
2159,2022/7/16,Prague_1,7864.01,3.9199999999999995,0.85,0,,Saturday,0
2159,2022/7/17,Prague_1,6230,4.7,1,0,,Sunday,0
2159,2022/7/18,Prague_1,7878.01,3.9199999999999995,0.7700000000000001,0,,Monday,0
2159,2022/7/19,Prague_1,5752.18,4.7,1,0,,Tuesday,0
2159,2022/7/20,Prague_1,6078.59,4.7,0.9,0,,Wednesday,0
2159,2022/7/21,Prague_1,6321.98,4.7,1,0,,Thursday,0
2159,2022/7/22,Prague_1,7913.01,4.7,1,0,,Friday,0
2159,2022/7/23,Prague_1,7350.07,4.7,0.86,0,,Saturday,0
2159,2022/7/24,Prague_1,6616.54,4.7,1,0,,Sunday,0
2159,2022/7/25,Prague_1,6229.44,4.7,1,0,,Monday,0
2159,2022/7/26,Prague_1,6099.73,4.7,1,0,,Tuesday,0
2159,2022/7/27,Prague_1,5647.25,4.7,1,0,,Wednesday,0
2159,2022/7/28,Prague_1,7037.59,4.7,1,0,,Thursday,0
2159,2022/7/29,Prague_1,7647.92,4.7,0.9400000000000001,0,,Friday,0
2159,2022/7/30,Prague_1,6365.59,4.7,1,0,,Saturday,0
2159,2022/7/31,Prague_1,5392.31,4.7,0.89,0,,Sunday,0
2159,2022/8/1,Prague_1,4216.8,4.7,1,0,,Monday,0
2159,2022/8/2,Prague_1,5975.27,4.7,0.83,0,,Tuesday,0
2159,2022/8/3,Prague_1,5511.52,4.7,1,0,,Wednesday,0
2159,2022/8/4,Prague_1,6389.04,4.7,0.7700000000000001,0,,Thursday,0
2159,2022/8/5,Prague_1,7482.51,4.7,0.9400000000000001,0,,Friday,0
2159,2022/8/6,Prague_1,6262.900000000001,4.7,1,0,,Saturday,0
2159,2022/8/7,Prague_1,5390.91,4.7,0.85,0,,Sunday,0
2159,2022/8/8,Prague_1,5860.889999999999,4.7,1,1,Peace Festival in Augsburg,Monday,0
2159,2022/8/9,Prague_1,5067.93,4.7,1,0,,Tuesday,0
2159,2022/8/10,Prague_1,6507.2,4.7,1,0,,Wednesday,0
2159,2022/8/11,Prague_1,6050.8,4.7,1,0,,Thursday,0
2159,2022/8/12,Prague_1,6417.740000000001,4.7,1,0,,Friday,0
2159,2022/8/13,Prague_1,7387.03,4.7,1,0,,Saturday,0
2159,2022/8/14,Prague_1,6343.610000000001,4.7,0.97,0,,Sunday,0
2159,2022/8/15,Prague_1,6533.66,4.7,1,1,Assumption of the Virgin Mary,Monday,0
2159,2022/8/16,Prague_1,5561.360000000001,4.7,0.9400000000000001,0,,Tuesday,0
2159,2022/8/17,Prague_1,5109.16,4.7,1,0,,Wednesday,0
2159,2022/8/18,Prague_1,7882.5599999999995,4.7,0.86,0,,Thursday,0
2159,2022/8/19,Prague_1,7490.21,4.7,0.9799999999999999,0,,Friday,0
2159,2022/8/20,Prague_1,6335.91,4.7,0.83,1,State Foundation Day,Saturday,0
2159,2022/8/21,Prague_1,6776,4.7,1,0,,Sunday,0
2159,2022/8/22,Prague_1,6688.92,4.7,0.87,0,,Monday,0
2159,2022/8/23,Prague_1,6242.599999999999,4.7,0.87,0,,Tuesday,0
2159,2022/8/24,Prague_1,6204.31,4.7,1,0,,Wednesday,0
2159,2022/8/25,Prague_1,6708.8,4.7,1,0,,Thursday,0
2159,2022/8/26,Prague_1,8835.61,4.7,0.9400000000000001,0,,Friday,0
2159,2022/8/27,Prague_1,6061.93,4.7,1,0,,Saturday,0
2159,2022/8/28,Prague_1,6545.349999999999,4.7,0.86,0,,Sunday,0
2159,2022/8/29,Prague_1,5824.349999999999,4.7,0.9799999999999999,0,,Monday,0
2159,2022/8/30,Prague_1,5734.259999999999,4.7,1,0,,Tuesday,0
2159,2022/8/31,Prague_1,7826.139999999999,4.7,0.9,0,,Wednesday,0
2159,2022/9/1,Prague_1,8408.96,4.7,1,0,,Thursday,0
2159,2022/9/2,Prague_1,8707.58,4.7,0.9799999999999999,0,,Friday,0
2159,2022/9/3,Prague_1,6430.759999999999,4.7,0.97,0,,Saturday,0
2159,2022/9/4,Prague_1,8678.6,4.7,0.92,0,,Sunday,0
2159,2022/9/5,Prague_1,8516.62,4.7,0.97,0,,Monday,0
2159,2022/9/6,Prague_1,6408.78,4.7,0.96,0,,Tuesday,0
2159,2022/9/7,Prague_1,6011.110000000001,4.7,0.9799999999999999,0,,Wednesday,0
2159,2022/9/8,Prague_1,7751.7300000000005,4.7,0.83,0,,Thursday,0
2159,2022/9/9,Prague_1,8959.720000000001,4.7,1,0,,Friday,0
2159,2022/9/10,Prague_1,6447.91,4.7,0.9400000000000001,0,,Saturday,0
2159,2022/9/11,Prague_1,8087.24,4.7,0.9400000000000001,0,,Sunday,0
2159,2022/9/12,Prague_1,7533.33,4.7,1,0,,Monday,0
2159,2022/9/13,Prague_1,6147.400000000001,4.7,0.96,0,,Tuesday,0
2159,2022/9/14,Prague_1,6698.72,4.7,0.79,0,,Wednesday,0
2159,2022/9/15,Prague_1,8102.29,4.7,0.9400000000000001,0,,Thursday,0
2159,2022/9/16,Prague_1,7831.32,4.7,0.92,0,,Friday,0
2159,2022/9/17,Prague_1,8204.49,4.7,0.95,0,,Saturday,0
2159,2022/9/18,Prague_1,7372.1900000000005,4.7,1,0,,Sunday,0
2159,2022/9/19,Prague_1,7959.699999999999,4.7,0.91,0,,Monday,0
2159,2022/9/20,Prague_1,6552.98,4.7,0.9400000000000001,0,,Tuesday,0
2159,2022/9/21,Prague_1,7066.43,4.7,1,0,,Wednesday,0
2159,2022/9/22,Prague_1,8572.480000000001,4.7,0.87,0,,Thursday,0
2159,2022/9/23,Prague_1,7875.07,4.7,1,0,,Friday,0
2159,2022/9/24,Prague_1,7601.650000000001,4.7,0.87,0,,Saturday,0
2159,2022/9/25,Prague_1,7214.76,4.7,1,0,,Sunday,0
2159,2022/9/26,Prague_1,8709.68,4.7,0.9,0,,Monday,0
2159,2022/9/27,Prague_1,7786.7300000000005,4.7,1,0,,Tuesday,0
2159,2022/9/28,Prague_1,12834.64,4.7,1,1,Den ceske statnosti,Wednesday,0
2159,2022/9/29,Prague_1,8147.300000000001,4.7,1,0,,Thursday,0
2159,2022/9/30,Prague_1,8425.269999999999,4.7,0.97,0,,Friday,0
2159,2022/10/1,Prague_1,7587.79,4.7,1,0,,Saturday,0
2159,2022/10/2,Prague_1,7462.7699999999995,4.7,0.99,0,,Sunday,0
2159,2022/10/3,Prague_1,8916.6,4.7,0.9400000000000001,1,German Unity Day,Monday,0
2159,2022/10/4,Prague_1,5334.07,4.7,1,0,,Tuesday,0
2159,2022/10/5,Prague_1,6375.18,4.7,0.82,0,,Wednesday,0
2159,2022/10/6,Prague_1,9684.85,4.7,0.9799999999999999,0,Memorial Day for the Martyrs of Arad,Thursday,0
2159,2022/10/7,Prague_1,7980,4.7,0.9799999999999999,0,,Friday,0
2159,2022/10/8,Prague_1,8051.47,4.7,0.95,0,,Saturday,0
2159,2022/10/9,Prague_1,8225.980000000001,4.7,0.97,0,,Sunday,0
2159,2022/10/10,Prague_1,8184.82,4.7,0.9799999999999999,0,,Monday,0
2159,2022/10/11,Prague_1,6368.740000000001,4.7,0.9799999999999999,0,,Tuesday,0
2159,2022/10/12,Prague_1,6998.88,4.7,0.9799999999999999,0,,Wednesday,0
2159,2022/10/13,Prague_1,8349.81,4.7,0.9799999999999999,0,,Thursday,0
2159,2022/10/14,Prague_1,9927.26,4.7,0.9799999999999999,0,,Friday,0
2159,2022/10/15,Prague_1,8548.470000000001,4.7,0.95,0,,Saturday,0
2159,2022/10/16,Prague_1,6838.23,4.7,0.97,0,,Sunday,0
2159,2022/10/17,Prague_1,6532.75,4.7,0.9799999999999999,0,,Monday,0
2159,2022/10/18,Prague_1,6470.38,4.7,0.9799999999999999,0,,Tuesday,0
2159,2022/10/19,Prague_1,7407.68,4.7,0.97,0,,Wednesday,0
2159,2022/10/20,Prague_1,8165.43,4.7,0.9799999999999999,0,,Thursday,0
2159,2022/10/21,Prague_1,9007.529999999999,4.7,0.9799999999999999,0,,Friday,0
2159,2022/10/22,Prague_1,6932.38,4.7,0.97,0,,Saturday,0
2159,2022/10/23,Prague_1,7098.91,4.7,0.97,1,Memorial day of the 1956 Revolution,Sunday,0
2159,2022/10/24,Prague_1,6786.639999999999,4.7,0.9799999999999999,0,,Monday,0
2159,2022/10/25,Prague_1,6354.67,4.7,0.9799999999999999,0,,Tuesday,0
2159,2022/10/26,Prague_1,6606.88,4.7,0.9799999999999999,0,,Wednesday,0
2159,2022/10/27,Prague_1,9573.550000000001,4.7,0.9799999999999999,0,,Thursday,0
2159,2022/10/28,Prague_1,8323.07,4.7,0.9799999999999999,1,Den vzniku samostatneho ceskoslovenskeho statu,Friday,0
2159,2022/10/29,Prague_1,6815.06,4.7,0.97,0,,Saturday,0
2159,2022/10/30,Prague_1,6339.55,4.7,0.88,0,,Sunday,0
2159,2022/10/31,Prague_1,5638.29,4.7,0.99,1,Reformation Day,Monday,0
2159,2022/11/1,Prague_1,5833.8,4.7,0.93,1,All Saints Day,Tuesday,0
2159,2022/11/2,Prague_1,7507.150000000001,4.7,0.99,0,,Wednesday,0
2159,2022/11/3,Prague_1,7451.43,4.7,0.99,0,,Thursday,0
2159,2022/11/4,Prague_1,9351.300000000001,4.7,0.88,0,,Friday,0
2159,2022/11/5,Prague_1,6326.18,4.7,0.99,0,,Saturday,0
2159,2022/11/6,Prague_1,6934.27,4.7,0.92,0,,Sunday,0
2159,2022/11/7,Prague_1,5695.69,4.7,0.99,0,,Monday,0
2159,2022/11/8,Prague_1,6608.07,4.7,0.99,0,,Tuesday,0
2159,2022/11/9,Prague_1,5885.53,4.7,0.99,0,,Wednesday,0
2159,2022/11/10,Prague_1,6296.71,4.7,0.9,0,,Thursday,0
2159,2022/11/11,Prague_1,9811.76,4.7,0.9799999999999999,0,,Friday,0
2159,2022/11/12,Prague_1,6794.55,4.7,0.99,0,,Saturday,0
2159,2022/11/13,Prague_1,7736.68,4.7,0.89,0,,Sunday,0
2159,2022/11/14,Prague_1,5775.56,4.7,0.99,0,,Monday,0
2159,2022/11/15,Prague_1,6095.110000000001,4.7,0.99,0,,Tuesday,0
2159,2022/11/16,Prague_1,7904.68,4.7,0.85,0,,Wednesday,0
2159,2022/11/17,Prague_1,6762.21,4.7,0.9799999999999999,1,Den boje za svobodu a demokracii,Thursday,0
2159,2022/11/18,Prague_1,7567.699999999999,4.7,0.99,0,,Friday,0
2159,2022/11/19,Prague_1,6220.41,4.7,0.9799999999999999,0,,Saturday,0
2159,2022/11/20,Prague_1,7700.7699999999995,4.7,0.92,0,,Sunday,0
2159,2022/11/21,Prague_1,5558.84,4.7,0.86,0,,Monday,0
2159,2022/11/22,Prague_1,6331.849999999999,4.7,0.97,0,,Tuesday,0
2159,2022/11/23,Prague_1,6877.5,4.7,0.93,0,,Wednesday,0
2159,2022/11/24,Prague_1,5198.48,4.7,0.99,0,,Thursday,0
2159,2022/11/25,Prague_1,10103.38,4.7,0.99,0,,Friday,0
2159,2022/11/26,Prague_1,6422.57,4.7,0.86,0,,Saturday,0
2159,2022/11/27,Prague_1,6376.44,4.7,0.9799999999999999,0,,Sunday,0
2159,2022/11/28,Prague_1,6741.139999999999,4.7,0.85,0,,Monday,0
2159,2022/11/29,Prague_1,5271.91,4.7,0.9799999999999999,0,,Tuesday,0
2159,2022/11/30,Prague_1,6093.78,4.7,0.9799999999999999,0,,Wednesday,0
2159,2022/12/1,Prague_1,7229.389999999999,4.7,0.9799999999999999,0,,Thursday,0
2159,2022/12/2,Prague_1,9059.68,4.7,0.99,0,,Friday,0
2159,2022/12/3,Prague_1,7317.870000000001,4.7,0.65,0,,Saturday,0
2159,2022/12/4,Prague_1,6860.490000000001,4.7,0.9799999999999999,0,,Sunday,0
2159,2022/12/5,Prague_1,7437.360000000001,4.7,0.97,0,,Monday,0
2159,2022/12/6,Prague_1,5710.110000000001,4.7,0.9799999999999999,0,,Tuesday,0
2159,2022/12/7,Prague_1,7111.09,4.7,0.99,0,,Wednesday,0
2159,2022/12/8,Prague_1,7270.550000000001,4.7,0.88,0,,Thursday,0
2159,2022/12/9,Prague_1,9454.480000000001,4.7,0.88,0,,Friday,0
2159,2022/12/10,Prague_1,7784.9800000000005,4.7,0.91,0,,Saturday,0
2159,2022/12/11,Prague_1,7294.21,4.7,0.96,0,,Sunday,0
2159,2022/12/12,Prague_1,6639.29,4.7,0.92,0,,Monday,0
2159,2022/12/13,Prague_1,5462.73,4.7,0.87,0,,Tuesday,0.31619
2159,2022/12/14,Prague_1,8074.639999999999,4.7,0.79,0,,Wednesday,0.83048
2159,2022/12/15,Prague_1,6922.79,4.7,0.74,0,,Thursday,0.83048
2159,2022/12/16,Prague_1,10232.11,4.7,0.96,0,,Friday,0.83048
2159,2022/12/17,Prague_1,9445.87,4.7,0.88,0,,Saturday,0.83048
2159,2022/12/18,Prague_1,7242.900000000001,4.7,0.87,0,,Sunday,0.83048
2159,2022/12/19,Prague_1,8021.93,4.7,0.9400000000000001,0,,Monday,0.83048
2159,2022/12/20,Prague_1,7958.72,4.7,0.86,0,,Tuesday,0.25886
2159,2022/12/21,Prague_1,9652.09,4.7,0.9799999999999999,0,,Wednesday,0
2159,2022/12/22,Prague_1,8293.6,4.7,0.9799999999999999,0,,Thursday,0
2159,2022/12/23,Prague_1,14016.38,4.7,0.99,0,,Friday,0
2159,2022/12/24,Prague_1,4829.09,4.7,1,1,Christmas Eve,Saturday,0
2159,2022/12/26,Prague_1,6663.72,4.7,0.99,1,2nd Christmas Day,Monday,0
2159,2022/12/27,Prague_1,6168.47,4.7,0.87,0,,Tuesday,0
2159,2022/12/28,Prague_1,5733.63,4.7,0.9799999999999999,0,,Wednesday,0
2159,2022/12/29,Prague_1,7105.21,4.7,0.9799999999999999,0,,Thursday,0
2159,2022/12/30,Prague_1,8542.1,4.7,0.9799999999999999,0,,Friday,0
2159,2022/12/31,Prague_1,6765.150000000001,4.7,0.91,0,,Saturday,0
2159,2023/1/1,Prague_1,0,4.7,0.52,1,New Years Day,Sunday,0
2159,2023/1/2,Prague_1,5674.27,4.7,0.93,0,,Monday,0
2159,2023/1/3,Prague_1,5126.099999999999,4.7,0.9799999999999999,0,,Tuesday,0
2159,2023/1/4,Prague_1,7290.29,4.7,0.9,0,,Wednesday,0
2159,2023/1/5,Prague_1,6458.2,4.7,0.95,0,,Thursday,0
2159,2023/1/6,Prague_1,8899.519999999999,4.7,0.96,1,Epiphany,Friday,0
2159,2023/1/7,Prague_1,6714.33,4.7,0.9799999999999999,0,,Saturday,0
2159,2023/1/8,Prague_1,5734.75,4.7,0.8099999999999999,0,,Sunday,0
2159,2023/1/9,Prague_1,5755.82,4.7,0.89,0,,Monday,0
2159,2023/1/10,Prague_1,5362.349999999999,4.7,0.86,0,,Tuesday,0
2159,2023/1/11,Prague_1,5989.2,4.7,0.8099999999999999,0,,Wednesday,0
2159,2023/1/12,Prague_1,6053.740000000001,4.7,0.86,0,,Thursday,0
2159,2023/1/13,Prague_1,8430.94,4.7,0.9799999999999999,0,,Friday,0
2159,2023/1/14,Prague_1,7671.58,4.7,0.93,0,,Saturday,0
2159,2023/1/15,Prague_1,5617.71,4.7,0.86,0,,Sunday,0
2159,2023/1/16,Prague_1,5534.34,4.7,0.9799999999999999,0,,Monday,0
2159,2023/1/17,Prague_1,6783.98,4.7,0.82,0,,Tuesday,0
2159,2023/1/18,Prague_1,6726.16,4.7,0.97,0,,Wednesday,0
2159,2023/1/19,Prague_1,5778.990000000001,4.7,0.9799999999999999,0,,Thursday,0
2159,2023/1/20,Prague_1,7276.43,4.7,0.83,0,,Friday,0
2159,2023/1/21,Prague_1,5862.71,4.7,0.9,0,,Saturday,0
2159,2023/1/22,Prague_1,10222.1,4.7,0.71,0,,Sunday,0
2159,2023/1/23,Prague_1,4980.43,4.7,0.82,0,,Monday,0
2159,2023/1/24,Prague_1,5816.650000000001,4.7,0.82,0,,Tuesday,0
2159,2023/1/25,Prague_1,6712.09,4.7,0.9799999999999999,0,,Wednesday,0
2159,2023/1/26,Prague_1,6585.88,4.7,0.7299999999999999,0,,Thursday,0
2159,2023/1/27,Prague_1,7828.589999999999,4.7,0.78,0,,Friday,0
2159,2023/1/28,Prague_1,7069.58,4.7,0.99,0,,Saturday,0
2159,2023/1/29,Prague_1,8536.71,4.7,0.88,0,,Sunday,0
2159,2023/1/30,Prague_1,5482.889999999999,4.7,0.8099999999999999,0,,Monday,0
2159,2023/1/31,Prague_1,5637.94,4.7,0.86,0,,Tuesday,0
2159,2023/2/1,Prague_1,6789.58,4.7,0.88,0,Memorial Day of the Republic,Wednesday,0
2159,2023/2/2,Prague_1,5371.38,4.7,0.95,0,,Thursday,0
2159,2023/2/3,Prague_1,7546.839999999999,4.7,0.97,0,,Friday,0
2159,2023/2/4,Prague_1,5199.110000000001,4.7,0.97,0,,Saturday,0
2159,2023/2/5,Prague_1,5906.25,4.7,0.9799999999999999,0,,Sunday,0
2159,2023/2/6,Prague_1,4925.69,4.7,0.76,0,,Monday,0
2159,2023/2/7,Prague_1,4943.12,4.7,0.99,0,,Tuesday,0
2159,2023/2/8,Prague_1,4917.990000000001,4.7,0.9799999999999999,0,,Wednesday,0
2159,2023/2/9,Prague_1,5288.92,4.7,0.7,0,,Thursday,0
2159,2023/2/10,Prague_1,6953.099999999999,4.7,0.96,0,,Friday,0
2159,2023/2/11,Prague_1,6165.740000000001,4.7,0.78,0,,Saturday,0
2159,2023/2/12,Prague_1,7480.900000000001,4.7,0.9799999999999999,0,,Sunday,0
2159,2023/2/13,Prague_1,4598.23,4.7,0.82,0,,Monday,0
2159,2023/2/14,Prague_1,5240.2,4.7,0.89,0,,Tuesday,0
2159,2023/2/15,Prague_1,4076.52,4.7,0.89,0,,Wednesday,0
2159,2023/2/16,Prague_1,6049.19,4.7,0.86,0,,Thursday,0
2159,2023/2/17,Prague_1,7264.8099999999995,4.7,0.82,0,,Friday,0
2159,2023/2/18,Prague_1,6068.02,4.7,0.93,0,,Saturday,0
2159,2023/2/19,Prague_1,6737.639999999999,4.7,0.9799999999999999,0,,Sunday,0
2159,2023/2/20,Prague_1,4797.31,4.7,0.67,0,,Monday,0
2159,2023/2/21,Prague_1,4781.56,4.7,0.95,0,,Tuesday,0
2159,2023/2/22,Prague_1,4812.009999999999,4.7,0.76,0,,Wednesday,0
2159,2023/2/23,Prague_1,5093.69,4.7,0.9799999999999999,0,,Thursday,0
2159,2023/2/24,Prague_1,6477.38,4.7,0.64,0,,Friday,0
2159,2023/2/25,Prague_1,5762.75,4.7,0.82,0,Memorial Day for the Victims of the Communist Dictatorships,Saturday,0
2159,2023/2/26,Prague_1,6131.02,4.7,0.9,0,,Sunday,0
2159,2023/2/27,Prague_1,5309.639999999999,4.7,0.8099999999999999,0,,Monday,0
2159,2023/2/28,Prague_1,4142.46,4.7,0.8099999999999999,0,,Tuesday,0
2159,2023/3/1,Prague_1,4581.849999999999,4.7,0.85,0,,Wednesday,0
2159,2023/3/2,Prague_1,6918.099999999999,4.7,0.83,0,,Thursday,0
2159,2023/3/3,Prague_1,7426.79,4.7,0.9400000000000001,0,,Friday,0
2159,2023/3/4,Prague_1,6308.889999999999,4.7,1,0,,Saturday,0
2159,2023/3/5,Prague_1,6956.46,4.7,0.87,0,,Sunday,0
2159,2023/3/6,Prague_1,5634.44,4.7,1,0,,Monday,0
2159,2023/3/7,Prague_1,4976.93,4.7,0.9799999999999999,0,,Tuesday,0
2159,2023/3/8,Prague_1,5556.25,4.7,0.9,0,International womens day,Wednesday,0
2159,2023/3/9,Prague_1,6368.25,4.7,0.93,0,,Thursday,0
2159,2023/3/10,Prague_1,8478.82,4.7,0.96,0,,Friday,0
2159,2023/3/11,Prague_1,6952.33,4.7,0.75,0,,Saturday,0
2159,2023/3/12,Prague_1,6192.900000000001,4.7,0.88,0,,Sunday,0
2159,2023/3/13,Prague_1,6442.73,4.7,0.9,0,,Monday,0
2159,2023/3/14,Prague_1,5502.42,4.7,0.85,0,,Tuesday,0
2159,2023/3/15,Prague_1,5688.97,4.7,0.92,1,Memorial Day for the Victims of the Holocaust,Wednesday,0
2159,2023/3/16,Prague_1,5734.96,4.7,0.95,0,,Thursday,0
2159,2023/3/17,Prague_1,7815.5,4.7,0.93,0,,Friday,0
2159,2023/3/18,Prague_1,6158.110000000001,4.7,0.9799999999999999,0,,Saturday,0
2159,2023/3/19,Prague_1,6037.57,4.7,0.92,0,,Sunday,0
2159,2023/3/20,Prague_1,5537.91,4.7,0.99,0,,Monday,0
2159,2023/3/21,Prague_1,5179.650000000001,4.7,0.93,0,,Tuesday,0
2159,2023/3/22,Prague_1,5755.68,4.7,0.95,0,,Wednesday,0
2159,2023/3/23,Prague_1,7948.360000000001,4.7,0.82,0,,Thursday,0
2159,2023/3/24,Prague_1,7558.18,4.7,0.91,0,,Friday,0
2159,2023/3/25,Prague_1,5845.490000000001,4.7,0.96,0,,Saturday,0
2159,2023/3/26,Prague_1,5941.95,4.7,0.97,0,,Sunday,0
2159,2023/3/27,Prague_1,6098.54,4.7,0.91,0,,Monday,0
2159,2023/3/28,Prague_1,5894.56,4.7,0.84,0,,Tuesday,0
2159,2023/3/29,Prague_1,5814.900000000001,4.7,0.9400000000000001,0,,Wednesday,0
2159,2023/3/30,Prague_1,5605.04,4.7,0.96,0,,Thursday,0
2159,2023/3/31,Prague_1,7941.57,4.7,0.84,0,,Friday,0
2159,2023/4/1,Prague_1,5523.56,4.7,0.95,0,,Saturday,0
2159,2023/4/2,Prague_1,6037.360000000001,4.7,0.91,0,,Sunday,0
2159,2023/4/3,Prague_1,5612.95,4.7,0.9799999999999999,0,,Monday,0
2159,2023/4/4,Prague_1,5696.88,4.7,0.88,0,,Tuesday,0
2159,2023/4/5,Prague_1,7072.17,4.7,0.82,0,,Wednesday,0
2159,2023/4/6,Prague_1,9633.050000000001,4.7,0.6900000000000001,0,,Thursday,0
2159,2023/4/7,Prague_1,8334.9,4.7,0.91,1,Good Friday,Friday,0
2159,2023/4/8,Prague_1,4564.91,4.7,0.9400000000000001,1,,Saturday,0
2159,2023/4/9,Prague_1,5001.43,4.7,0.88,1,,Sunday,0
2159,2023/4/10,Prague_1,6597.150000000001,4.7,0.84,1,Easter Monday,Monday,0
2159,2023/4/11,Prague_1,6035.68,4.7,0.92,0,,Tuesday,0
2159,2023/4/12,Prague_1,6915.79,4.7,0.83,0,,Wednesday,0
2159,2023/4/13,Prague_1,5672.8,4.7,0.9400000000000001,0,,Thursday,0
2159,2023/4/14,Prague_1,9134.019999999999,4.7,0.8,0,,Friday,0
2159,2023/4/15,Prague_1,6280.75,4.7,0.82,0,,Saturday,0
2159,2023/4/16,Prague_1,5783.400000000001,4.7,0.87,0,Memorial Day for the Victims of the Holocaust,Sunday,0
2159,2023/4/17,Prague_1,6156.009999999999,4.7,0.89,0,,Monday,0
2159,2023/4/18,Prague_1,4207.07,4.7,0.9799999999999999,0,,Tuesday,1.08696
2159,2023/4/19,Prague_1,5992.56,4.7,0.9400000000000001,0,,Wednesday,0
2159,2023/4/20,Prague_1,8388.24,4.7,0.7700000000000001,0,,Thursday,0
2159,2023/4/21,Prague_1,7069.09,4.7,0.9,0,,Friday,0
2159,2023/4/22,Prague_1,6230.77,4.7,0.75,0,,Saturday,0
2159,2023/4/23,Prague_1,4897.2,4.7,0.96,0,,Sunday,0
2159,2023/4/24,Prague_1,6262.41,4.7,0.85,0,,Monday,0
2159,2023/4/25,Prague_1,6465.759999999999,4.7,0.76,0,,Tuesday,0
2159,2023/4/26,Prague_1,5649.98,4.7,0.91,0,,Wednesday,0
2159,2023/4/27,Prague_1,6691.16,4.7,0.85,0,,Thursday,0
2159,2023/4/28,Prague_1,7278.74,4.7,0.79,0,,Friday,0
2159,2023/4/29,Prague_1,5608.05,4.7,0.6,0,,Saturday,0
2159,2023/4/30,Prague_1,5573.259999999999,4.7,0.85,0,,Sunday,0
2159,2023/5/1,Prague_1,5549.67,4.7,0.84,1,Labour Day,Monday,0
2159,2023/5/2,Prague_1,5295.57,4.7,0.84,0,,Tuesday,0
2159,2023/5/3,Prague_1,5949.02,4.7,0.85,0,,Wednesday,0
2159,2023/5/4,Prague_1,5531.33,4.7,0.9799999999999999,0,,Thursday,0
2159,2023/5/5,Prague_1,7752.639999999999,4.7,0.83,0,,Friday,0
2159,2023/5/6,Prague_1,5845.21,4.7,0.65,0,,Saturday,0
2159,2023/5/7,Prague_1,5212.2,4.7,0.84,0,,Sunday,0
2159,2023/5/8,Prague_1,6493.83,4.7,0.8099999999999999,1,Den osvobozeni,Monday,0
2159,2023/5/9,Prague_1,6327.02,4.7,0.92,0,,Tuesday,0
2159,2023/5/10,Prague_1,6574.33,4.7,0.88,0,,Wednesday,0
2159,2023/5/11,Prague_1,5380.900000000001,4.7,0.9400000000000001,0,,Thursday,0
2159,2023/5/12,Prague_1,7904.75,4.7,0.7,0,,Friday,0
2159,2023/5/13,Prague_1,4577.37,4.7,0.96,0,,Saturday,0
2159,2023/5/14,Prague_1,4902.45,4.7,0.9400000000000001,0,,Sunday,0
2159,2023/5/15,Prague_1,6004.04,4.7,0.9,0,,Monday,0
2159,2023/5/16,Prague_1,4004.21,4.7,0.97,0,,Tuesday,0
2159,2023/5/17,Prague_1,5251.68,4.7,0.91,0,,Wednesday,0
2159,2023/5/18,Prague_1,7275.7300000000005,4.7,0.82,1,Ascension day,Thursday,0
2159,2023/5/19,Prague_1,6383.23,4.7,0.93,0,,Friday,0
2159,2023/5/20,Prague_1,5023.69,4.7,0.97,0,,Saturday,0
2159,2023/5/21,Prague_1,4408.46,4.7,0.91,0,National Defense Day,Sunday,0
2159,2023/5/22,Prague_1,4771.41,4.7,0.85,0,,Monday,0
2159,2023/5/23,Prague_1,5662.72,4.7,0.85,0,,Tuesday,0
2159,2023/5/24,Prague_1,3819.34,4.7,0.89,0,,Wednesday,0
2159,2023/5/25,Prague_1,4404.68,4.7,0.7700000000000001,0,,Thursday,0
2159,2023/5/26,Prague_1,6331.92,4.7,0.93,0,,Friday,0
2159,2023/5/27,Prague_1,3438.54,4.7,0.9400000000000001,0,,Saturday,0
2159,2023/5/28,Prague_1,4501.63,4.7,0.83,1,Whit sunday,Sunday,0
2159,2023/5/29,Prague_1,5185.81,4.7,0.79,1,Whit monday,Monday,0
2159,2023/5/30,Prague_1,4709.25,4.7,0.96,0,,Tuesday,0
2159,2023/5/31,Prague_1,5548.759999999999,4.7,0.8,0,,Wednesday,0
2159,2023/6/1,Prague_1,2178.19,4.7,0.92,0,,Thursday,0
2159,2023/6/2,Prague_1,3546.5499999999997,4.7,0.93,0,,Friday,0
2159,2023/6/3,Prague_1,2550.4500000000003,4.7,0.66,0,,Saturday,0
2159,2023/6/4,Prague_1,4039.63,4.7,0.82,0,Day of National Unity,Sunday,0
2159,2023/6/5,Prague_1,3709.02,4.7,0.63,0,,Monday,0
2159,2023/6/6,Prague_1,4046.3499999999995,4.7,0.74,0,,Tuesday,0
2159,2023/6/7,Prague_1,2888.6200000000003,4.7,0.86,0,,Wednesday,0
2159,2023/6/8,Prague_1,3349.71,4.7,0.78,1,Corpus Christi,Thursday,0
2159,2023/6/9,Prague_1,4346.02,4.7,0.9,0,,Friday,0
2159,2023/6/10,Prague_1,3740.7999999999997,4.7,0.7,0,,Saturday,0
2159,2023/6/11,Prague_1,4807.110000000001,4.7,0.59,0,,Sunday,0
2159,2023/6/12,Prague_1,3822.7000000000003,4.7,0.86,0,,Monday,0
2159,2023/6/13,Prague_1,3599.12,4.7,0.7700000000000001,0,,Tuesday,0
2159,2023/6/14,Prague_1,3758.6500000000005,4.7,0.7299999999999999,0,,Wednesday,0
2159,2023/6/15,Prague_1,4132.73,4.7,0.78,0,,Thursday,0
2159,2023/6/16,Prague_1,5055.05,4.7,0.78,0,,Friday,0
2159,2023/6/17,Prague_1,2497.67,4.7,0.71,0,,Saturday,0
2159,2023/6/18,Prague_1,2509.08,4.7,0.82,0,,Sunday,0
2159,2023/6/19,Prague_1,4639.18,4.7,0.6,0,Independent Hungary Day,Monday,0
2159,2023/6/20,Prague_1,4105.990000000001,4.7,0.7299999999999999,0,,Tuesday,0
2159,2023/6/21,Prague_1,3245.2000000000003,4.7,0.7700000000000001,0,,Wednesday,0
2159,2023/6/22,Prague_1,4328.66,4.7,0.87,0,,Thursday,0
2159,2023/6/23,Prague_1,6476.33,4.7,0.75,0,,Friday,0
2159,2023/6/24,Prague_1,3697.1899999999996,4.7,0.93,0,,Saturday,0
2159,2023/6/25,Prague_1,4153.45,4.7,0.84,0,,Sunday,0
2159,2023/6/26,Prague_1,4734.38,4.7,0.76,0,,Monday,0
2159,2023/6/27,Prague_1,4113.62,4.7,0.85,0,,Tuesday,0
2159,2023/6/28,Prague_1,3466.6800000000003,4.7,0.91,0,,Wednesday,0
2159,2023/6/29,Prague_1,3453.66,4.7,0.86,0,,Thursday,0
2159,2023/6/30,Prague_1,4872.42,4.7,0.9400000000000001,0,,Friday,0
2159,2023/7/1,Prague_1,4474.05,4.7,0.67,0,,Saturday,0
2159,2023/7/2,Prague_1,2719.99,4.7,1,0,,Sunday,0
2159,2023/7/3,Prague_1,5134.849999999999,4.7,0.82,0,,Monday,0
2159,2023/7/4,Prague_1,3600.7999999999997,4.7,0.9,0,,Tuesday,0
2159,2023/7/5,Prague_1,3832.9199999999996,4.7,0.8,1,Cyrila a Metodej,Wednesday,0
2159,2023/7/6,Prague_1,3648.96,4.7,0.88,1,Jan Hus,Thursday,0
2159,2023/7/7,Prague_1,2966.3199999999997,4.7,1,0,,Friday,0
2159,2023/7/8,Prague_1,5167.12,4.7,0.6900000000000001,0,,Saturday,0
2159,2023/7/9,Prague_1,3723.6500000000005,4.7,0.83,0,,Sunday,0
2159,2023/7/10,Prague_1,4127.13,4.7,0.91,0,,Monday,0
2159,2023/7/11,Prague_1,4306.889999999999,4.7,0.83,0,,Tuesday,0
2159,2023/7/12,Prague_1,3257.17,4.7,0.8,0,,Wednesday,0
2159,2023/7/13,Prague_1,4261.110000000001,4.7,0.68,0,,Thursday,0
2159,2023/7/14,Prague_1,4581.43,4.7,0.85,0,,Friday,0
2159,2023/7/15,Prague_1,3886.61,4.7,0.71,0,,Saturday,0
2159,2023/7/16,Prague_1,3786.37,4.7,0.7299999999999999,0,,Sunday,0
2159,2023/7/17,Prague_1,4112.150000000001,4.7,0.79,0,,Monday,0
2159,2023/7/18,Prague_1,3715.6699999999996,4.7,0.87,0,,Tuesday,0
2159,2023/7/19,Prague_1,2988.65,4.7,1,0,,Wednesday,0
2159,2023/7/20,Prague_1,2690.1,4.7,0.9799999999999999,0,,Thursday,0
2159,2023/7/21,Prague_1,3767.2599999999998,4.7,1,0,,Friday,0
2159,2023/7/22,Prague_1,5582.5,4.7,0.53,0,,Saturday,0
2159,2023/7/23,Prague_1,3721.7599999999998,4.7,0.7299999999999999,0,,Sunday,0
2159,2023/7/24,Prague_1,3132.22,4.7,0.97,0,,Monday,0
2159,2023/7/25,Prague_1,2279.76,4.7,1,0,,Tuesday,0
2159,2023/7/26,Prague_1,2796.01,4.7,1,0,,Wednesday,0
2159,2023/7/27,Prague_1,3534.3700000000003,4.7,1,0,,Thursday,0
2159,2023/7/28,Prague_1,3965.2200000000003,4.7,0.93,0,,Friday,0
2159,2023/7/29,Prague_1,4239.41,4.7,0.55,0,,Saturday,0
2159,2023/7/30,Prague_1,3850.7000000000003,4.7,0.83,0,,Sunday,0
2159,2023/7/31,Prague_1,4386.97,4.7,1,0,,Monday,0
2159,2023/8/1,Prague_1,3225.25,4.7,1,0,,Tuesday,0
2159,2023/8/2,Prague_1,3210.41,4.7,0.91,0,,Wednesday,0
2159,2023/8/3,Prague_1,2568.79,4.7,0.95,0,,Thursday,0
2159,2023/8/4,Prague_1,4251.8,4.7,0.86,0,,Friday,0
2159,2023/8/5,Prague_1,4475.099999999999,4.7,0.63,0,,Saturday,0
2159,2023/8/6,Prague_1,3658.6899999999996,4.7,0.92,0,,Sunday,0
2159,2023/8/7,Prague_1,3931.8300000000004,4.7,0.93,0,,Monday,0
2159,2023/8/8,Prague_1,4725.77,4.7,0.74,1,Peace Festival in Augsburg,Tuesday,0
2159,2023/8/9,Prague_1,3518.69,4.7,0.79,0,,Wednesday,0
2159,2023/8/10,Prague_1,3536.61,4.7,0.83,0,,Thursday,0
2159,2023/8/11,Prague_1,4955.37,4.7,0.83,0,,Friday,0
2159,2023/8/12,Prague_1,4269.09,4.7,0.7299999999999999,0,,Saturday,0
2159,2023/8/13,Prague_1,4719.610000000001,4.7,0.83,0,,Sunday,0
2159,2023/8/14,Prague_1,3783.71,4.7,1,0,,Monday,0
2159,2023/8/15,Prague_1,3146.15,4.7,1,1,Assumption of the Virgin Mary,Tuesday,0
2159,2023/8/16,Prague_1,3832.1500000000005,4.7,0.95,0,,Wednesday,0
2159,2023/8/17,Prague_1,3537.03,4.7,1,0,,Thursday,0
2159,2023/8/18,Prague_1,4573.45,4.7,1,0,,Friday,0
2159,2023/8/19,Prague_1,4071.8300000000004,4.7,1,0,,Saturday,0
2159,2023/8/20,Prague_1,3020.71,4.7,1,1,State Foundation Day,Sunday,0
2159,2023/8/21,Prague_1,4750.27,4.7,1,0,,Monday,0
2159,2023/8/22,Prague_1,4063.0099999999998,4.7,1,0,,Tuesday,0
2159,2023/8/23,Prague_1,3241.77,4.7,1,0,,Wednesday,0
2159,2023/8/24,Prague_1,4131.54,4.7,1,0,,Thursday,0
2159,2023/8/25,Prague_1,4947.53,4.7,1,0,,Friday,0
2159,2023/8/26,Prague_1,4703.09,4.7,1,0,,Saturday,0
2159,2023/8/27,Prague_1,3332.28,4.7,1,0,,Sunday,0
2159,2023/8/28,Prague_1,4680.62,4.7,1,0,,Monday,0
2159,2023/8/29,Prague_1,4316.2,4.7,1,0,,Tuesday,0
2159,2023/8/30,Prague_1,5125.47,4.7,0.76,0,,Wednesday,0
2159,2023/8/31,Prague_1,4989.599999999999,4.7,0.76,0,,Thursday,0
2159,2023/9/1,Prague_1,5575.92,4.7,1,0,,Friday,0
2159,2023/9/2,Prague_1,4468.73,4.7,1,0,,Saturday,0
2159,2023/9/3,Prague_1,5069.96,4.7,1,0,,Sunday,0
2159,2023/9/4,Prague_1,3876.5299999999997,4.7,1,0,,Monday,0
2159,2023/9/5,Prague_1,3901.73,4.7,0.95,0,,Tuesday,0
2159,2023/9/6,Prague_1,4131.96,4.7,0.95,0,,Wednesday,0
2159,2023/9/7,Prague_1,3836.77,4.7,1,0,,Thursday,0
2159,2023/9/8,Prague_1,4832.94,4.7,1,0,,Friday,0
2159,2023/9/9,Prague_1,4866.400000000001,4.7,0.71,0,,Saturday,0
2159,2023/9/10,Prague_1,4411.12,4.7,1,0,,Sunday,0
2159,2023/9/11,Prague_1,4631.97,4.7,1,0,,Monday,0
2159,2023/9/12,Prague_1,5801.32,4.7,0.8,0,,Tuesday,0
2159,2023/9/13,Prague_1,4484.69,4.7,1,0,,Wednesday,0
2159,2023/9/14,Prague_1,4701.06,4.7,0.88,0,,Thursday,0
2159,2023/9/15,Prague_1,4989.18,4.7,1,0,,Friday,0
2159,2023/9/16,Prague_1,3913.0699999999997,4.7,1,0,,Saturday,0
2159,2023/9/17,Prague_1,6318.2,4.7,0.78,0,,Sunday,0
2159,2023/9/18,Prague_1,4085.7599999999998,4.7,1,0,,Monday,0
2159,2023/9/19,Prague_1,4231.57,4.7,1,0,,Tuesday,0
2159,2023/9/20,Prague_1,3881.5,4.7,1,0,,Wednesday,0
2159,2023/9/21,Prague_1,5052.740000000001,4.7,1,0,,Thursday,0
2159,2023/9/22,Prague_1,5257.63,4.7,0.9400000000000001,0,,Friday,0
2159,2023/9/23,Prague_1,4656.889999999999,4.7,1,0,,Saturday,0
2159,2023/9/24,Prague_1,5971.349999999999,4.7,0.85,0,,Sunday,0
2159,2023/9/25,Prague_1,4513.53,4.7,1,0,,Monday,0
2159,2023/9/26,Prague_1,4224.5,4.7,1,0,,Tuesday,0
2159,2023/9/27,Prague_1,4573.94,4.7,1,0,,Wednesday,0
2159,2023/9/28,Prague_1,6427.889999999999,4.7,0.9799999999999999,1,Den ceske statnosti,Thursday,0
2159,2023/9/29,Prague_1,5309.92,4.7,1,0,,Friday,0
2159,2023/9/30,Prague_1,3846.0800000000004,4.7,1,0,,Saturday,0
2159,2023/10/1,Prague_1,5301.240000000001,4.7,1,0,,Sunday,0
2159,2023/10/2,Prague_1,3514.56,4.7,1,0,,Monday,0
2159,2023/10/3,Prague_1,4596.34,4.7,0.88,1,German Unity Day,Tuesday,0
2159,2023/10/4,Prague_1,4079.9500000000003,4.7,1,0,,Wednesday,0
2159,2023/10/5,Prague_1,4196.71,4.7,1,0,,Thursday,0
2159,2023/10/6,Prague_1,5736.360000000001,4.7,1,0,Memorial Day for the Martyrs of Arad,Friday,0
2159,2023/10/7,Prague_1,4385.71,4.7,0.95,0,,Saturday,0
2159,2023/10/8,Prague_1,5556.599999999999,4.7,1,0,,Sunday,0
2159,2023/10/9,Prague_1,4307.099999999999,4.7,1,0,,Monday,0
2159,2023/10/10,Prague_1,3732.3300000000004,4.7,1,0,,Tuesday,0
2159,2023/10/11,Prague_1,4968.04,4.7,0.83,0,,Wednesday,0
2159,2023/10/12,Prague_1,4684.889999999999,4.7,1,0,,Thursday,0
2159,2023/10/13,Prague_1,4639.81,4.7,1,0,,Friday,0
2159,2023/10/14,Prague_1,5251.19,4.7,1,0,,Saturday,0
2159,2023/10/15,Prague_1,4650.240000000001,4.7,1,0,,Sunday,0
2159,2023/10/16,Prague_1,5503.19,4.7,1,0,,Monday,0
2159,2023/10/17,Prague_1,4374.02,4.7,1,0,,Tuesday,0
2159,2023/10/18,Prague_1,4659.34,4.7,1,0,,Wednesday,0
2159,2023/10/19,Prague_1,3986.5,4.7,1,0,,Thursday,0
2159,2023/10/20,Prague_1,6123.25,4.7,1,0,,Friday,0
2159,2023/10/21,Prague_1,4608.8,4.7,0.9799999999999999,0,,Saturday,0
2159,2023/10/22,Prague_1,5349.68,4.7,1,0,,Sunday,0
2159,2023/10/23,Prague_1,4130.7,4.7,1,1,Memorial day of the 1956 Revolution,Monday,0
2159,2023/10/24,Prague_1,3621.52,4.7,1,0,,Tuesday,0
2159,2023/10/25,Prague_1,4258.87,4.7,1,0,,Wednesday,0
2159,2023/10/26,Prague_1,4742.22,4.7,0.88,0,,Thursday,0
2159,2023/10/27,Prague_1,5149.06,4.7,1,0,,Friday,0
2159,2023/10/28,Prague_1,6247.78,4.7,1,1,Den vzniku samostatneho ceskoslovenskeho statu,Saturday,0
2159,2023/10/29,Prague_1,4326.98,4.7,1,0,,Sunday,0
2159,2023/10/30,Prague_1,4815.509999999999,4.7,1,0,,Monday,0
2159,2023/10/31,Prague_1,4536.28,4.7,1,1,Reformation Day,Tuesday,0
2159,2023/11/1,Prague_1,3890.8100000000004,4.7,1,1,All Saints Day,Wednesday,0
2159,2023/11/2,Prague_1,4631.48,4.7,1,0,,Thursday,0
2159,2023/11/3,Prague_1,5927.740000000001,4.7,1,0,,Friday,0
2159,2023/11/4,Prague_1,3872.4000000000005,4.7,1,0,,Saturday,0
2159,2023/11/5,Prague_1,6259.19,4.7,0.8,0,,Sunday,0
2159,2023/11/6,Prague_1,4333.139999999999,4.7,1,0,,Monday,0
2159,2023/11/7,Prague_1,3796.52,4.7,1,0,,Tuesday,0
2159,2023/11/8,Prague_1,4320.54,4.7,1,0,,Wednesday,0
2159,2023/11/9,Prague_1,4697.63,4.7,1,0,,Thursday,0
2159,2023/11/10,Prague_1,6765.009999999999,4.7,0.91,0,,Friday,0
2159,2023/11/11,Prague_1,4976.79,4.7,1,0,,Saturday,0
2159,2023/11/12,Prague_1,5141.92,4.7,1,0,,Sunday,0
2159,2023/11/13,Prague_1,3983.84,4.7,1,0,,Monday,0
2159,2023/11/14,Prague_1,3547.39,4.7,1,0,,Tuesday,0
2159,2023/11/15,Prague_1,4980.71,4.7,1,0,,Wednesday,0
2159,2023/11/16,Prague_1,6382.32,4.7,0.82,0,,Thursday,0
2159,2023/11/17,Prague_1,6045.06,4.7,0.88,1,Den boje za svobodu a demokracii,Friday,0
2159,2023/11/18,Prague_1,2867.5499999999997,4.7,1,0,,Saturday,0
2159,2023/11/19,Prague_1,4161.08,4.7,1,0,,Sunday,0
2159,2023/11/20,Prague_1,5332.110000000001,4.7,1,0,,Monday,0
2159,2023/11/21,Prague_1,3854.9000000000005,4.7,1,0,,Tuesday,0
2159,2023/11/22,Prague_1,4486.44,4.7,1,0,,Wednesday,0
2159,2023/11/23,Prague_1,5236.349999999999,4.7,1,0,,Thursday,0
2159,2023/11/24,Prague_1,5870.759999999999,4.7,0.9799999999999999,0,,Friday,0
2159,2023/11/25,Prague_1,6288.59,4.7,1,0,,Saturday,0
2159,2023/11/26,Prague_1,4564.28,4.7,1,0,,Sunday,0
2159,2023/11/27,Prague_1,3704.0499999999997,4.7,0.82,0,,Monday,0
2159,2023/11/28,Prague_1,4085.9000000000005,4.7,0.78,0,,Tuesday,0
2159,2023/11/29,Prague_1,3559.15,4.7,1,0,,Wednesday,0
2159,2023/11/30,Prague_1,5085.22,4.7,0.65,0,,Thursday,0
2159,2023/12/1,Prague_1,5843.18,4.7,1,0,,Friday,0
2159,2023/12/2,Prague_1,4694.55,4.7,1,0,,Saturday,0
2159,2023/12/3,Prague_1,5829.389999999999,4.7,0.91,0,,Sunday,0
2159,2023/12/4,Prague_1,3627.61,4.7,1,0,,Monday,0
2159,2023/12/5,Prague_1,3752.7000000000003,4.7,0.92,0,,Tuesday,0
2159,2023/12/6,Prague_1,4011.63,4.7,0.9,0,,Wednesday,0
2159,2023/12/7,Prague_1,3707.27,4.7,1,0,,Thursday,0
2159,2023/12/8,Prague_1,6538.91,4.7,1,0,,Friday,0
2159,2023/12/9,Prague_1,5342.610000000001,4.7,1,0,,Saturday,0
2159,2023/12/10,Prague_1,5245.240000000001,4.7,1,0,,Sunday,0
2159,2023/12/11,Prague_1,3988.39,4.7,1,0,,Monday,0
2159,2023/12/12,Prague_1,3577.14,4.7,1,0,,Tuesday,0
2159,2023/12/13,Prague_1,4879.91,4.7,0.83,0,,Wednesday,0
2159,2023/12/14,Prague_1,4667.95,4.7,0.8,0,,Thursday,0
2159,2023/12/15,Prague_1,4225.83,4.7,0.87,0,,Friday,0
2159,2023/12/16,Prague_1,3531.36,4.7,1,0,,Saturday,0
2159,2023/12/17,Prague_1,4081.7000000000003,4.7,1,0,,Sunday,0
2159,2023/12/18,Prague_1,2793.77,4.7,1,0,,Monday,0
2159,2023/12/19,Prague_1,4519.13,4.7,0.44,0,,Tuesday,0
2159,2023/12/20,Prague_1,4787.3,4.7,1,0,,Wednesday,0
2159,2023/12/21,Prague_1,4507.650000000001,4.7,0.96,0,,Thursday,0
2159,2023/12/22,Prague_1,5744.55,4.7,1,0,,Friday,0
2159,2023/12/23,Prague_1,8129.099999999999,4.7,0.71,0,,Saturday,0
2159,2023/12/24,Prague_1,2250.5,4.7,0.9799999999999999,1,Christmas Eve,Sunday,0
2159,2023/12/26,Prague_1,5152.63,4.7,1,1,2nd Christmas Day,Tuesday,0
2159,2023/12/27,Prague_1,6418.860000000001,4.7,0.63,0,,Wednesday,0
2159,2023/12/28,Prague_1,6794.2,4.7,0.93,0,,Thursday,0
2159,2023/12/29,Prague_1,4133.92,4.7,0.99,0,,Friday,0
2159,2023/12/30,Prague_1,5420.240000000001,4.7,1,0,,Saturday,0
2159,2023/12/31,Prague_1,3764.7400000000002,4.7,1,0,,Sunday,0
2159,2024/1/1,Prague_1,1863.6100000000001,4.54,0.33,1,New Years Day,Monday,0
2159,2024/1/2,Prague_1,7284.620000000001,4.54,1,0,,Tuesday,0
2159,2024/1/3,Prague_1,4807.599999999999,4.54,0.96,0,,Wednesday,0
2159,2024/1/4,Prague_1,4856.18,4.54,1,0,,Thursday,0
2159,2024/1/5,Prague_1,5696.18,4.54,0.55,0,,Friday,0
2159,2024/1/6,Prague_1,4521.23,4.54,1,1,Epiphany,Saturday,0
2159,2024/1/7,Prague_1,4974.27,4.54,0.48999999999999994,0,,Sunday,0
2159,2024/1/8,Prague_1,4531.17,4.54,1,0,,Monday,0
2159,2024/1/9,Prague_1,6938.259999999999,4.54,1,0,,Tuesday,0
2159,2024/1/10,Prague_1,4452.84,4.54,1,0,,Wednesday,0
2159,2024/1/11,Prague_1,5482.400000000001,4.54,0.84,0,,Thursday,0
2159,2024/1/12,Prague_1,6051.360000000001,4.54,0.97,0,,Friday,0
2159,2024/1/13,Prague_1,5526.360000000001,4.54,1,0,,Saturday,0
2159,2024/1/14,Prague_1,5134.990000000001,4.54,0.87,0,,Sunday,0
2159,2024/1/15,Prague_1,4790.45,4.54,0.91,0,,Monday,0
2159,2024/1/16,Prague_1,4388.37,4.54,1,0,,Tuesday,0
2159,2024/1/17,Prague_1,4954.32,4.54,0.99,0,,Wednesday,0
2159,2024/1/18,Prague_1,5996.759999999999,4.54,0.91,0,,Thursday,0
2159,2024/1/19,Prague_1,7162.96,4.54,0.9400000000000001,0,,Friday,0
2159,2024/1/20,Prague_1,5451.53,4.54,1,0,,Saturday,0
2159,2024/1/21,Prague_1,5225.639999999999,4.54,1,0,,Sunday,0
2159,2024/1/22,Prague_1,4215.19,4.54,0.96,0,,Monday,0
2159,2024/1/23,Prague_1,4707.990000000001,4.54,0.99,0,,Tuesday,0
2159,2024/1/24,Prague_1,5447.400000000001,4.54,0.93,0,,Wednesday,0
2159,2024/1/25,Prague_1,5314.05,4.54,0.96,0,,Thursday,0
2159,2024/1/26,Prague_1,6773.55,4.54,0.87,0,,Friday,0
2159,2024/1/27,Prague_1,5287.099999999999,4.54,1,0,,Saturday,0
2159,2024/1/28,Prague_1,4579.33,4.54,1,0,,Sunday,0
2159,2024/1/29,Prague_1,5089.56,4.54,1,0,,Monday,0
2159,2024/1/30,Prague_1,5571.79,4.54,0.39,0,,Tuesday,0
2159,2024/1/31,Prague_1,4813.83,4.54,0.82,0,,Wednesday,0
2159,2024/2/1,Prague_1,4970,4.54,0.9400000000000001,0,Memorial Day of the Republic,Thursday,0
2159,2024/2/2,Prague_1,6870.009999999999,4.54,0.88,0,,Friday,0
2159,2024/2/3,Prague_1,4579.259999999999,4.54,1,0,,Saturday,0
2159,2024/2/4,Prague_1,5085.78,4.54,1,0,,Sunday,0
2159,2024/2/5,Prague_1,5749.31,4.54,0.9400000000000001,0,,Monday,0
2159,2024/2/6,Prague_1,5520.62,4.54,0.66,0,,Tuesday,0
2159,2024/2/7,Prague_1,4630.08,4.54,1,0,,Wednesday,0
2159,2024/2/8,Prague_1,6062.91,4.54,0.87,0,,Thursday,0
2159,2024/2/9,Prague_1,6835.5,4.54,0.95,0,,Friday,0
2159,2024/2/10,Prague_1,5308.52,4.54,0.96,0,,Saturday,0
2159,2024/2/11,Prague_1,6179.46,4.54,0.76,0,,Sunday,0
2159,2024/2/12,Prague_1,4024.16,4.54,1,0,,Monday,0
2159,2024/2/13,Prague_1,4850.93,4.54,0.97,0,,Tuesday,0
2159,2024/2/14,Prague_1,4940.95,4.54,1,0,,Wednesday,0
2159,2024/2/15,Prague_1,4848.48,4.54,1,0,,Thursday,0
2159,2024/2/16,Prague_1,5174.47,4.54,1,0,,Friday,0
2159,2024/2/17,Prague_1,6261.009999999999,4.54,0.6900000000000001,0,,Saturday,0
2159,2024/2/18,Prague_1,5399.66,4.54,0.91,0,,Sunday,0
2159,2024/2/19,Prague_1,4531.17,4.54,1,0,,Monday,0
2159,2024/2/20,Prague_1,5033.42,4.54,0.88,0,,Tuesday,0
2159,2024/2/21,Prague_1,4537.96,4.54,1,0,,Wednesday,0
2159,2024/2/22,Prague_1,5093.06,4.54,0.9400000000000001,0,,Thursday,0
2159,2024/2/23,Prague_1,7389.199999999999,4.54,0.84,0,,Friday,0
2159,2024/2/24,Prague_1,3925.3199999999997,4.54,1,0,,Saturday,0
2159,2024/2/25,Prague_1,5544.28,4.54,0.9,0,Memorial Day for the Victims of the Communist Dictatorships,Sunday,0
2159,2024/2/26,Prague_1,4771.06,4.54,1,0,,Monday,0
2159,2024/2/27,Prague_1,4795.7,4.54,0.91,0,,Tuesday,0
2159,2024/2/28,Prague_1,4618.95,4.54,1,0,,Wednesday,0
2159,2024/2/29,Prague_1,4857.650000000001,4.54,0.97,0,,Thursday,0
2159,2024/3/1,Prague_1,7263.2699999999995,4.54,0.63,0,,Friday,0
2159,2024/3/2,Prague_1,4736.759999999999,4.54,1,0,,Saturday,0
2159,2024/3/3,Prague_1,5542.04,4.54,0.7700000000000001,0,,Sunday,0
2159,2024/3/4,Prague_1,4801.509999999999,4.54,1,0,,Monday,0
2159,2024/3/5,Prague_1,5230.75,4.54,0.99,0,,Tuesday,0
2159,2024/3/6,Prague_1,4387.04,4.54,1,0,,Wednesday,0
2159,2024/3/7,Prague_1,6040.650000000001,4.54,0.8099999999999999,0,,Thursday,0
2159,2024/3/8,Prague_1,5917.59,4.54,0.97,0,International womens day,Friday,0
2159,2024/3/9,Prague_1,5438.3,4.54,0.8099999999999999,0,,Saturday,0
2159,2024/3/10,Prague_1,4581.990000000001,4.54,1,0,,Sunday,0
2159,2024/3/11,Prague_1,5285.42,4.54,0.89,0,,Monday,0
2159,2024/3/12,Prague_1,5129.88,4.54,1,0,,Tuesday,0
2159,2024/3/13,Prague_1,4965.87,4.54,0.95,0,,Wednesday,0
2159,2024/3/14,Prague_1,4436.67,4.54,1,0,,Thursday,0
2159,2024/3/15,Prague_1,7477.47,4.54,0.82,1,Memorial Day for the Victims of the Holocaust,Friday,0
2159,2024/3/16,Prague_1,5602.31,4.54,0.52,0,,Saturday,0
2159,2024/3/17,Prague_1,5428.08,4.54,0.89,0,,Sunday,0
2159,2024/3/18,Prague_1,5283.04,4.54,0.99,0,,Monday,0
2159,2024/3/19,Prague_1,4966.78,4.54,1,0,,Tuesday,0
2159,2024/3/20,Prague_1,4238.29,4.54,1,0,,Wednesday,0
2159,2024/3/21,Prague_1,4987.639999999999,4.54,1,0,,Thursday,0
2159,2024/3/22,Prague_1,7099.54,4.54,0.92,0,,Friday,0
2159,2024/3/23,Prague_1,4923.099999999999,4.54,0.82,0,,Saturday,0
2159,2024/3/24,Prague_1,6524.91,4.54,0.7700000000000001,0,,Sunday,0
2159,2024/3/25,Prague_1,6566.349999999999,4.54,0.9,0,,Monday,0
2159,2024/3/26,Prague_1,4690.349999999999,4.54,1,0,,Tuesday,0
2159,2024/3/27,Prague_1,6122.06,4.54,0.78,0,,Wednesday,0
2159,2024/3/28,Prague_1,8661.94,4.54,0.92,0,,Thursday,0
2159,2024/3/29,Prague_1,7168.349999999999,4.54,0.84,1,Good Friday,Friday,0
2159,2024/3/30,Prague_1,6378.82,4.54,0.79,1,,Saturday,0
2159,2024/3/31,Prague_1,5689.67,4.54,0.85,1,,Sunday,0
2159,2024/4/1,Prague_1,6162.38,4.54,1,1,Easter Monday,Monday,0
2159,2024/4/2,Prague_1,7184.3099999999995,4.54,0.74,0,,Tuesday,0
2159,2024/4/3,Prague_1,4995.83,4.54,0.99,0,,Wednesday,0
2159,2024/4/4,Prague_1,4061.75,4.54,0.89,0,,Thursday,0
2159,2024/4/5,Prague_1,7413.49,4.54,0.8099999999999999,0,,Friday,0
2159,2024/4/6,Prague_1,4837.139999999999,4.54,1,0,,Saturday,0
2159,2024/4/7,Prague_1,4564.91,4.54,1,0,,Sunday,0
2159,2024/4/8,Prague_1,5033.28,4.54,0.99,0,,Monday,0
2159,2024/4/9,Prague_1,5019.28,4.54,0.9400000000000001,0,,Tuesday,0
2159,2024/4/10,Prague_1,5280.73,4.54,0.96,0,,Wednesday,0
2159,2024/4/11,Prague_1,5077.87,4.54,1,0,,Thursday,0
2159,2024/4/12,Prague_1,7297.150000000001,4.54,0.83,0,,Friday,0
2159,2024/4/13,Prague_1,5721.099999999999,4.54,0.9,0,,Saturday,0
2159,2024/4/14,Prague_1,6241.69,4.54,0.86,0,,Sunday,0
2159,2024/4/15,Prague_1,5545.47,4.54,0.97,0,,Monday,0
2159,2024/4/16,Prague_1,6201.16,4.54,0.86,0,Memorial Day for the Victims of the Holocaust,Tuesday,0
2159,2024/4/17,Prague_1,4520.32,4.7,1,0,,Wednesday,0
2159,2024/4/18,Prague_1,4546.5,4.54,1,0,,Thursday,0
2159,2024/4/19,Prague_1,9006.06,4.7,0.75,0,,Friday,0
2159,2024/4/20,Prague_1,5363.889999999999,4.7,1,0,,Saturday,0
2159,2024/4/21,Prague_1,6276.900000000001,4.7,0.9,0,,Sunday,0
2159,2024/4/22,Prague_1,4927.860000000001,4.7,1,0,,Monday,0
2159,2024/4/23,Prague_1,4042.0099999999998,4.7,1,0,,Tuesday,0
2159,2024/4/24,Prague_1,5848.849999999999,4.7,0.72,0,,Wednesday,0
2159,2024/4/25,Prague_1,5418.56,4.7,0.96,0,,Thursday,0
2159,2024/4/26,Prague_1,7304.5,4.7,1,0,,Friday,0
2159,2024/4/27,Prague_1,5636.19,4.7,0.95,0,,Saturday,0
2159,2024/4/28,Prague_1,5586.84,4.7,0.99,0,,Sunday,0
2159,2024/4/29,Prague_1,4536.349999999999,4.7,0.83,0,,Monday,0
2159,2024/4/30,Prague_1,5705.139999999999,4.7,1,0,,Tuesday,0
2159,2024/5/1,Prague_1,6865.110000000001,4.7,0.75,1,Labour Day,Wednesday,0
2159,2024/5/2,Prague_1,4419.45,4.7,1,0,,Thursday,0
2159,2024/5/3,Prague_1,7006.93,4.7,0.99,0,,Friday,0
2159,2024/5/4,Prague_1,5075.42,4.7,1,0,,Saturday,0
2159,2024/5/5,Prague_1,6160.490000000001,4.7,0.75,0,,Sunday,0
2159,2024/5/6,Prague_1,5063.66,4.7,1,0,,Monday,0
2159,2024/5/7,Prague_1,6202.56,4.7,0.97,0,,Tuesday,0
2159,2024/5/8,Prague_1,8710.24,4.7,1,1,Den osvobozeni,Wednesday,0
2159,2024/5/9,Prague_1,5806.639999999999,4.7,0.89,1,Ascension day,Thursday,0
2159,2024/5/10,Prague_1,6910.400000000001,4.7,1,0,,Friday,0
2159,2024/5/11,Prague_1,4962.23,4.7,1,0,,Saturday,0
2159,2024/5/12,Prague_1,6491.31,4.7,0.9,0,,Sunday,0
2159,2024/5/13,Prague_1,5644.66,4.7,0.97,0,,Monday,0
2159,2024/5/14,Prague_1,5155.43,4.7,0.92,0,,Tuesday,0
2159,2024/5/15,Prague_1,5676.79,4.7,0.93,0,,Wednesday,0
2159,2024/5/16,Prague_1,5860.33,4.7,0.9,0,,Thursday,0
2159,2024/5/17,Prague_1,7379.610000000001,4.7,0.93,0,,Friday,0
2159,2024/5/18,Prague_1,4969.09,4.7,1,0,,Saturday,0
2159,2024/5/19,Prague_1,5040.42,4.7,1,1,Whit sunday,Sunday,0
2159,2024/5/20,Prague_1,4486.3,4.7,1,1,Whit monday,Monday,0
2159,2024/5/21,Prague_1,4850.02,4.7,0.9799999999999999,0,National Defense Day,Tuesday,0
2159,2024/5/22,Prague_1,4457.53,4.7,1,0,,Wednesday,0
2159,2024/5/23,Prague_1,4581.849999999999,4.7,1,0,,Thursday,0
2159,2024/5/24,Prague_1,7383.8099999999995,4.7,1,0,,Friday,0
2159,2024/5/25,Prague_1,4770.43,4.7,1,0,,Saturday,0
2159,2024/5/26,Prague_1,6680.45,4.7,1,0,,Sunday,0
2159,2024/5/27,Prague_1,4600.33,4.7,1,0,,Monday,0
2159,2024/5/28,Prague_1,5954.06,4.7,0.85,0,,Tuesday,0
2159,2024/5/29,Prague_1,5875.8,4.7,1,0,,Wednesday,0
2159,2024/5/30,Prague_1,4950.68,4.7,0.96,1,Corpus Christi,Thursday,0
2159,2024/5/31,Prague_1,6490.610000000001,4.7,1,0,,Friday,0
2159,2024/6/1,Prague_1,6809.46,4.7,1,0,,Saturday,0
2159,2024/6/2,Prague_1,5875.94,4.7,1,0,,Sunday,0
2562,2020/8/1,Prague_1,4126.360000000001,32.18,1,0,,Saturday,0
2562,2020/8/2,Prague_1,5298.44,32.2,1,0,,Sunday,0
2562,2020/8/3,Prague_1,6693.889999999999,32.19,1,0,,Monday,0
2562,2020/8/4,Prague_1,4630.360000000001,32.19,0.95,0,,Tuesday,0
2562,2020/8/5,Prague_1,3563.91,32.2,0.76,0,,Wednesday,0
2562,2020/8/6,Prague_1,4587.66,32.2,1,0,,Thursday,0
2562,2020/8/7,Prague_1,5928.37,32.2,1,0,,Friday,0
2562,2020/8/8,Prague_1,3130.61,32.2,0.72,1,Peace Festival in Augsburg,Saturday,0
2562,2020/8/9,Prague_1,4723.67,32.2,0.92,0,,Sunday,0
2562,2020/8/10,Prague_1,6238.400000000001,32.2,0.9,0,,Monday,0
2562,2020/8/11,Prague_1,4618.04,32.2,0.93,0,,Tuesday,0
2562,2020/8/12,Prague_1,4633.860000000001,32.19,1,0,,Wednesday,0
2562,2020/8/13,Prague_1,4921,32.19,1,0,,Thursday,0
2562,2020/8/14,Prague_1,6020,32.19,1,0,,Friday,0
2562,2020/8/15,Prague_1,4336.43,32.19,1,1,Assumption of the Virgin Mary,Saturday,0
2562,2020/8/16,Prague_1,5423.110000000001,32.19,1,0,,Sunday,0
2562,2020/8/17,Prague_1,6679.19,32.19,1,0,,Monday,0
2562,2020/8/18,Prague_1,4573.45,32.19,1,0,,Tuesday,0
2562,2020/8/19,Prague_1,4609.009999999999,32.2,1,0,,Wednesday,0
2562,2020/8/20,Prague_1,4198.04,32.18,1,1,State Foundation Day,Thursday,0
2562,2020/8/21,Prague_1,5720.75,32.17,1,1,Hungary National Day Holiday,Friday,0
2562,2020/8/22,Prague_1,4896.71,26.109999999999996,1,0,,Saturday,0
2562,2020/8/23,Prague_1,5587.889999999999,26.109999999999996,1,0,,Sunday,0
2562,2020/8/24,Prague_1,6748.490000000001,32.17,1,0,,Monday,0
2562,2020/8/25,Prague_1,5122.04,26.09,1,0,,Tuesday,0
2562,2020/8/26,Prague_1,5521.04,26.109999999999996,1,0,,Wednesday,0
2562,2020/8/27,Prague_1,5276.67,32.18,1,0,,Thursday,0
2562,2020/8/28,Prague_1,7052.57,26.109999999999996,0.93,0,,Friday,0
2562,2020/8/29,Prague_1,4875.990000000001,26.109999999999996,1,0,,Saturday,0
2562,2020/8/30,Prague_1,7399.629999999999,26.109999999999996,1,0,,Sunday,0
2562,2020/8/31,Prague_1,7638.050000000001,32.18,1,0,,Monday,0
2562,2020/9/1,Prague_1,6321.28,26.109999999999996,1,0,,Tuesday,0
2562,2020/9/2,Prague_1,5386.849999999999,32.17,1,0,,Wednesday,0
2562,2020/9/3,Prague_1,6216.77,26.109999999999996,1,0,,Thursday,0
2562,2020/9/4,Prague_1,7109.97,26.1,1,0,,Friday,0
2562,2020/9/5,Prague_1,5651.38,26.09,1,0,,Saturday,0
2562,2020/9/6,Prague_1,6738.41,26.109999999999996,1,0,,Sunday,0
2562,2020/9/7,Prague_1,6761.79,26.109999999999996,0.85,0,,Monday,0
2562,2020/9/8,Prague_1,5243.56,26.109999999999996,1,0,,Tuesday,0
2562,2020/9/9,Prague_1,6057.099999999999,26.109999999999996,1,0,,Wednesday,0
2562,2020/9/10,Prague_1,6642.509999999999,26.1,1,0,,Thursday,0
2562,2020/9/11,Prague_1,7442.050000000001,26.09,1,0,,Friday,0
2562,2020/9/12,Prague_1,5160.47,26.1,1,0,,Saturday,0
2562,2020/9/13,Prague_1,5754.91,26.109999999999996,1,0,,Sunday,0
2562,2020/9/14,Prague_1,7228.410000000001,32.17,1,0,,Monday,0
2562,2020/9/15,Prague_1,6220.06,26.109999999999996,1,0,,Tuesday,0
2562,2020/9/16,Prague_1,7411.04,26.1,1,0,,Wednesday,0
2562,2020/9/17,Prague_1,5687.990000000001,26.109999999999996,1,0,,Thursday,0
2562,2020/9/18,Prague_1,8027.110000000001,26.09,1,0,,Friday,0
2562,2020/9/19,Prague_1,5829.389999999999,26.1,1,0,,Saturday,0
2562,2020/9/20,Prague_1,5997.18,26.109999999999996,1,0,,Sunday,0
2562,2020/9/21,Prague_1,7041.37,26.109999999999996,1,0,,Monday,0
2562,2020/9/22,Prague_1,6459.53,26.09,1,0,,Tuesday,0
2562,2020/9/23,Prague_1,5972.05,26.109999999999996,1,0,,Wednesday,0
2562,2020/9/24,Prague_1,6702.78,26.109999999999996,1,0,,Thursday,0
2562,2020/9/25,Prague_1,7462.699999999999,26.109999999999996,1,0,,Friday,0
2562,2020/9/26,Prague_1,6935.53,26.109999999999996,1,0,,Saturday,0
2562,2020/9/27,Prague_1,6477.73,26.109999999999996,1,0,,Sunday,0
2562,2020/9/28,Prague_1,8226.82,26.109999999999996,1,1,Den ceske statnosti,Monday,0
2562,2020/9/29,Prague_1,8966.44,26.1,1,0,,Tuesday,0
2562,2020/9/30,Prague_1,5992.98,28.71,1,0,,Wednesday,0
2562,2020/10/1,Prague_1,6617.45,28.72,1,0,,Thursday,0
2562,2020/10/2,Prague_1,7129.92,28.71,1,0,,Friday,0
2562,2020/10/3,Prague_1,6070.400000000001,28.72,1,1,German Unity Day,Saturday,0
2562,2020/10/4,Prague_1,6886.81,28.71,1,0,,Sunday,0
2562,2020/10/5,Prague_1,7565.389999999999,28.72,1,0,,Monday,0
2562,2020/10/6,Prague_1,7123.06,28.72,0.9400000000000001,0,Memorial Day for the Martyrs of Arad,Tuesday,0
2562,2020/10/7,Prague_1,6499.849999999999,28.72,1,0,,Wednesday,0
2562,2020/10/8,Prague_1,7867.300000000001,28.72,1,0,,Thursday,0
2562,2020/10/9,Prague_1,8867.88,28.72,1,0,,Friday,0
2562,2020/10/10,Prague_1,7348.32,28.72,0.92,0,,Saturday,0
2562,2020/10/11,Prague_1,7277.6900000000005,32.16,1,0,,Sunday,0
2562,2020/10/12,Prague_1,14966.279999999999,28.69,1,0,,Monday,2.76598
2562,2020/10/13,Prague_1,13248.62,28.69,1,0,,Tuesday,2.76598
2562,2020/10/14,Prague_1,13969.199999999999,28.69,1,0,,Wednesday,2.76598
2562,2020/10/15,Prague_1,14759.220000000001,28.69,1,0,,Thursday,2.76598
2562,2020/10/16,Prague_1,10549.63,28.69,1,0,,Friday,2.76598
2562,2020/10/17,Prague_1,11099.41,28.69,1,0,,Saturday,2.76598
2562,2020/10/18,Prague_1,10661,28.69,1,0,,Sunday,2.76598
2562,2020/10/19,Prague_1,11827.69,28.69,1,0,,Monday,2.76598
2562,2020/10/20,Prague_1,12772.41,28.69,1,0,,Tuesday,2.76598
2562,2020/10/21,Prague_1,15906.66,28.69,1,0,,Wednesday,2.76598
2562,2020/10/22,Prague_1,10776.71,28.69,1,0,,Thursday,2.76598
2562,2020/10/23,Prague_1,12622.4,28.69,1,1,Memorial day of the 1956 Revolution,Friday,2.76598
2562,2020/10/24,Prague_1,10422.09,28.69,1,0,,Saturday,2.76598
2562,2020/10/25,Prague_1,12380.41,28.7,1,0,,Sunday,2.76598
2562,2020/10/26,Prague_1,7818.860000000001,28.71,1,0,,Monday,0
2562,2020/10/27,Prague_1,8398.46,28.71,1,0,,Tuesday,0
2562,2020/10/28,Prague_1,7395.849999999999,28.72,1,1,Den vzniku samostatneho ceskoslovenskeho statu,Wednesday,0
2562,2020/10/29,Prague_1,9243.43,28.72,1,0,,Thursday,0
2562,2020/10/30,Prague_1,9432.57,28.72,1,0,,Friday,0
2562,2020/10/31,Prague_1,6133.12,28.72,1,1,Reformation Day,Saturday,0
2562,2020/11/1,Prague_1,8407.56,28.71,1,1,All Saints Day,Sunday,0
2562,2020/11/2,Prague_1,9014.46,32.17,1,0,,Monday,0
2562,2020/11/3,Prague_1,8685.18,32.16,0.27,0,,Tuesday,0
2562,2020/11/4,Prague_1,9710.54,28.72,1,0,,Wednesday,0
2562,2020/11/5,Prague_1,10337.25,32.18,1,0,,Thursday,0
2562,2020/11/6,Prague_1,8863.26,28.72,0.61,0,,Friday,0
2562,2020/11/7,Prague_1,7851.2699999999995,28.72,0.97,0,,Saturday,0
2562,2020/11/8,Prague_1,9208.64,28.72,1,0,,Sunday,0
2562,2020/11/9,Prague_1,10648.26,28.72,1,0,,Monday,0
2562,2020/11/10,Prague_1,9446.43,28.72,1,0,,Tuesday,0
2562,2020/11/11,Prague_1,8273.16,28.72,1,0,,Wednesday,0
2562,2020/11/12,Prague_1,8665.230000000001,28.71,1,0,,Thursday,0
2562,2020/11/13,Prague_1,9003.19,28.72,1,0,,Friday,0
2562,2020/11/14,Prague_1,7583.870000000001,28.72,1,0,,Saturday,0
2562,2020/11/15,Prague_1,8962.1,28.72,1,0,,Sunday,0
2562,2020/11/16,Prague_1,8729.91,28.72,0.92,0,,Monday,0
2562,2020/11/17,Prague_1,8345.61,28.72,0.96,1,Den boje za svobodu a demokracii,Tuesday,0
2562,2020/11/18,Prague_1,11230.66,28.72,0.8,0,,Wednesday,0
2562,2020/11/19,Prague_1,9829.68,28.71,0.87,0,,Thursday,0
2562,2020/11/20,Prague_1,10214.54,28.72,0.93,0,,Friday,0
2562,2020/11/21,Prague_1,6590.57,28.72,0.91,0,,Saturday,0
2562,2020/11/22,Prague_1,10421.6,28.72,1,0,,Sunday,0
2562,2020/11/23,Prague_1,11329.01,28.72,1,0,,Monday,0
2562,2020/11/24,Prague_1,8630.230000000001,28.72,0.8099999999999999,0,,Tuesday,0
2562,2020/11/25,Prague_1,8328.18,28.72,1,0,,Wednesday,0
2562,2020/11/26,Prague_1,9373.07,28.72,1,0,,Thursday,0
2562,2020/11/27,Prague_1,9491.720000000001,28.72,1,0,,Friday,0
2562,2020/11/28,Prague_1,7805.5599999999995,28.72,1,0,,Saturday,0
2562,2020/11/29,Prague_1,8958.949999999999,28.72,1,0,,Sunday,0
2562,2020/11/30,Prague_1,8554.49,28.72,1,0,,Monday,0
2562,2020/12/1,Prague_1,8056.58,28.72,1,0,,Tuesday,0
2562,2020/12/2,Prague_1,8306.83,28.72,1,0,,Wednesday,0
2562,2020/12/3,Prague_1,9220.75,28.72,1,0,,Thursday,0
2562,2020/12/4,Prague_1,8803.9,28.72,1,0,,Friday,0
2562,2020/12/5,Prague_1,6489.63,28.72,1,0,,Saturday,0
2562,2020/12/6,Prague_1,6415.71,28.72,1,0,,Sunday,0
2562,2020/12/7,Prague_1,7355.46,28.72,1,0,,Monday,0
2562,2020/12/8,Prague_1,6779.009999999999,28.71,1,0,,Tuesday,0
2562,2020/12/9,Prague_1,7675.01,28.72,1,0,,Wednesday,0
2562,2020/12/10,Prague_1,7727.72,28.72,1,0,,Thursday,0
2562,2020/12/11,Prague_1,9141.720000000001,28.71,1,0,,Friday,0
2562,2020/12/12,Prague_1,7111.09,28.72,0.86,0,,Saturday,0
2562,2020/12/13,Prague_1,6903.889999999999,28.72,1,0,,Sunday,0
2562,2020/12/14,Prague_1,8241.449999999999,30.43,1,0,,Monday,0
2562,2020/12/15,Prague_1,6397.650000000001,30.46,1,0,,Tuesday,0
2562,2020/12/16,Prague_1,5230.47,30.46,0.88,0,,Wednesday,0
2562,2020/12/17,Prague_1,6831.44,30.45,1,0,,Thursday,0
2562,2020/12/18,Prague_1,8504.58,30.45,1,0,,Friday,0
2562,2020/12/19,Prague_1,8906.449999999999,30.45,0.93,0,,Saturday,0
2562,2020/12/20,Prague_1,10123.89,30.46,1,0,,Sunday,0
2562,2020/12/21,Prague_1,10096.519999999999,30.46,0.95,0,,Monday,0
2562,2020/12/22,Prague_1,6666.45,30.46,0.85,0,,Tuesday,0
2562,2020/12/23,Prague_1,4434.43,30.45,1,0,,Wednesday,0
2562,2020/12/24,Prague_1,2661.6800000000003,30.46,1,1,Christmas Eve,Thursday,0
2562,2020/12/25,Prague_1,4587.17,30.46,1,1,1st Christmas Day,Friday,0
2562,2020/12/26,Prague_1,7589.26,30.45,0.38,1,2nd Christmas Day,Saturday,0
2562,2020/12/27,Prague_1,7877.3099999999995,30.45,0.93,0,,Sunday,0
2562,2020/12/28,Prague_1,8997.38,30.46,1,0,,Monday,0
2562,2020/12/29,Prague_1,9022.58,30.46,0.85,0,,Tuesday,0
2562,2020/12/30,Prague_1,5384.610000000001,30.46,0.83,0,,Wednesday,0
2562,2020/12/31,Prague_1,3334.24,30.46,1,0,,Thursday,0
2562,2021/1/1,Prague_1,5309.639999999999,30.46,1,1,New Years Day,Friday,0
2562,2021/1/2,Prague_1,10263.12,30.46,0.8099999999999999,0,,Saturday,0
2562,2021/1/3,Prague_1,10242.33,30.46,0.71,0,,Sunday,0
2562,2021/1/4,Prague_1,13850.550000000001,30.46,0.68,0,,Monday,0
2562,2021/1/5,Prague_1,12166.14,30.46,0.74,0,,Tuesday,0
2562,2021/1/6,Prague_1,11584.019999999999,30.46,0.79,1,Epiphany,Wednesday,0
2562,2021/1/7,Prague_1,11957.33,30.45,0.96,0,,Thursday,0
2562,2021/1/8,Prague_1,9547.51,30.46,0.96,0,,Friday,0
2562,2021/1/9,Prague_1,8996.96,32.17,1,0,,Saturday,0
2562,2021/1/10,Prague_1,10859.66,30.46,1,0,,Sunday,0
2562,2021/1/11,Prague_1,10422.230000000001,30.46,1,0,,Monday,0
2562,2021/1/12,Prague_1,10916.85,30.46,1,0,,Tuesday,0
2562,2021/1/13,Prague_1,9085.86,30.46,1,0,,Wednesday,0
2562,2021/1/14,Prague_1,10970.61,30.46,1,0,,Thursday,0
2562,2021/1/15,Prague_1,12415.62,30.46,1,0,,Friday,0
2562,2021/1/16,Prague_1,10150.42,30.46,1,0,,Saturday,0
2562,2021/1/17,Prague_1,11268.25,30.46,1,0,,Sunday,0
2562,2021/1/18,Prague_1,11308.36,30.46,1,0,,Monday,0
2562,2021/1/19,Prague_1,9876.79,30.46,1,0,,Tuesday,0
2562,2021/1/20,Prague_1,9868.529999999999,30.46,0.99,0,,Wednesday,0
2562,2021/1/21,Prague_1,10770.41,30.46,1,0,,Thursday,0
2562,2021/1/22,Prague_1,10613.26,30.46,1,0,,Friday,0
2562,2021/1/23,Prague_1,8442.35,30.46,1,0,,Saturday,0
2562,2021/1/24,Prague_1,10064.39,30.46,1,0,,Sunday,0
2562,2021/1/25,Prague_1,9721.6,30.46,1,0,,Monday,0
2562,2021/1/26,Prague_1,10400.74,30.46,1,0,,Tuesday,0
2562,2021/1/27,Prague_1,9565.71,30.46,1,0,,Wednesday,0
2562,2021/1/28,Prague_1,11306.96,30.46,1,0,,Thursday,0
2562,2021/1/29,Prague_1,12725.79,30.46,1,0,,Friday,0
2562,2021/1/30,Prague_1,9442.019999999999,30.46,1,0,,Saturday,0
2562,2021/1/31,Prague_1,10201.449999999999,30.46,1,0,,Sunday,0
2562,2021/2/1,Prague_1,12576.970000000001,30.46,1,0,Memorial Day of the Republic,Monday,0
2562,2021/2/2,Prague_1,9731.050000000001,30.45,1,0,,Tuesday,0
2562,2021/2/3,Prague_1,10732.82,30.45,1,0,,Wednesday,0
2562,2021/2/4,Prague_1,9826.18,30.46,1,0,,Thursday,0
2562,2021/2/5,Prague_1,11431.980000000001,30.46,1,0,,Friday,0
2562,2021/2/6,Prague_1,10694.74,30.44,1,0,,Saturday,0
2562,2021/2/7,Prague_1,10741.29,30.46,1,0,,Sunday,0
2562,2021/2/8,Prague_1,11002.949999999999,30.46,1,0,,Monday,0
2562,2021/2/9,Prague_1,10136.699999999999,30.46,1,0,,Tuesday,0
2562,2021/2/10,Prague_1,11382.699999999999,30.46,0.9400000000000001,0,,Wednesday,0
2562,2021/2/11,Prague_1,11268.67,30.46,1,0,,Thursday,0
2562,2021/2/12,Prague_1,11022.13,30.46,1,0,,Friday,0
2562,2021/2/13,Prague_1,8518.230000000001,30.46,1,0,,Saturday,0
2562,2021/2/14,Prague_1,8321.67,30.46,1,0,,Sunday,0
2562,2021/2/15,Prague_1,11473.14,31.3,1,0,,Monday,0
2562,2021/2/16,Prague_1,7117.67,31.32,1,0,,Tuesday,0
2562,2021/2/17,Prague_1,7829.5,31.330000000000002,1,0,,Wednesday,0
2562,2021/2/18,Prague_1,6142.92,31.330000000000002,1,0,,Thursday,0
2562,2021/2/19,Prague_1,7539.5599999999995,31.330000000000002,1,0,,Friday,0
2562,2021/2/20,Prague_1,4912.740000000001,31.31,1,0,,Saturday,0
2562,2021/2/21,Prague_1,7982.660000000001,31.330000000000002,1,0,,Sunday,0
2562,2021/2/22,Prague_1,9296.980000000001,31.330000000000002,1,0,,Monday,0
2562,2021/2/23,Prague_1,7864.22,31.32,1,0,,Tuesday,0
2562,2021/2/24,Prague_1,9302.51,31.330000000000002,1,0,,Wednesday,0
2562,2021/2/25,Prague_1,7218.050000000001,31.32,1,0,Memorial Day for the Victims of the Communist Dictatorships,Thursday,0
2562,2021/2/26,Prague_1,13096.65,31.330000000000002,0.93,0,,Friday,0
2562,2021/2/27,Prague_1,4873.19,31.330000000000002,0.83,0,,Saturday,0
2562,2021/2/28,Prague_1,8813,31.32,1,0,,Sunday,0
2562,2021/3/1,Prague_1,9956.24,31.330000000000002,1,0,,Monday,0
2562,2021/3/2,Prague_1,8976.38,31.330000000000002,1,0,,Tuesday,0
2562,2021/3/3,Prague_1,10408.230000000001,31.330000000000002,1,0,,Wednesday,0
2562,2021/3/4,Prague_1,10382.19,31.330000000000002,1,0,,Thursday,0
2562,2021/3/5,Prague_1,10614.519999999999,31.330000000000002,1,0,,Friday,0
2562,2021/3/6,Prague_1,8384.74,31.32,1,0,,Saturday,0
2562,2021/3/7,Prague_1,10186.61,31.330000000000002,1,0,,Sunday,0
2562,2021/3/8,Prague_1,10292.17,31.330000000000002,1,0,International womens day,Monday,0
2562,2021/3/9,Prague_1,9737.14,31.330000000000002,1,0,,Tuesday,0
2562,2021/3/10,Prague_1,10457.86,31.330000000000002,1,0,,Wednesday,0
2562,2021/3/11,Prague_1,10835.720000000001,31.330000000000002,1,0,,Thursday,0
2562,2021/3/12,Prague_1,9991.94,31.330000000000002,1,0,,Friday,0
2562,2021/3/13,Prague_1,8408.26,31.330000000000002,1,0,,Saturday,0
2562,2021/3/14,Prague_1,9205.84,31.330000000000002,1,0,,Sunday,0
2562,2021/3/15,Prague_1,9579.85,31.330000000000002,1,1,Memorial Day for the Victims of the Holocaust,Monday,0
2562,2021/3/16,Prague_1,10199.769999999999,31.330000000000002,1,0,,Tuesday,0
2562,2021/3/17,Prague_1,9821.35,31.330000000000002,1,0,,Wednesday,0
2562,2021/3/18,Prague_1,11369.470000000001,31.330000000000002,1,0,,Thursday,0
2562,2021/3/19,Prague_1,10055.29,31.32,1,0,,Friday,0
2562,2021/3/20,Prague_1,4506.599999999999,31.330000000000002,1,0,,Saturday,0
2562,2021/3/21,Prague_1,9620.800000000001,31.330000000000002,1,0,,Sunday,0
2562,2021/3/22,Prague_1,10300.36,31.32,1,0,,Monday,0
2562,2021/3/23,Prague_1,9416.96,31.330000000000002,0.99,0,,Tuesday,0
2562,2021/3/24,Prague_1,10930.57,32.2,1,0,,Wednesday,0
2562,2021/3/25,Prague_1,10424.89,32.2,1,0,,Thursday,0
2562,2021/3/26,Prague_1,10042.76,32.2,1,0,,Friday,0
2562,2021/3/27,Prague_1,9904.65,32.19,1,0,,Saturday,0
2562,2021/3/28,Prague_1,8668.800000000001,32.2,1,0,,Sunday,0
2562,2021/3/29,Prague_1,9263.519999999999,32.2,1,0,,Monday,0
2562,2021/3/30,Prague_1,10228.89,32.19,1,0,,Tuesday,0
2562,2021/3/31,Prague_1,10038,32.2,1,0,,Wednesday,0
2562,2021/4/1,Prague_1,8010.449999999999,32.2,0.96,0,,Thursday,0
2562,2021/4/2,Prague_1,7099.68,32.2,1,1,Good Friday,Friday,0
2562,2021/4/3,Prague_1,5827.639999999999,32.19,1,1,,Saturday,0
2562,2021/4/4,Prague_1,5601.47,32.2,1,1,,Sunday,0
2562,2021/4/5,Prague_1,8697.64,32.19,1,1,Easter Monday,Monday,0
2562,2021/4/6,Prague_1,7314.860000000001,32.2,1,0,,Tuesday,0
2562,2021/4/7,Prague_1,9063.88,32.2,0.89,0,,Wednesday,0
2562,2021/4/8,Prague_1,8879.85,32.21,1,0,,Thursday,0
2562,2021/4/9,Prague_1,9712.43,32.2,1,0,,Friday,0
2562,2021/4/10,Prague_1,7494.339999999999,32.19,0.7299999999999999,0,,Saturday,0
2562,2021/4/11,Prague_1,8649.13,32.19,1,0,,Sunday,0
2562,2021/4/12,Prague_1,9760.87,32.2,1,0,,Monday,0
2562,2021/4/13,Prague_1,8631.91,32.2,0.89,0,,Tuesday,0
2562,2021/4/14,Prague_1,8354.08,32.2,0.95,0,,Wednesday,0
2562,2021/4/15,Prague_1,8585.220000000001,32.2,0.9400000000000001,0,,Thursday,0
2562,2021/4/16,Prague_1,9478.14,32.2,1,0,Memorial Day for the Victims of the Holocaust,Friday,0
2562,2021/4/17,Prague_1,7906.71,32.2,1,0,,Saturday,0
2562,2021/4/18,Prague_1,8339.17,32.2,1,0,,Sunday,0
2562,2021/4/19,Prague_1,9764.65,32.2,1,0,,Monday,0
2562,2021/4/20,Prague_1,9025.24,32.2,1,0,,Tuesday,0
2562,2021/4/21,Prague_1,9403.17,32.2,1,0,,Wednesday,0
2562,2021/4/22,Prague_1,8380.4,32.2,1,0,,Thursday,0
2562,2021/4/23,Prague_1,8900.57,32.19,1,0,,Friday,0
2562,2021/4/24,Prague_1,7101.78,32.2,1,0,,Saturday,0
2562,2021/4/25,Prague_1,8589.42,32.2,1,0,,Sunday,0
2562,2021/4/26,Prague_1,9858.24,32.2,1,0,,Monday,0
2562,2021/4/27,Prague_1,7604.5199999999995,32.19,1,0,,Tuesday,0
2562,2021/4/28,Prague_1,7962.71,32.2,1,0,,Wednesday,0
2562,2021/4/29,Prague_1,10500.699999999999,32.2,0.95,0,,Thursday,0
2562,2021/4/30,Prague_1,9117.779999999999,32.2,1,0,,Friday,0
2562,2021/5/1,Prague_1,7358.33,32.22,1,1,Labour Day,Saturday,0
2562,2021/5/2,Prague_1,8089.339999999999,32.2,1,0,,Sunday,0
2562,2021/5/3,Prague_1,9048.550000000001,32.2,1,0,,Monday,0
2562,2021/5/4,Prague_1,8404.83,32.19,1,0,,Tuesday,0
2562,2021/5/5,Prague_1,8145.0599999999995,32.2,1,0,,Wednesday,0
2562,2021/5/6,Prague_1,9495.220000000001,32.2,1,0,,Thursday,0
2562,2021/5/7,Prague_1,10428.81,32.2,1,0,,Friday,0
2562,2021/5/8,Prague_1,7391.089999999999,32.2,0.78,1,Den osvobozeni,Saturday,0
2562,2021/5/9,Prague_1,8340.71,32.19,1,0,,Sunday,0
2562,2021/5/10,Prague_1,10734.71,32.2,1,0,,Monday,0
2562,2021/5/11,Prague_1,8774.43,32.2,0.8099999999999999,0,,Tuesday,0
2562,2021/5/12,Prague_1,9493.470000000001,32.2,1,0,,Wednesday,0
2562,2021/5/13,Prague_1,9675.82,32.21,1,1,Ascension day,Thursday,0
2562,2021/5/14,Prague_1,9973.18,32.2,0.93,0,,Friday,0
2562,2021/5/15,Prague_1,7405.4400000000005,32.2,1,0,,Saturday,0
2562,2021/5/16,Prague_1,8379.63,32.2,1,0,,Sunday,0
2562,2021/5/17,Prague_1,9968.980000000001,32.19,0.93,0,,Monday,0
2562,2021/5/18,Prague_1,7926.099999999999,32.2,1,0,,Tuesday,0
2562,2021/5/19,Prague_1,8265.25,30.46,1,0,,Wednesday,0
2562,2021/5/20,Prague_1,9574.25,30.46,1,0,,Thursday,0
2562,2021/5/21,Prague_1,8922.76,30.46,1,0,National Defense Day,Friday,0
2562,2021/5/22,Prague_1,6911.94,30.46,1,0,,Saturday,0
2562,2021/5/23,Prague_1,8247.26,30.46,1,1,Whit sunday,Sunday,0
2562,2021/5/24,Prague_1,8679.86,30.46,1,1,Whit monday,Monday,0
2562,2021/5/25,Prague_1,8488.13,30.46,1,0,,Tuesday,0
2562,2021/5/26,Prague_1,8008.28,32.17,1,0,,Wednesday,0
2562,2021/5/27,Prague_1,8026.6900000000005,30.46,1,0,,Thursday,0
2562,2021/5/28,Prague_1,9886.730000000001,30.45,1,0,,Friday,0
2562,2021/5/29,Prague_1,7131.88,30.46,1,0,,Saturday,0
2562,2021/5/30,Prague_1,9180.29,30.46,1,0,,Sunday,0
2562,2021/5/31,Prague_1,9608.269999999999,30.46,1,0,,Monday,0
2562,2021/6/1,Prague_1,10869.04,30.46,0.93,0,,Tuesday,0
2562,2021/6/2,Prague_1,8928.36,30.46,1,0,,Wednesday,0
2562,2021/6/3,Prague_1,8539.79,30.46,1,1,Corpus Christi,Thursday,0
2562,2021/6/4,Prague_1,8867.39,30.46,1,0,Day of National Unity,Friday,0
2562,2021/6/5,Prague_1,6844.389999999999,30.46,1,0,,Saturday,0
2562,2021/6/6,Prague_1,8122.17,30.46,1,0,,Sunday,0
2562,2021/6/7,Prague_1,8564.779999999999,30.46,1,0,,Monday,0
2562,2021/6/8,Prague_1,8172.71,30.46,1,0,,Tuesday,0
2562,2021/6/9,Prague_1,7329.139999999999,30.46,1,0,,Wednesday,0
2562,2021/6/10,Prague_1,8831.480000000001,30.46,1,0,,Thursday,0
2562,2021/6/11,Prague_1,8885.17,30.46,1,0,,Friday,0
2562,2021/6/12,Prague_1,6167.98,30.46,1,0,,Saturday,0
2562,2021/6/13,Prague_1,7962.71,30.46,1,0,,Sunday,0
2562,2021/6/14,Prague_1,9778.16,30.419999999999998,1,0,,Monday,2.01355
2562,2021/6/15,Prague_1,10424.54,30.44,1,0,,Tuesday,2.01355
2562,2021/6/16,Prague_1,12076.26,30.419999999999998,1,0,,Wednesday,2.01355
2562,2021/6/17,Prague_1,11852.75,30.43,1,0,,Thursday,2.01355
2562,2021/6/18,Prague_1,12317.9,30.43,1,0,,Friday,2.01355
2562,2021/6/19,Prague_1,8136.03,30.43,1,0,Independent Hungary Day,Saturday,2.01355
2562,2021/6/20,Prague_1,8049.300000000001,30.46,1,0,,Sunday,0.54817
2562,2021/6/21,Prague_1,9027.62,30.46,1,0,,Monday,0
2562,2021/6/22,Prague_1,8344.35,30.46,1,0,,Tuesday,0
2562,2021/6/23,Prague_1,5851.44,30.46,1,0,,Wednesday,0
2562,2021/6/24,Prague_1,8214.36,30.46,0.83,0,,Thursday,0
2562,2021/6/25,Prague_1,8363.67,30.46,1,0,,Friday,0
2562,2021/6/26,Prague_1,5071.5,30.46,0.93,0,,Saturday,0
2562,2021/6/27,Prague_1,6957.02,30.46,1,0,,Sunday,0
2562,2021/6/28,Prague_1,6476.889999999999,30.46,1,0,,Monday,0
2562,2021/6/29,Prague_1,7118.650000000001,30.46,0.68,0,,Tuesday,0
2562,2021/6/30,Prague_1,6300,30.45,1,0,,Wednesday,0
2562,2021/7/1,Prague_1,6181.63,30.46,1,0,,Thursday,0
2562,2021/7/2,Prague_1,6242.32,30.46,1,0,,Friday,0
2562,2021/7/3,Prague_1,4248.3,30.46,1,0,,Saturday,0
2562,2021/7/4,Prague_1,4262.72,30.46,1,0,,Sunday,0
2562,2021/7/5,Prague_1,5507.67,30.46,1,1,Cyrila a Metodej,Monday,0
2562,2021/7/6,Prague_1,6647.759999999999,30.46,1,1,Jan Hus,Tuesday,0
2562,2021/7/7,Prague_1,6783.7,30.46,0.85,0,,Wednesday,0
2562,2021/7/8,Prague_1,8927.66,30.46,0.67,0,,Thursday,0
2562,2021/7/9,Prague_1,8941.519999999999,30.45,0.82,0,,Friday,0
2562,2021/7/10,Prague_1,5349.05,30.46,1,0,,Saturday,0
2562,2021/7/11,Prague_1,8756.019999999999,30.46,1,0,,Sunday,0
2562,2021/7/12,Prague_1,8621.550000000001,30.46,0.74,0,,Monday,0
2562,2021/7/13,Prague_1,5935.79,30.46,0.99,0,,Tuesday,0
2562,2021/7/14,Prague_1,6748,30.46,1,0,,Wednesday,0
2562,2021/7/15,Prague_1,7431.339999999999,30.46,1,0,,Thursday,0
2562,2021/7/16,Prague_1,8150.379999999999,30.46,1,0,,Friday,0
2562,2021/7/17,Prague_1,6558.58,30.45,1,0,,Saturday,0
2562,2021/7/18,Prague_1,6981.8,30.46,1,0,,Sunday,0
2562,2021/7/19,Prague_1,7469.839999999999,30.45,1,0,,Monday,0
2562,2021/7/20,Prague_1,7228.76,30.46,1,0,,Tuesday,0
2562,2021/7/21,Prague_1,6232.59,30.46,1,0,,Wednesday,0
2562,2021/7/22,Prague_1,5508.509999999999,30.46,1,0,,Thursday,0
2562,2021/7/23,Prague_1,7566.370000000001,30.46,1,0,,Friday,0
2562,2021/7/24,Prague_1,5129.18,30.46,1,0,,Saturday,0
2562,2021/7/25,Prague_1,6258.7,30.46,1,0,,Sunday,0
2562,2021/7/26,Prague_1,6960.240000000001,30.46,1,0,,Monday,0
2562,2021/7/27,Prague_1,6392.400000000001,30.46,1,0,,Tuesday,0
2562,2021/7/28,Prague_1,6127.099999999999,30.46,1,0,,Wednesday,0
2562,2021/7/29,Prague_1,5767.650000000001,30.45,1,0,,Thursday,0
2562,2021/7/30,Prague_1,7094.990000000001,30.46,1,0,,Friday,0
2562,2021/7/31,Prague_1,5387.759999999999,30.46,1,0,,Saturday,0
2562,2021/8/1,Prague_1,7629.160000000001,30.46,1,0,,Sunday,0
2562,2021/8/2,Prague_1,9924.949999999999,30.46,0.6,0,,Monday,1.3978300000000001
2562,2021/8/3,Prague_1,8512.21,30.46,0.8099999999999999,0,,Tuesday,1.3978300000000001
2562,2021/8/4,Prague_1,6704.599999999999,30.44,1,0,,Wednesday,1.3978300000000001
2562,2021/8/5,Prague_1,7357.629999999999,30.46,1,0,,Thursday,1.3978300000000001
2562,2021/8/6,Prague_1,9607.29,30.46,1,0,,Friday,1.3978300000000001
2562,2021/8/7,Prague_1,6869.45,30.46,1,0,,Saturday,1.3978300000000001
2562,2021/8/8,Prague_1,7570.5,30.46,1,1,Peace Festival in Augsburg,Sunday,1.3978300000000001
2562,2021/8/9,Prague_1,7305.550000000001,30.46,1,0,,Monday,0
2562,2021/8/10,Prague_1,7386.889999999999,30.46,1,0,,Tuesday,0
2562,2021/8/11,Prague_1,7006.16,30.46,1,0,,Wednesday,0
2562,2021/8/12,Prague_1,6777.259999999999,30.46,1,0,,Thursday,0
2562,2021/8/13,Prague_1,7650.58,26.109999999999996,1,0,,Friday,0
2562,2021/8/14,Prague_1,6419.21,26.109999999999996,1,0,,Saturday,0
2562,2021/8/15,Prague_1,6909.28,26.109999999999996,1,1,Assumption of the Virgin Mary,Sunday,0
2562,2021/8/16,Prague_1,9243.64,26.109999999999996,0.9400000000000001,0,,Monday,0
2562,2021/8/17,Prague_1,7105.07,26.109999999999996,1,0,,Tuesday,0
2562,2021/8/18,Prague_1,5521.46,26.109999999999996,1,0,,Wednesday,0
2562,2021/8/19,Prague_1,6465.06,26.109999999999996,1,0,,Thursday,0
2562,2021/8/20,Prague_1,7335.0199999999995,26.109999999999996,1,1,State Foundation Day,Friday,0
2562,2021/8/21,Prague_1,5800.62,26.109999999999996,1,0,,Saturday,0
2562,2021/8/22,Prague_1,7976.57,26.109999999999996,1,0,,Sunday,0
2562,2021/8/23,Prague_1,9092.37,26.109999999999996,0.93,0,,Monday,0
2562,2021/8/24,Prague_1,7349.58,26.109999999999996,1,0,,Tuesday,0
2562,2021/8/25,Prague_1,6340.95,26.109999999999996,1,0,,Wednesday,0
2562,2021/8/26,Prague_1,7841.889999999999,26.12,1,0,,Thursday,0
2562,2021/8/27,Prague_1,9681,26.109999999999996,1,0,,Friday,0
2562,2021/8/28,Prague_1,6312.04,26.109999999999996,1,0,,Saturday,0
2562,2021/8/29,Prague_1,5423.25,26.109999999999996,1,0,,Sunday,0
2562,2021/8/30,Prague_1,8461.67,26.96,0.82,0,,Monday,0
2562,2021/8/31,Prague_1,9124.29,26.98,0.76,0,,Tuesday,0
2562,2021/9/1,Prague_1,7723.24,26.98,1,0,,Wednesday,0
2562,2021/9/2,Prague_1,7323.400000000001,26.98,1,0,,Thursday,0
2562,2021/9/3,Prague_1,10314.43,26.98,1,0,,Friday,0
2562,2021/9/4,Prague_1,6059.900000000001,26.99,1,0,,Saturday,0
2562,2021/9/5,Prague_1,9014.949999999999,26.99,1,0,,Sunday,0
2562,2021/9/6,Prague_1,9677.64,26.98,0.9,0,,Monday,0
2562,2021/9/7,Prague_1,9768.99,26.97,0.79,0,,Tuesday,0
2562,2021/9/8,Prague_1,7495.389999999999,26.99,1,0,,Wednesday,0
2562,2021/9/9,Prague_1,7793.17,31.3,1,0,,Thursday,0
2562,2021/9/10,Prague_1,7981.54,30.43,1,0,,Friday,0
2562,2021/9/11,Prague_1,6118.21,30.43,1,0,,Saturday,0
2562,2021/9/12,Prague_1,7955.29,30.44,1,0,,Sunday,0
2562,2021/9/13,Prague_1,9130.59,30.419999999999998,1,0,,Monday,0
2562,2021/9/14,Prague_1,7599.550000000001,32.18,1,0,,Tuesday,0
2562,2021/9/15,Prague_1,7793.17,31.3,1,0,,Wednesday,0
2562,2021/9/16,Prague_1,7592.199999999999,30.43,1,0,,Thursday,0
2562,2021/9/17,Prague_1,8615.11,26.95,1,0,,Friday,0
2562,2021/9/18,Prague_1,6758.92,31.3,1,0,,Saturday,0
2562,2021/9/19,Prague_1,9199.89,30.43,1,0,,Sunday,0
2562,2021/9/20,Prague_1,7501.6900000000005,28.69,1,0,,Monday,0
2562,2021/9/21,Prague_1,6247.360000000001,28.72,1,0,,Tuesday,0
2562,2021/9/22,Prague_1,7889.910000000001,28.72,1,0,,Wednesday,0
2562,2021/9/23,Prague_1,8525.019999999999,28.72,1,0,,Thursday,0
2562,2021/9/24,Prague_1,9583,28.73,1,0,,Friday,0
2562,2021/9/25,Prague_1,6103.72,28.72,1,0,,Saturday,0
2562,2021/9/26,Prague_1,7175.7699999999995,28.72,1,0,,Sunday,0
2562,2021/9/27,Prague_1,9530.29,28.72,1,0,,Monday,0
2562,2021/9/28,Prague_1,7468.2300000000005,28.72,1,1,Den ceske statnosti,Tuesday,0
2562,2021/9/29,Prague_1,8999.9,28.72,1,0,,Wednesday,0
2562,2021/9/30,Prague_1,8901.199999999999,28.72,1,0,,Thursday,0
2562,2021/10/1,Prague_1,9941.19,28.72,1,0,,Friday,0
2562,2021/10/2,Prague_1,6848.66,28.71,0.71,0,,Saturday,0
2562,2021/10/3,Prague_1,8226.19,32.18,1,1,German Unity Day,Sunday,0
2562,2021/10/4,Prague_1,10529.68,28.71,1,0,,Monday,0
2562,2021/10/5,Prague_1,8920.730000000001,28.71,1,0,,Tuesday,0
2562,2021/10/6,Prague_1,6508.67,27.85,1,0,Memorial Day for the Martyrs of Arad,Wednesday,0
2562,2021/10/7,Prague_1,8528.31,30.44,1,0,,Thursday,0
2562,2021/10/8,Prague_1,10442.46,27.85,1,0,,Friday,0
2562,2021/10/9,Prague_1,6120.38,27.859999999999996,1,0,,Saturday,0
2562,2021/10/10,Prague_1,7980.49,27.85,1,0,,Sunday,0
2562,2021/10/11,Prague_1,10026.519999999999,27.85,1,0,,Monday,0
2562,2021/10/12,Prague_1,10416.980000000001,27.85,1,0,,Tuesday,0
2562,2021/10/13,Prague_1,9469.529999999999,27.85,1,0,,Wednesday,0
2562,2021/10/14,Prague_1,9801.470000000001,27.85,1,0,,Thursday,0
2562,2021/10/15,Prague_1,11064.06,27.85,1,0,,Friday,0
2562,2021/10/16,Prague_1,5239.990000000001,27.84,1,0,,Saturday,0
2562,2021/10/17,Prague_1,6054.44,27.84,1,0,,Sunday,0
2562,2021/10/18,Prague_1,9364.04,27.85,1,0,,Monday,0
2562,2021/10/19,Prague_1,9296.35,27.84,1,0,,Tuesday,0
2562,2021/10/20,Prague_1,7577.360000000001,28.68,1,0,,Wednesday,0
2562,2021/10/21,Prague_1,9616.81,28.71,1,0,,Thursday,0
2562,2021/10/22,Prague_1,10381.84,28.72,1,0,,Friday,0
2562,2021/10/23,Prague_1,4624.759999999999,28.72,0.9400000000000001,1,Memorial day of the 1956 Revolution,Saturday,0
2562,2021/10/24,Prague_1,7993.51,28.73,1,0,,Sunday,0
2562,2021/10/25,Prague_1,10198.37,28.72,1,0,,Monday,0
2562,2021/10/26,Prague_1,9811.41,28.73,1,0,,Tuesday,0
2562,2021/10/27,Prague_1,7125.44,28.71,1,0,,Wednesday,0
2562,2021/10/28,Prague_1,7798.49,30.43,1,1,Den vzniku samostatneho ceskoslovenskeho statu,Thursday,0
2562,2021/10/29,Prague_1,9636.480000000001,27.85,1,0,,Friday,0
2562,2021/10/30,Prague_1,8390.199999999999,27.84,1,0,,Saturday,0
2562,2021/10/31,Prague_1,10340.33,27.859999999999996,1,1,Reformation Day,Sunday,0
2562,2021/11/1,Prague_1,10399.06,28.69,1,1,All Saints Day,Monday,0
2562,2021/11/2,Prague_1,7058.52,27.85,1,0,,Tuesday,0
2562,2021/11/3,Prague_1,9084.74,27.85,1,0,,Wednesday,0
2562,2021/11/4,Prague_1,10072.79,27.85,1,0,,Thursday,0
2562,2021/11/5,Prague_1,12308.029999999999,27.85,0.97,0,,Friday,0
2562,2021/11/6,Prague_1,5384.259999999999,27.84,0.96,0,,Saturday,0
2562,2021/11/7,Prague_1,10526.11,28.7,1,0,,Sunday,0
2562,2021/11/8,Prague_1,6741.139999999999,28.71,1,0,,Monday,0
2562,2021/11/9,Prague_1,7960.120000000001,28.72,1,0,,Tuesday,0
2562,2021/11/10,Prague_1,5628.7,28.72,1,0,,Wednesday,0
2562,2021/11/11,Prague_1,4414.55,28.69,1,0,,Thursday,0
2562,2021/11/12,Prague_1,8636.6,27.85,1,0,,Friday,0
2562,2021/11/13,Prague_1,5649.21,27.84,0.93,0,,Saturday,0
2562,2021/11/14,Prague_1,3865.75,27.84,0.53,0,,Sunday,0
2562,2021/11/15,Prague_1,8276.66,27.84,0.85,0,,Monday,0
2562,2021/11/16,Prague_1,7888.93,28.68,0.9400000000000001,0,,Tuesday,0
2562,2021/11/17,Prague_1,8145.76,27.82,0.66,1,Den boje za svobodu a demokracii,Wednesday,0
2562,2021/11/18,Prague_1,9758.279999999999,26.97,1,0,,Thursday,0
2562,2021/11/19,Prague_1,11188.17,26.98,0.97,0,,Friday,0
2562,2021/11/20,Prague_1,7599.2699999999995,26.97,0.93,0,,Saturday,0
2562,2021/11/21,Prague_1,10528.21,26.98,1,0,,Sunday,0
2562,2021/11/22,Prague_1,14155.33,26.99,0.97,0,,Monday,0
2562,2021/11/23,Prague_1,8347.01,26.98,0.95,0,,Tuesday,0
2562,2021/11/24,Prague_1,11676.63,26.98,1,0,,Wednesday,0
2562,2021/11/25,Prague_1,12225.01,26.98,1,0,,Thursday,0
2562,2021/11/26,Prague_1,13071.31,26.98,1,0,,Friday,0
2562,2021/11/27,Prague_1,8746.01,26.97,1,0,,Saturday,0
2562,2021/11/28,Prague_1,9528.12,26.98,1,0,,Sunday,0
2562,2021/11/29,Prague_1,6332.900000000001,28.7,1,0,,Monday,0
2562,2021/11/30,Prague_1,7812.349999999999,28.72,1,0,,Tuesday,0
2562,2021/12/1,Prague_1,4894.259999999999,28.72,1,0,,Wednesday,0
2562,2021/12/2,Prague_1,5604.27,28.72,1,0,,Thursday,0
2562,2021/12/3,Prague_1,6834.59,28.7,1,0,,Friday,0
2562,2021/12/4,Prague_1,5567.59,28.72,1,0,,Saturday,0
2562,2021/12/5,Prague_1,5111.68,28.72,1,0,,Sunday,0
2562,2021/12/6,Prague_1,8259.65,28.71,1,0,,Monday,0
2562,2021/12/7,Prague_1,6485.92,28.72,1,0,,Tuesday,0
2562,2021/12/8,Prague_1,6121.009999999999,28.72,1,0,,Wednesday,0
2562,2021/12/9,Prague_1,8261.96,28.72,1,0,,Thursday,0
2562,2021/12/10,Prague_1,10489.220000000001,28.72,1,0,,Friday,0
2562,2021/12/11,Prague_1,6984.67,28.72,1,0,,Saturday,0
2562,2021/12/12,Prague_1,8862.56,28.72,1,0,,Sunday,0
2562,2021/12/13,Prague_1,10794,28.72,1,0,,Monday,0
2562,2021/12/14,Prague_1,7301.839999999999,28.72,1,0,,Tuesday,0
2562,2021/12/15,Prague_1,7808.57,28.68,1,0,,Wednesday,0
2562,2021/12/16,Prague_1,8895.949999999999,26.97,1,0,,Thursday,0
2562,2021/12/17,Prague_1,9058.84,28.7,1,0,,Friday,0
2562,2021/12/18,Prague_1,5523.91,28.7,1,0,,Saturday,0
2562,2021/12/19,Prague_1,7159.95,28.71,1,0,,Sunday,0
2562,2021/12/20,Prague_1,7802.2699999999995,28.72,1,0,,Monday,0
2562,2021/12/21,Prague_1,9614.57,28.72,1,0,,Tuesday,0
2562,2021/12/22,Prague_1,5638.849999999999,28.69,1,0,,Wednesday,0
2562,2021/12/23,Prague_1,2485.49,26.98,1,0,,Thursday,0
2562,2021/12/24,Prague_1,1255.17,26.97,1,1,Christmas Eve,Friday,0
2562,2021/12/25,Prague_1,2358.3700000000003,26.97,1,1,1st Christmas Day,Saturday,0
2562,2021/12/26,Prague_1,5429.759999999999,28.69,1,1,2nd Christmas Day,Sunday,0
2562,2021/12/27,Prague_1,5750.150000000001,28.7,1,0,,Monday,0
2562,2021/12/28,Prague_1,6113.52,28.71,0.95,0,,Tuesday,0
2562,2021/12/29,Prague_1,7599.2699999999995,28.71,0.79,0,,Wednesday,0
2562,2021/12/30,Prague_1,6241.62,28.72,1,0,,Thursday,0
2562,2021/12/31,Prague_1,3814.6500000000005,28.72,1,0,,Friday,0
2562,2022/1/1,Prague_1,6780.55,28.72,1,1,New Years Day,Saturday,0
2562,2022/1/2,Prague_1,8271.269999999999,28.72,1,0,,Sunday,0
2562,2022/1/3,Prague_1,8976.519999999999,28.72,1,0,,Monday,0
2562,2022/1/4,Prague_1,8449.35,28.72,0.92,0,,Tuesday,0
2562,2022/1/5,Prague_1,10548.79,28.69,1,0,,Wednesday,0
2562,2022/1/6,Prague_1,8733.83,27.85,1,1,Epiphany,Thursday,0
2562,2022/1/7,Prague_1,10894.17,27.85,1,0,,Friday,0
2562,2022/1/8,Prague_1,8817.269999999999,27.859999999999996,1,0,,Saturday,0
2562,2022/1/9,Prague_1,9234.470000000001,27.859999999999996,1,0,,Sunday,0
2562,2022/1/10,Prague_1,12138.279999999999,27.85,1,0,,Monday,0
2562,2022/1/11,Prague_1,10344.529999999999,27.85,1,0,,Tuesday,0
2562,2022/1/12,Prague_1,10576.44,27.85,1,0,,Wednesday,0
2562,2022/1/13,Prague_1,9435.16,27.85,1,0,,Thursday,0
2562,2022/1/14,Prague_1,11726.470000000001,27.85,1,0,,Friday,0
2562,2022/1/15,Prague_1,7330.400000000001,27.85,1,0,,Saturday,0
2562,2022/1/16,Prague_1,9571.519999999999,28.71,1,0,,Sunday,0
2562,2022/1/17,Prague_1,9773.4,28.69,1,0,,Monday,0
2562,2022/1/18,Prague_1,9750.16,28.71,1,0,,Tuesday,0
2562,2022/1/19,Prague_1,9921.24,28.72,1,0,,Wednesday,0
2562,2022/1/20,Prague_1,11434.01,28.72,1,0,,Thursday,0
2562,2022/1/21,Prague_1,12254.13,28.72,1,0,,Friday,0
2562,2022/1/22,Prague_1,9570.89,28.72,1,0,,Saturday,0
2562,2022/1/23,Prague_1,10738.63,28.72,1,0,,Sunday,0
2562,2022/1/24,Prague_1,13751.57,28.72,1,0,,Monday,0
2562,2022/1/25,Prague_1,11566.449999999999,28.72,1,0,,Tuesday,0
2562,2022/1/26,Prague_1,6899.759999999999,28.72,0.88,0,,Wednesday,0
2562,2022/1/27,Prague_1,11728.99,28.71,1,0,,Thursday,0
2562,2022/1/28,Prague_1,14512.61,28.72,1,0,,Friday,0
2562,2022/1/29,Prague_1,7421.26,28.72,1,0,,Saturday,0
2562,2022/1/30,Prague_1,11822.230000000001,30.43,1,0,,Sunday,0
2562,2022/1/31,Prague_1,13742.4,30.46,1,0,,Monday,0
2562,2022/2/1,Prague_1,12992.769999999999,30.46,1,0,Memorial Day of the Republic,Tuesday,0
2562,2022/2/2,Prague_1,12205.76,30.43,1,0,,Wednesday,0
2562,2022/2/3,Prague_1,11300.87,30.43,1,0,,Thursday,0
2562,2022/2/4,Prague_1,13784.33,30.45,1,0,,Friday,0
2562,2022/2/5,Prague_1,8946.91,30.45,1,0,,Saturday,0
2562,2022/2/6,Prague_1,9943.779999999999,30.46,1,0,,Sunday,0
2562,2022/2/7,Prague_1,11027.449999999999,30.46,1,0,,Monday,0
2562,2022/2/8,Prague_1,10989.79,30.46,1,0,,Tuesday,0
2562,2022/2/9,Prague_1,11029.269999999999,30.46,1,0,,Wednesday,0
2562,2022/2/10,Prague_1,11828.88,30.46,1,0,,Thursday,0
2562,2022/2/11,Prague_1,13332.69,30.46,1,0,,Friday,0
2562,2022/2/12,Prague_1,10711.12,31.3,1,0,,Saturday,0
2562,2022/2/13,Prague_1,11819.36,31.31,1,0,,Sunday,0
2562,2022/2/14,Prague_1,10492.300000000001,32.18,1,0,,Monday,0
2562,2022/2/15,Prague_1,10619.84,32.2,1,0,,Tuesday,0
2562,2022/2/16,Prague_1,11380.04,32.2,1,0,,Wednesday,0.31815
2562,2022/2/17,Prague_1,11851,32.19,1,0,,Thursday,0
2562,2022/2/18,Prague_1,7620.199999999999,32.19,1,0,,Friday,0
2562,2022/2/19,Prague_1,9028.949999999999,32.19,1,0,,Saturday,0
2562,2022/2/20,Prague_1,10855.74,32.19,1,0,,Sunday,0
2562,2022/2/21,Prague_1,10596.46,32.2,1,0,,Monday,0
2562,2022/2/22,Prague_1,9114.21,32.2,1,0,,Tuesday,0
2562,2022/2/23,Prague_1,9942.24,32.19,1,0,,Wednesday,0
2562,2022/2/24,Prague_1,10490.62,32.2,1,0,,Thursday,0
2562,2022/2/25,Prague_1,13977.81,32.19,1,0,Memorial Day for the Victims of the Communist Dictatorships,Friday,0
2562,2022/2/26,Prague_1,11787.019999999999,32.19,1,0,,Saturday,0
2562,2022/2/27,Prague_1,10157.769999999999,32.19,1,0,,Sunday,0
2562,2022/2/28,Prague_1,11509.68,32.19,1,0,,Monday,0
2562,2022/3/1,Prague_1,8987.93,32.2,1,0,,Tuesday,0
2562,2022/3/2,Prague_1,9368.24,32.2,1,0,,Wednesday,0
2562,2022/3/3,Prague_1,11467.19,32.2,1,0,,Thursday,0
2562,2022/3/4,Prague_1,14055.86,32.2,1,0,,Friday,0
2562,2022/3/5,Prague_1,8267.42,32.2,1,0,,Saturday,0
2562,2022/3/6,Prague_1,9402.61,32.2,1,0,,Sunday,0
2562,2022/3/7,Prague_1,10929.449999999999,32.2,1,0,,Monday,0
2562,2022/3/8,Prague_1,9657.970000000001,32.19,1,0,International womens day,Tuesday,0
2562,2022/3/9,Prague_1,8446.06,32.19,1,0,,Wednesday,0
2562,2022/3/10,Prague_1,9400.230000000001,32.19,1,0,,Thursday,0
2562,2022/3/11,Prague_1,11622.38,32.21,1,0,,Friday,0
2562,2022/3/12,Prague_1,8314.39,32.2,1,0,,Saturday,0
2562,2022/3/13,Prague_1,8811.88,32.2,1,0,,Sunday,0
2562,2022/3/14,Prague_1,10867.220000000001,32.2,1,1,1848 Revolution Memorial Day (Extra holiday),Monday,0
2562,2022/3/15,Prague_1,9476.74,32.2,1,1,Memorial Day for the Victims of the Holocaust,Tuesday,0
2562,2022/3/16,Prague_1,8361.92,32.2,1,0,,Wednesday,0
2562,2022/3/17,Prague_1,10596.25,32.2,1,0,,Thursday,0
2562,2022/3/18,Prague_1,12630.029999999999,32.19,1,0,,Friday,0
2562,2022/3/19,Prague_1,9525.32,32.2,1,0,,Saturday,0
2562,2022/3/20,Prague_1,10535.07,32.2,1,0,,Sunday,0
2562,2022/3/21,Prague_1,10876.46,32.2,1,0,,Monday,0
2562,2022/3/22,Prague_1,6978.23,32.2,1,0,,Tuesday,0
2562,2022/3/23,Prague_1,8204.42,32.2,1,0,,Wednesday,0
2562,2022/3/24,Prague_1,8951.11,32.2,1,0,,Thursday,0
2562,2022/3/25,Prague_1,10260.18,32.21,1,0,,Friday,0
2562,2022/3/26,Prague_1,6436.29,32.2,1,0,,Saturday,0
2562,2022/3/27,Prague_1,7339.99,32.2,1,0,,Sunday,0
2562,2022/3/28,Prague_1,10481.029999999999,32.2,1,0,,Monday,0
2562,2022/3/29,Prague_1,10330.04,32.19,1,0,,Tuesday,0
2562,2022/3/30,Prague_1,8896.019999999999,32.21,1,0,,Wednesday,0
2562,2022/3/31,Prague_1,8692.25,32.2,1,0,,Thursday,0
2562,2022/4/1,Prague_1,10931.9,32.2,1,0,,Friday,0
2562,2022/4/2,Prague_1,8005.900000000001,32.2,1,0,,Saturday,0
2562,2022/4/3,Prague_1,10195.85,32.2,1,0,,Sunday,0
2562,2022/4/4,Prague_1,10901.029999999999,32.19,1,0,,Monday,0
2562,2022/4/5,Prague_1,7881.860000000001,32.2,1,0,,Tuesday,0
2562,2022/4/6,Prague_1,7026.25,32.2,1,0,,Wednesday,0
2562,2022/4/7,Prague_1,8948.38,32.2,1,0,,Thursday,0
2562,2022/4/8,Prague_1,9712.99,32.2,1,0,,Friday,0
2562,2022/4/9,Prague_1,7472.57,32.2,1,0,,Saturday,0
2562,2022/4/10,Prague_1,9837.800000000001,32.2,1,0,,Sunday,0
2562,2022/4/11,Prague_1,10323.949999999999,32.19,1,0,,Monday,0
2562,2022/4/12,Prague_1,9249.519999999999,32.2,1,0,,Tuesday,0
2562,2022/4/13,Prague_1,10552.71,32.2,1,0,,Wednesday,0
2562,2022/4/14,Prague_1,9017.19,32.2,1,0,,Thursday,0
2562,2022/4/15,Prague_1,5865.09,32.2,1,1,Good Friday,Friday,0
2562,2022/4/16,Prague_1,4885.23,32.2,1,1,Memorial Day for the Victims of the Holocaust,Saturday,0
2562,2022/4/17,Prague_1,5900.09,32.2,1,1,,Sunday,0
2562,2022/4/18,Prague_1,9279.62,32.2,1,1,Easter Monday,Monday,0
2562,2022/4/19,Prague_1,11629.519999999999,32.19,1,0,,Tuesday,0
2562,2022/4/20,Prague_1,9101.61,32.2,1,0,,Wednesday,0
2562,2022/4/21,Prague_1,8666.980000000001,32.2,1,0,,Thursday,0
2562,2022/4/22,Prague_1,11886.91,32.19,1,0,,Friday,0
2562,2022/4/23,Prague_1,7056.349999999999,32.2,1,0,,Saturday,0
2562,2022/4/24,Prague_1,10172.050000000001,32.19,1,0,,Sunday,0
2562,2022/4/25,Prague_1,10185.07,32.2,1,0,,Monday,0
2562,2022/4/26,Prague_1,8735.44,32.2,1,0,,Tuesday,0
2562,2022/4/27,Prague_1,8052.379999999999,32.2,1,0,,Wednesday,0
2562,2022/4/28,Prague_1,9383.99,32.2,1,0,,Thursday,0
2562,2022/4/29,Prague_1,10339.35,32.2,1,0,,Friday,0
2562,2022/4/30,Prague_1,6580.98,32.2,1,0,,Saturday,0
2562,2022/5/1,Prague_1,10305.33,32.2,1,1,Labour Day,Sunday,0
2562,2022/5/2,Prague_1,11976.65,32.2,1,0,,Monday,0
2562,2022/5/3,Prague_1,8304.1,32.19,1,0,,Tuesday,0
2562,2022/5/4,Prague_1,8831.41,32.2,1,0,,Wednesday,0
2562,2022/5/5,Prague_1,8983.17,32.2,1,0,,Thursday,0
2562,2022/5/6,Prague_1,11624.83,32.2,1,0,,Friday,0
2562,2022/5/7,Prague_1,7757.75,32.2,1,0,,Saturday,0
2562,2022/5/8,Prague_1,10867.99,32.2,1,1,Den osvobozeni,Sunday,0
2562,2022/5/9,Prague_1,7034.58,32.2,0.97,0,,Monday,0
2562,2022/5/10,Prague_1,7233.870000000001,32.2,0.97,0,,Tuesday,0
2562,2022/5/11,Prague_1,10071.949999999999,32.19,1,0,,Wednesday,0
2562,2022/5/12,Prague_1,9444.61,32.19,1,0,,Thursday,0
2562,2022/5/13,Prague_1,12258.75,32.18,1,0,,Friday,0
2562,2022/5/14,Prague_1,6756.75,30.45,1,0,,Saturday,0
2562,2022/5/15,Prague_1,9637.74,30.46,1,0,,Sunday,0
2562,2022/5/16,Prague_1,10983.699999999999,30.46,1,0,,Monday,0
2562,2022/5/17,Prague_1,8415.61,30.46,1,0,,Tuesday,0
2562,2022/5/18,Prague_1,8714.44,30.46,1,0,,Wednesday,0
2562,2022/5/19,Prague_1,8559.67,30.46,1,0,,Thursday,0
2562,2022/5/20,Prague_1,10786.58,30.46,1,0,,Friday,0
2562,2022/5/21,Prague_1,6707.68,30.45,1,0,National Defense Day,Saturday,0
2562,2022/5/22,Prague_1,9020.9,30.46,1,0,,Sunday,0
2562,2022/5/23,Prague_1,9958.269999999999,30.46,1,0,,Monday,0
2562,2022/5/24,Prague_1,9018.38,30.46,1,0,,Tuesday,0
2562,2022/5/25,Prague_1,8016.610000000001,30.46,1,0,,Wednesday,0
2562,2022/5/26,Prague_1,9279.269999999999,30.46,1,1,Ascension day,Thursday,0
2562,2022/5/27,Prague_1,12162.01,30.46,1,0,,Friday,0
2562,2022/5/28,Prague_1,5878.95,30.46,1,0,,Saturday,0
2562,2022/5/29,Prague_1,8765.54,30.46,1,0,,Sunday,0
2562,2022/5/30,Prague_1,9164.68,31.3,1,0,,Monday,0
2562,2022/5/31,Prague_1,8341.06,31.31,1,0,,Tuesday,0
2562,2022/6/1,Prague_1,8412.32,31.330000000000002,1,0,,Wednesday,0
2562,2022/6/2,Prague_1,7174.0199999999995,31.330000000000002,1,0,,Thursday,0
2562,2022/6/3,Prague_1,10344.11,31.330000000000002,1,0,,Friday,0
2562,2022/6/4,Prague_1,6471.360000000001,31.32,1,0,Day of National Unity,Saturday,0
2562,2022/6/5,Prague_1,8555.75,31.330000000000002,1,1,Whit sunday,Sunday,0
2562,2022/6/6,Prague_1,10218.67,31.330000000000002,1,1,Whit monday,Monday,0
2562,2022/6/7,Prague_1,9569.769999999999,31.330000000000002,1,0,,Tuesday,0
2562,2022/6/8,Prague_1,7674.24,31.330000000000002,1,0,,Wednesday,0
2562,2022/6/9,Prague_1,7776.300000000001,31.32,1,0,,Thursday,0
2562,2022/6/10,Prague_1,9731.19,31.330000000000002,1,0,,Friday,0
2562,2022/6/11,Prague_1,6216.21,31.330000000000002,1,0,,Saturday,0
2562,2022/6/12,Prague_1,9087.19,31.330000000000002,1,0,,Sunday,0
2562,2022/6/13,Prague_1,17216.57,31.3,1,0,,Monday,1.9572700000000003
2562,2022/6/14,Prague_1,11539.92,31.28,0.93,0,,Tuesday,1.9572700000000003
2562,2022/6/15,Prague_1,9399.04,31.32,1,0,,Wednesday,1.9572700000000003
2562,2022/6/16,Prague_1,14530.529999999999,31.32,1,1,Corpus Christi,Thursday,1.9572700000000003
2562,2022/6/17,Prague_1,16522.52,31.3,1,0,,Friday,1.9572700000000003
2562,2022/6/18,Prague_1,10455.550000000001,31.3,1,0,,Saturday,1.9572700000000003
2562,2022/6/19,Prague_1,15485.960000000001,31.32,1,0,Independent Hungary Day,Sunday,1.8857999999999997
2562,2022/6/20,Prague_1,10600.66,31.330000000000002,1,0,,Monday,0
2562,2022/6/21,Prague_1,8576.12,31.330000000000002,1,0,,Tuesday,0
2562,2022/6/22,Prague_1,7469.139999999999,31.330000000000002,1,0,,Wednesday,0
2562,2022/6/23,Prague_1,7926.099999999999,31.32,1,0,,Thursday,0
2562,2022/6/24,Prague_1,10919.79,31.330000000000002,1,0,,Friday,0
2562,2022/6/25,Prague_1,4985.400000000001,31.330000000000002,0.96,0,,Saturday,0
2562,2022/6/26,Prague_1,8875.58,31.330000000000002,0.92,0,,Sunday,0
2562,2022/6/27,Prague_1,9319.24,31.330000000000002,1,0,,Monday,0
2562,2022/6/28,Prague_1,8359.68,31.330000000000002,1,0,,Tuesday,0
2562,2022/6/29,Prague_1,7336.7699999999995,31.330000000000002,1,0,,Wednesday,0
2562,2022/6/30,Prague_1,7244.370000000001,31.330000000000002,1,0,,Thursday,0
2562,2022/7/1,Prague_1,7900.339999999999,31.330000000000002,1,0,,Friday,0
2562,2022/7/2,Prague_1,4810.68,32.17,1,0,,Saturday,0
2562,2022/7/3,Prague_1,5443.55,31.330000000000002,1,0,,Sunday,0
2562,2022/7/4,Prague_1,6366.990000000001,31.32,1,0,,Monday,0
2562,2022/7/5,Prague_1,4572.259999999999,31.330000000000002,1,1,Cyrila a Metodej,Tuesday,0
2562,2022/7/6,Prague_1,5462.45,31.330000000000002,1,1,Jan Hus,Wednesday,0
2562,2022/7/7,Prague_1,7038.849999999999,31.330000000000002,1,0,,Thursday,0
2562,2022/7/8,Prague_1,9477.79,31.32,1,0,,Friday,0
2562,2022/7/9,Prague_1,6716.92,31.32,1,0,,Saturday,0
2562,2022/7/10,Prague_1,8396.36,31.330000000000002,1,0,,Sunday,0
2562,2022/7/11,Prague_1,8839.11,31.330000000000002,1,0,,Monday,0
2562,2022/7/12,Prague_1,7752.29,31.330000000000002,1,0,,Tuesday,0
2562,2022/7/13,Prague_1,7094.57,31.330000000000002,1,0,,Wednesday,0
2562,2022/7/14,Prague_1,7122.849999999999,31.330000000000002,1,0,,Thursday,0
2562,2022/7/15,Prague_1,9456.019999999999,31.330000000000002,1,0,,Friday,0
2562,2022/7/16,Prague_1,6021.82,31.330000000000002,1,0,,Saturday,0
2562,2022/7/17,Prague_1,8021.4400000000005,31.330000000000002,1,0,,Sunday,0
2562,2022/7/18,Prague_1,8436.54,31.330000000000002,1,0,,Monday,0
2562,2022/7/19,Prague_1,7064.68,31.330000000000002,1,0,,Tuesday,0
2562,2022/7/20,Prague_1,7146.3,31.330000000000002,1,0,,Wednesday,0
2562,2022/7/21,Prague_1,7302.54,31.32,1,0,,Thursday,0
2562,2022/7/22,Prague_1,9705.71,31.330000000000002,1,0,,Friday,0
2562,2022/7/23,Prague_1,6253.94,31.330000000000002,1,0,,Saturday,0
2562,2022/7/24,Prague_1,7995.400000000001,31.32,1,0,,Sunday,0
2562,2022/7/25,Prague_1,8688.96,31.330000000000002,1,0,,Monday,0
2562,2022/7/26,Prague_1,7214.83,31.330000000000002,1,0,,Tuesday,0
2562,2022/7/27,Prague_1,6217.33,31.330000000000002,1,0,,Wednesday,0
2562,2022/7/28,Prague_1,5775.56,31.330000000000002,1,0,,Thursday,0
2562,2022/7/29,Prague_1,9080.050000000001,31.330000000000002,1,0,,Friday,0
2562,2022/7/30,Prague_1,6077.68,31.330000000000002,1,0,,Saturday,0
2562,2022/7/31,Prague_1,7459.339999999999,31.330000000000002,1,0,,Sunday,0
2562,2022/8/1,Prague_1,9396.800000000001,31.330000000000002,1,0,,Monday,0
2562,2022/8/2,Prague_1,7337.120000000001,31.330000000000002,1,0,,Tuesday,0
2562,2022/8/3,Prague_1,6643.98,31.330000000000002,1,0,,Wednesday,0
2562,2022/8/4,Prague_1,6457.22,31.330000000000002,1,0,,Thursday,0
2562,2022/8/5,Prague_1,8687.63,31.330000000000002,1,0,,Friday,0
2562,2022/8/6,Prague_1,5417.37,31.330000000000002,1,0,,Saturday,0
2562,2022/8/7,Prague_1,6714.12,31.330000000000002,1,0,,Sunday,0
2562,2022/8/8,Prague_1,8854.79,31.330000000000002,1,1,Peace Festival in Augsburg,Monday,0
2562,2022/8/9,Prague_1,7321.72,31.330000000000002,1,0,,Tuesday,0
2562,2022/8/10,Prague_1,6572.37,31.330000000000002,1,0,,Wednesday,0
2562,2022/8/11,Prague_1,6259.400000000001,31.32,1,0,,Thursday,0
2562,2022/8/12,Prague_1,9103.92,31.330000000000002,1,0,,Friday,0
2562,2022/8/13,Prague_1,5866.84,31.330000000000002,1,0,,Saturday,0
2562,2022/8/14,Prague_1,7086.94,31.330000000000002,1,0,,Sunday,0
2562,2022/8/15,Prague_1,8233.75,31.330000000000002,1,1,Assumption of the Virgin Mary,Monday,0
2562,2022/8/16,Prague_1,6964.44,31.330000000000002,1,0,,Tuesday,0
2562,2022/8/17,Prague_1,6361.25,31.330000000000002,1,0,,Wednesday,0
2562,2022/8/18,Prague_1,6127.8,31.330000000000002,1,0,,Thursday,0
2562,2022/8/19,Prague_1,8572.199999999999,31.330000000000002,1,0,,Friday,0
2562,2022/8/20,Prague_1,6502.02,31.330000000000002,1,1,State Foundation Day,Saturday,0
2562,2022/8/21,Prague_1,8089.199999999999,31.330000000000002,1,0,,Sunday,0
2562,2022/8/22,Prague_1,9092.79,31.330000000000002,1,0,,Monday,0
2562,2022/8/23,Prague_1,6921.67,31.330000000000002,1,0,,Tuesday,0
2562,2022/8/24,Prague_1,6521.900000000001,31.330000000000002,1,0,,Wednesday,0
2562,2022/8/25,Prague_1,6534.57,31.330000000000002,1,0,,Thursday,0
2562,2022/8/26,Prague_1,9191,31.330000000000002,1,0,,Friday,0
2562,2022/8/27,Prague_1,5694.57,31.330000000000002,1,0,,Saturday,0
2562,2022/8/28,Prague_1,8122.03,31.34,1,0,,Sunday,0
2562,2022/8/29,Prague_1,8565.480000000001,31.330000000000002,1,0,,Monday,0
2562,2022/8/30,Prague_1,7757.54,31.330000000000002,1,0,,Tuesday,0
2562,2022/8/31,Prague_1,7821.17,31.330000000000002,1,0,,Wednesday,0
2562,2022/9/1,Prague_1,7383.46,31.330000000000002,1,0,,Thursday,0
2562,2022/9/2,Prague_1,8444.87,31.330000000000002,1,0,,Friday,0
2562,2022/9/3,Prague_1,6840.19,31.330000000000002,1,0,,Saturday,0
2562,2022/9/4,Prague_1,8059.3099999999995,31.330000000000002,1,0,,Sunday,0
2562,2022/9/5,Prague_1,9048.970000000001,31.330000000000002,1,0,,Monday,0
2562,2022/9/6,Prague_1,7882.629999999999,31.330000000000002,1,0,,Tuesday,0
2562,2022/9/7,Prague_1,6957.650000000001,31.330000000000002,1,0,,Wednesday,0
2562,2022/9/8,Prague_1,7658.9800000000005,31.330000000000002,1,0,,Thursday,0
2562,2022/9/9,Prague_1,9923.06,31.330000000000002,1,0,,Friday,0
2562,2022/9/10,Prague_1,6918.73,31.330000000000002,1,0,,Saturday,0
2562,2022/9/11,Prague_1,8689.66,31.330000000000002,1,0,,Sunday,0
2562,2022/9/12,Prague_1,7269.57,31.330000000000002,1,0,,Monday,0
2562,2022/9/13,Prague_1,5056.17,31.32,0.95,0,,Tuesday,0
2562,2022/9/14,Prague_1,4584.37,31.330000000000002,0.9400000000000001,0,,Wednesday,0
2562,2022/9/15,Prague_1,6070.68,31.330000000000002,1,0,,Thursday,0
2562,2022/9/16,Prague_1,5862.639999999999,31.330000000000002,0.96,0,,Friday,0
2562,2022/9/17,Prague_1,5209.400000000001,31.330000000000002,0.74,0,,Saturday,0
2562,2022/9/18,Prague_1,8000.650000000001,31.330000000000002,1,0,,Sunday,0
2562,2022/9/19,Prague_1,7829.01,31.330000000000002,1,0,,Monday,0
2562,2022/9/20,Prague_1,8124.620000000001,31.330000000000002,1,0,,Tuesday,0
2562,2022/9/21,Prague_1,8027.949999999999,31.330000000000002,1,0,,Wednesday,0
2562,2022/9/22,Prague_1,7054.46,31.330000000000002,1,0,,Thursday,0
2562,2022/9/23,Prague_1,7531.0199999999995,31.330000000000002,1,0,,Friday,0
2562,2022/9/24,Prague_1,6739.32,31.330000000000002,1,0,,Saturday,0
2562,2022/9/25,Prague_1,8305.08,31.330000000000002,1,0,,Sunday,0
2562,2022/9/26,Prague_1,6955.62,31.330000000000002,0.97,0,,Monday,0
2562,2022/9/27,Prague_1,8261.4,31.330000000000002,0.75,0,,Tuesday,0
2562,2022/9/28,Prague_1,7777.699999999999,33.04,0.8,1,Den ceske statnosti,Wednesday,0
2562,2022/9/29,Prague_1,8380.12,33.07,1,0,,Thursday,0
2562,2022/9/30,Prague_1,7152.53,33.07,0.97,0,,Friday,0
2562,2022/10/1,Prague_1,7941.43,33.07,0.62,0,,Saturday,0
2562,2022/10/2,Prague_1,12771.36,33.06,0.65,0,,Sunday,0
2562,2022/10/3,Prague_1,9231.529999999999,33.07,1,1,German Unity Day,Monday,0
2562,2022/10/4,Prague_1,7184.24,33.07,0.9799999999999999,0,,Tuesday,0
2562,2022/10/5,Prague_1,8852.34,33.07,1,0,,Wednesday,0
2562,2022/10/6,Prague_1,9120.79,33.07,1,0,Memorial Day for the Martyrs of Arad,Thursday,0
2562,2022/10/7,Prague_1,9553.11,33.07,1,0,,Friday,0
2562,2022/10/8,Prague_1,6969.55,33.07,1,0,,Saturday,0
2562,2022/10/9,Prague_1,9216.480000000001,33.07,1,0,,Sunday,0
2562,2022/10/10,Prague_1,9279.62,33.07,1,0,,Monday,0
2562,2022/10/11,Prague_1,9024.61,33.07,1,0,,Tuesday,0
2562,2022/10/12,Prague_1,7860.089999999999,33.03,1,0,,Wednesday,0
2562,2022/10/13,Prague_1,8830.08,32.19,1,0,,Thursday,0
2562,2022/10/14,Prague_1,12221.86,32.2,1,0,,Friday,0
2562,2022/10/15,Prague_1,6669.740000000001,32.2,1,0,,Saturday,0
2562,2022/10/16,Prague_1,8986.6,32.19,1,0,,Sunday,0
2562,2022/10/17,Prague_1,10271.66,32.2,1,0,,Monday,0
2562,2022/10/18,Prague_1,8533.63,33.04,1,0,,Tuesday,0
2562,2022/10/19,Prague_1,8646.89,32.19,1,0,,Wednesday,0
2562,2022/10/20,Prague_1,8758.61,32.19,0.87,0,,Thursday,0
2562,2022/10/21,Prague_1,9923.199999999999,32.2,0.9400000000000001,0,,Friday,0
2562,2022/10/22,Prague_1,7203.839999999999,32.19,1,0,,Saturday,0
2562,2022/10/23,Prague_1,9490.25,32.19,1,1,Memorial day of the 1956 Revolution,Sunday,0
2562,2022/10/24,Prague_1,10431.050000000001,32.2,1,0,,Monday,0
2562,2022/10/25,Prague_1,6647.34,32.19,1,0,,Tuesday,0
2562,2022/10/26,Prague_1,8206.730000000001,32.2,1,0,,Wednesday,0
2562,2022/10/27,Prague_1,8543.29,32.2,1,0,,Thursday,0
2562,2022/10/28,Prague_1,7320.53,32.2,1,1,Den vzniku samostatneho ceskoslovenskeho statu,Friday,0
2562,2022/10/29,Prague_1,7737.17,32.2,1,0,,Saturday,0
2562,2022/10/30,Prague_1,11662.279999999999,32.2,1,0,,Sunday,0
2562,2022/10/31,Prague_1,12171.18,32.2,1,1,Reformation Day,Monday,0
2562,2022/11/1,Prague_1,8929.550000000001,32.2,1,1,All Saints Day,Tuesday,0
2562,2022/11/2,Prague_1,9291.730000000001,32.2,1,0,,Wednesday,0
2562,2022/11/3,Prague_1,9110.57,32.2,1,0,,Thursday,0
2562,2022/11/4,Prague_1,13108.970000000001,32.2,1,0,,Friday,0
2562,2022/11/5,Prague_1,7409.22,32.2,1,0,,Saturday,0
2562,2022/11/6,Prague_1,10609.480000000001,32.2,1,0,,Sunday,0
2562,2022/11/7,Prague_1,7536.339999999999,32.19,1,0,,Monday,0
2562,2022/11/8,Prague_1,8975.26,32.2,1,0,,Tuesday,0
2562,2022/11/9,Prague_1,9389.94,32.19,1,0,,Wednesday,0
2562,2022/11/10,Prague_1,9606.66,32.2,1,0,,Thursday,0
2562,2022/11/11,Prague_1,12567.1,32.2,1,0,,Friday,0
2562,2022/11/12,Prague_1,9817.92,32.19,0.52,0,,Saturday,0
2562,2022/11/13,Prague_1,10736.74,32.2,1,0,,Sunday,0
2562,2022/11/14,Prague_1,10481.730000000001,32.2,1,0,,Monday,0
2562,2022/11/15,Prague_1,8520.050000000001,32.2,1,0,,Tuesday,0
2562,2022/11/16,Prague_1,9828.84,32.2,1,0,,Wednesday,0
2562,2022/11/17,Prague_1,8422.12,32.19,1,1,Den boje za svobodu a demokracii,Thursday,0
2562,2022/11/18,Prague_1,11164.300000000001,32.19,1,0,,Friday,0
2562,2022/11/19,Prague_1,8975.4,32.19,1,0,,Saturday,0
2562,2022/11/20,Prague_1,10914.470000000001,32.2,1,0,,Sunday,0
2562,2022/11/21,Prague_1,11789.54,32.19,1,0,,Monday,0
2562,2022/11/22,Prague_1,8878.730000000001,32.2,1,0,,Tuesday,0
2562,2022/11/23,Prague_1,8967.56,32.2,1,0,,Wednesday,0
2562,2022/11/24,Prague_1,8963.01,32.2,1,0,,Thursday,0
2562,2022/11/25,Prague_1,11737.949999999999,32.19,1,0,,Friday,0
2562,2022/11/26,Prague_1,8968.19,32.19,1,0,,Saturday,0
2562,2022/11/27,Prague_1,10123.82,32.2,1,0,,Sunday,0
2562,2022/11/28,Prague_1,11031.79,32.2,1,0,,Monday,0
2562,2022/11/29,Prague_1,14329.980000000001,32.19,1,0,,Tuesday,1.9444600000000003
2562,2022/11/30,Prague_1,19089.91,32.18,1,0,,Wednesday,3.23078
2562,2022/12/1,Prague_1,19735.940000000002,32.18,1,0,,Thursday,3.23078
2562,2022/12/2,Prague_1,26703.88,32.19,1,0,,Friday,3.23078
2562,2022/12/3,Prague_1,18951.52,32.18,1,0,,Saturday,3.23078
2562,2022/12/4,Prague_1,18925.34,33.04,1,0,,Sunday,3.23078
2562,2022/12/5,Prague_1,17158.26,33.04,1,0,,Monday,3.1174500000000003
2562,2022/12/6,Prague_1,7638.1900000000005,33.07,1,0,,Tuesday,0
2562,2022/12/7,Prague_1,8756.65,33.07,1,0,,Wednesday,0
2562,2022/12/8,Prague_1,8423.730000000001,33.07,1,0,,Thursday,0
2562,2022/12/9,Prague_1,12159.91,33.07,1,0,,Friday,0
2562,2022/12/10,Prague_1,7003.009999999999,33.07,0.75,0,,Saturday,0
2562,2022/12/11,Prague_1,9745.89,33.07,1,0,,Sunday,0
2562,2022/12/12,Prague_1,10539.83,33.07,1,0,,Monday,0
2562,2022/12/13,Prague_1,8635.06,33.07,1,0,,Tuesday,0
2562,2022/12/14,Prague_1,9700.88,33.07,1,0,,Wednesday,0
2562,2022/12/15,Prague_1,9985.5,33.07,1,0,,Thursday,0
2562,2022/12/16,Prague_1,12887.35,33.06,1,0,,Friday,0
2562,2022/12/17,Prague_1,9137.87,33.07,1,0,,Saturday,0
2562,2022/12/18,Prague_1,9210.81,33.07,1,0,,Sunday,0
2562,2022/12/19,Prague_1,12029.92,33.07,1,0,,Monday,0
2562,2022/12/20,Prague_1,16011.449999999999,33.07,1,0,,Tuesday,0
2562,2022/12/21,Prague_1,13486.06,33.06,0.87,0,,Wednesday,0
2562,2022/12/22,Prague_1,9797.76,33.07,1,0,,Thursday,0
2562,2022/12/23,Prague_1,3676.1899999999996,33.07,1,0,,Friday,0
2562,2022/12/24,Prague_1,1961.68,33.07,1,1,Christmas Eve,Saturday,0
2562,2022/12/25,Prague_1,4910.29,33.06,1,1,1st Christmas Day,Sunday,0
2562,2022/12/26,Prague_1,6375.88,33.07,1,1,2nd Christmas Day,Monday,0
2562,2022/12/27,Prague_1,8738.94,33.06,1,0,,Tuesday,0
2562,2022/12/28,Prague_1,7765.7300000000005,33.07,1,0,,Wednesday,0
2562,2022/12/29,Prague_1,9782.71,33.07,1,0,,Thursday,0
2562,2022/12/30,Prague_1,11463.480000000001,33.07,1,0,,Friday,0
2562,2022/12/31,Prague_1,3923.9900000000002,33.06,0.54,0,,Saturday,0
2562,2023/1/1,Prague_1,9667.91,33.06,1,1,New Years Day,Sunday,0
2562,2023/1/2,Prague_1,13217.96,33.07,1,0,,Monday,0
2562,2023/1/3,Prague_1,11740.75,33.06,1,0,,Tuesday,0
2562,2023/1/4,Prague_1,9161.81,33.07,1,0,,Wednesday,0
2562,2023/1/5,Prague_1,12080.25,33.07,1,0,,Thursday,0
2562,2023/1/6,Prague_1,13657.91,33.07,1,1,Epiphany,Friday,0
2562,2023/1/7,Prague_1,8745.31,33.07,1,0,,Saturday,0
2562,2023/1/8,Prague_1,10918.529999999999,33.07,1,0,,Sunday,0
2562,2023/1/9,Prague_1,11883.62,33.07,1,0,,Monday,0
2562,2023/1/10,Prague_1,11709.6,33.07,1,0,,Tuesday,0
2562,2023/1/11,Prague_1,12545.33,33.07,1,0,,Wednesday,0
2562,2023/1/12,Prague_1,11041.1,33.07,1,0,,Thursday,0
2562,2023/1/13,Prague_1,14411.11,33.07,1,0,,Friday,0
2562,2023/1/14,Prague_1,9803.57,33.07,1,0,,Saturday,0
2562,2023/1/15,Prague_1,11907.42,33.07,1,0,,Sunday,0
2562,2023/1/16,Prague_1,13068.79,33.06,1,0,,Monday,0
2562,2023/1/17,Prague_1,12780.46,33.06,1,0,,Tuesday,0
2562,2023/1/18,Prague_1,11410.91,33.07,1,0,,Wednesday,0
2562,2023/1/19,Prague_1,11395.51,33.07,1,0,,Thursday,0
2562,2023/1/20,Prague_1,12356.68,33.06,1,0,,Friday,0
2562,2023/1/21,Prague_1,10744.86,33.06,1,0,,Saturday,0
2562,2023/1/22,Prague_1,11069.730000000001,33.07,1,0,,Sunday,0
2562,2023/1/23,Prague_1,11845.33,34.79,1,0,,Monday,0
2562,2023/1/24,Prague_1,11216.31,34.79,1,0,,Tuesday,0
2562,2023/1/25,Prague_1,10947.58,34.81,1,0,,Wednesday,0
2562,2023/1/26,Prague_1,10507.699999999999,34.81,1,0,,Thursday,0
2562,2023/1/27,Prague_1,16117.08,34.81,1,0,,Friday,0
2562,2023/1/28,Prague_1,8168.650000000001,34.8,1,0,,Saturday,0
2562,2023/1/29,Prague_1,13262.69,34.81,1,0,,Sunday,0
2562,2023/1/30,Prague_1,11632.25,34.81,1,0,,Monday,0
2562,2023/1/31,Prague_1,10545.5,34.81,1,0,,Tuesday,0
2562,2023/2/1,Prague_1,13155.449999999999,34.81,0.96,0,Memorial Day of the Republic,Wednesday,0
2562,2023/2/2,Prague_1,11176.69,34.81,1,0,,Thursday,0
2562,2023/2/3,Prague_1,13697.6,34.81,1,0,,Friday,0
2562,2023/2/4,Prague_1,8346.029999999999,34.81,1,0,,Saturday,0
2562,2023/2/5,Prague_1,12223.470000000001,34.79,1,0,,Sunday,0
2562,2023/2/6,Prague_1,11495.61,34.81,1,0,,Monday,0
2562,2023/2/7,Prague_1,10321.85,34.81,1,0,,Tuesday,0
2562,2023/2/8,Prague_1,12571.65,34.8,1,0,,Wednesday,0
2562,2023/2/9,Prague_1,11274.970000000001,34.79,1,0,,Thursday,0
2562,2023/2/10,Prague_1,17177.58,34.8,1,0,,Friday,0
2562,2023/2/11,Prague_1,12828.83,34.8,1,0,,Saturday,0
2562,2023/2/12,Prague_1,13829.06,36.52,1,0,,Sunday,0
2562,2023/2/13,Prague_1,12486.04,36.54,1,0,,Monday,0
2562,2023/2/14,Prague_1,10414.67,36.54,1,0,,Tuesday,0
2562,2023/2/15,Prague_1,10084.199999999999,36.53,1,0,,Wednesday,0
2562,2023/2/16,Prague_1,10088.96,36.54,1,0,,Thursday,0
2562,2023/2/17,Prague_1,14845.320000000002,36.54,1,0,,Friday,0
2562,2023/2/18,Prague_1,9537.779999999999,36.54,1,0,,Saturday,0
2562,2023/2/19,Prague_1,9926.980000000001,36.54,1,0,,Sunday,0
2562,2023/2/20,Prague_1,11369.96,36.55,1,0,,Monday,0
2562,2023/2/21,Prague_1,10299.31,36.54,1,0,,Tuesday,0
2562,2023/2/22,Prague_1,11083.800000000001,36.54,1,0,,Wednesday,0
2562,2023/2/23,Prague_1,8873.34,36.54,1,0,,Thursday,0
2562,2023/2/24,Prague_1,11688.25,36.54,1,0,,Friday,0
2562,2023/2/25,Prague_1,6132.63,36.54,0.88,0,Memorial Day for the Victims of the Communist Dictatorships,Saturday,0
2562,2023/2/26,Prague_1,9957.220000000001,36.54,1,0,,Sunday,0
2562,2023/2/27,Prague_1,11608.38,36.54,1,0,,Monday,0
2562,2023/2/28,Prague_1,9944.34,36.55,1,0,,Tuesday,0
2562,2023/3/1,Prague_1,11595.64,36.55,1,0,,Wednesday,0
2562,2023/3/2,Prague_1,10394.58,36.54,1,0,,Thursday,0
2562,2023/3/3,Prague_1,14740.600000000002,36.54,1,0,,Friday,0
2562,2023/3/4,Prague_1,10060.050000000001,36.54,0.8,0,,Saturday,0
2562,2023/3/5,Prague_1,12080.74,36.54,1,0,,Sunday,0
2562,2023/3/6,Prague_1,13260.94,36.54,0.93,0,,Monday,0
2562,2023/3/7,Prague_1,9031.75,36.55,1,0,,Tuesday,0
2562,2023/3/8,Prague_1,11779.88,36.54,1,0,International womens day,Wednesday,0
2562,2023/3/9,Prague_1,11889.08,36.54,1,0,,Thursday,0
2562,2023/3/10,Prague_1,16079.070000000002,36.54,1,0,,Friday,0
2562,2023/3/11,Prague_1,8821.96,36.55,1,0,,Saturday,0
2562,2023/3/12,Prague_1,11629.66,36.54,1,0,,Sunday,0
2562,2023/3/13,Prague_1,26206.600000000002,36.53,1,0,,Monday,2.00242
2562,2023/3/14,Prague_1,23935.66,36.52,1,0,,Tuesday,2.00242
2562,2023/3/15,Prague_1,20673.45,36.53,0.99,1,Memorial Day for the Victims of the Holocaust,Wednesday,2.00242
2562,2023/3/16,Prague_1,20248.48,36.52,1,0,,Thursday,2.00242
2562,2023/3/17,Prague_1,25203.710000000003,36.55,1,0,,Friday,2.00242
2562,2023/3/18,Prague_1,18313.399999999998,36.52,1,0,,Saturday,2.00242
2562,2023/3/19,Prague_1,22685.67,36.53,1,0,,Sunday,1.93221
2562,2023/3/20,Prague_1,14288.89,36.54,1,0,,Monday,0
2562,2023/3/21,Prague_1,12159.91,36.54,1,0,,Tuesday,0
2562,2023/3/22,Prague_1,10833.480000000001,36.55,1,0,,Wednesday,0
2562,2023/3/23,Prague_1,12080.32,36.55,1,0,,Thursday,0
2562,2023/3/24,Prague_1,15103.550000000001,36.55,1,0,,Friday,0
2562,2023/3/25,Prague_1,10540.11,36.55,1,0,,Saturday,0
2562,2023/3/26,Prague_1,13930,36.54,1,0,,Sunday,0
2562,2023/3/27,Prague_1,17776.289999999997,36.55,0.85,0,,Monday,0
2562,2023/3/28,Prague_1,14481.39,36.54,0.95,0,,Tuesday,0
2562,2023/3/29,Prague_1,11928.699999999999,36.54,1,0,,Wednesday,0
2562,2023/3/30,Prague_1,11976.79,36.54,1,0,,Thursday,0
2562,2023/3/31,Prague_1,16145.429999999998,36.55,1,0,,Friday,0
2562,2023/4/1,Prague_1,10769.43,36.55,1,0,,Saturday,0
2562,2023/4/2,Prague_1,12723.480000000001,36.54,1,0,,Sunday,0
2562,2023/4/3,Prague_1,9602.6,36.54,1,0,,Monday,0
2562,2023/4/4,Prague_1,9543.66,36.55,1,0,,Tuesday,0
2562,2023/4/5,Prague_1,10030.65,36.55,1,0,,Wednesday,0
2562,2023/4/6,Prague_1,9029.86,36.55,1,0,,Thursday,0
2562,2023/4/7,Prague_1,6624.38,36.55,1,1,Good Friday,Friday,0
2562,2023/4/8,Prague_1,5815.18,36.55,1,1,,Saturday,0
2562,2023/4/9,Prague_1,5719.07,36.55,1,1,,Sunday,0
2562,2023/4/10,Prague_1,10405.01,36.55,1,1,Easter Monday,Monday,0
2562,2023/4/11,Prague_1,16023.279999999999,36.54,1,0,,Tuesday,0
2562,2023/4/12,Prague_1,7826.629999999999,36.55,1,0,,Wednesday,0
2562,2023/4/13,Prague_1,8574.86,36.55,0.99,0,,Thursday,0
2562,2023/4/14,Prague_1,15758.399999999998,36.55,1,0,,Friday,0
2562,2023/4/15,Prague_1,11024.09,36.54,1,0,,Saturday,0
2562,2023/4/16,Prague_1,12591.46,36.54,1,0,Memorial Day for the Victims of the Holocaust,Sunday,0
2562,2023/4/17,Prague_1,12777.730000000001,36.55,1,0,,Monday,0
2562,2023/4/18,Prague_1,13427.33,36.55,1,0,,Tuesday,0
2562,2023/4/19,Prague_1,11994.85,36.54,1,0,,Wednesday,0
2562,2023/4/20,Prague_1,12535.32,36.54,1,0,,Thursday,0
2562,2023/4/21,Prague_1,15711.08,36.55,1,0,,Friday,0
2562,2023/4/22,Prague_1,8694.91,36.55,1,0,,Saturday,0
2562,2023/4/23,Prague_1,14504.699999999999,36.55,0.97,0,,Sunday,0
2562,2023/4/24,Prague_1,14801.990000000002,36.54,0.9799999999999999,0,,Monday,0
2562,2023/4/25,Prague_1,11008.41,36.55,0.97,0,,Tuesday,0
2562,2023/4/26,Prague_1,11282.88,36.55,0.97,0,,Wednesday,0
2562,2023/4/27,Prague_1,12038.529999999999,36.55,1,0,,Thursday,0
2562,2023/4/28,Prague_1,11431.84,36.55,0.9799999999999999,0,,Friday,0
2562,2023/4/29,Prague_1,11283.720000000001,36.55,0.96,0,,Saturday,0
2562,2023/4/30,Prague_1,10274.39,36.54,0.96,0,,Sunday,0
2562,2023/5/1,Prague_1,21782.11,36.52,1,1,Labour Day,Monday,2.00452
2562,2023/5/2,Prague_1,23000.600000000002,36.52,1,0,,Tuesday,2.00452
2562,2023/5/3,Prague_1,18649.26,36.52,1,0,,Wednesday,2.00452
2562,2023/5/4,Prague_1,19165.02,36.52,1,0,,Thursday,2.00452
2562,2023/5/5,Prague_1,18594.52,36.52,1,0,,Friday,2.00452
2562,2023/5/6,Prague_1,16635.78,36.53,1,0,,Saturday,2.00452
2562,2023/5/7,Prague_1,19176.22,36.53,1,0,,Sunday,1.93424
2562,2023/5/8,Prague_1,14292.46,36.55,1,1,Den osvobozeni,Monday,0
2562,2023/5/9,Prague_1,12091.38,36.55,1,0,,Tuesday,0
2562,2023/5/10,Prague_1,11939.199999999999,36.54,1,0,,Wednesday,0
2562,2023/5/11,Prague_1,11985.89,36.55,1,0,,Thursday,0
2562,2023/5/12,Prague_1,14571.970000000001,36.54,1,0,,Friday,0
2562,2023/5/13,Prague_1,10222.519999999999,36.54,1,0,,Saturday,0
2562,2023/5/14,Prague_1,11708.970000000001,36.55,1,0,,Sunday,0
2562,2023/5/15,Prague_1,13234.69,36.55,1,0,,Monday,0
2562,2023/5/16,Prague_1,12424.93,36.55,1,0,,Tuesday,0
2562,2023/5/17,Prague_1,11193.14,36.55,1,0,,Wednesday,0
2562,2023/5/18,Prague_1,12441.17,36.55,1,1,Ascension day,Thursday,0
2562,2023/5/19,Prague_1,17431.75,36.55,1,0,,Friday,0
2562,2023/5/20,Prague_1,10214.75,36.54,1,0,,Saturday,0
2562,2023/5/21,Prague_1,12137.300000000001,36.55,1,0,National Defense Day,Sunday,0
2562,2023/5/22,Prague_1,14812.490000000002,36.55,1,0,,Monday,0
2562,2023/5/23,Prague_1,12547.43,36.55,1,0,,Tuesday,0
2562,2023/5/24,Prague_1,12125.470000000001,36.55,1,0,,Wednesday,0
2562,2023/5/25,Prague_1,11413.29,36.55,1,0,,Thursday,0
2562,2023/5/26,Prague_1,15307.740000000002,36.54,1,0,,Friday,0
2562,2023/5/27,Prague_1,9841.16,36.54,1,0,,Saturday,0
2562,2023/5/28,Prague_1,11450.32,36.55,1,1,Whit sunday,Sunday,0
2562,2023/5/29,Prague_1,23587.13,36.52,1,1,Whit monday,Monday,2.8404599999999998
2562,2023/5/30,Prague_1,20550.74,36.52,1,0,,Tuesday,2.8404599999999998
2562,2023/5/31,Prague_1,19320.14,36.52,1,0,,Wednesday,2.8404599999999998
2562,2023/6/1,Prague_1,19714.38,36.52,1,0,,Thursday,2.8404599999999998
2562,2023/6/2,Prague_1,22311.66,36.52,1,0,,Friday,2.8404599999999998
2562,2023/6/3,Prague_1,15104.740000000002,36.51,1,0,,Saturday,2.8404599999999998
2562,2023/6/4,Prague_1,18572.89,36.54,1,0,Day of National Unity,Sunday,2.74085
2562,2023/6/5,Prague_1,14475.929999999998,36.55,1,0,,Monday,0
2562,2023/6/6,Prague_1,10807.019999999999,36.55,1,0,,Tuesday,0
2562,2023/6/7,Prague_1,9943.29,36.55,1,0,,Wednesday,0
2562,2023/6/8,Prague_1,10298.33,36.55,1,1,Corpus Christi,Thursday,0
2562,2023/6/9,Prague_1,14637.14,36.55,1,0,,Friday,0
2562,2023/6/10,Prague_1,8527.68,36.55,1,0,,Saturday,0
2562,2023/6/11,Prague_1,11531.449999999999,36.55,1,0,,Sunday,0
2562,2023/6/12,Prague_1,13523.93,36.55,1,0,,Monday,0
2562,2023/6/13,Prague_1,11183.269999999999,36.55,1,0,,Tuesday,0
2562,2023/6/14,Prague_1,10137.33,36.55,1,0,,Wednesday,0
2562,2023/6/15,Prague_1,10008.6,36.54,1,0,,Thursday,0
2562,2023/6/16,Prague_1,13167.14,36.55,1,0,,Friday,0
2562,2023/6/17,Prague_1,8426.6,36.55,1,0,,Saturday,0
2562,2023/6/18,Prague_1,10785.949999999999,36.55,1,0,,Sunday,0
2562,2023/6/19,Prague_1,12420.1,36.55,1,0,Independent Hungary Day,Monday,0
2562,2023/6/20,Prague_1,10335.36,36.55,1,0,,Tuesday,0
2562,2023/6/21,Prague_1,9615.34,36.55,1,0,,Wednesday,0
2562,2023/6/22,Prague_1,9520.63,36.55,1,0,,Thursday,0
2562,2023/6/23,Prague_1,12912.199999999999,36.55,1,0,,Friday,0
2562,2023/6/24,Prague_1,7685.51,36.55,1,0,,Saturday,0
2562,2023/6/25,Prague_1,11457.32,36.55,1,0,,Sunday,0
2562,2023/6/26,Prague_1,11007.85,36.55,1,0,,Monday,0
2562,2023/6/27,Prague_1,9900.59,36.54,1,0,,Tuesday,0
2562,2023/6/28,Prague_1,8505.63,36.54,1,0,,Wednesday,0
2562,2023/6/29,Prague_1,8340.64,36.54,1,0,,Thursday,0
2562,2023/6/30,Prague_1,10707.480000000001,36.55,1,0,,Friday,0
2562,2023/7/1,Prague_1,7134.889999999999,36.54,1,0,,Saturday,0
2562,2023/7/2,Prague_1,8070.089999999999,36.54,1,0,,Sunday,0
2562,2023/7/3,Prague_1,7939.610000000001,36.54,1,0,,Monday,0
2562,2023/7/4,Prague_1,6294.54,36.55,1,0,,Tuesday,0
2562,2023/7/5,Prague_1,5088.58,36.55,1,1,Cyrila a Metodej,Wednesday,0
2562,2023/7/6,Prague_1,5526.849999999999,36.54,1,1,Jan Hus,Thursday,0
2562,2023/7/7,Prague_1,9313.57,36.54,1,0,,Friday,0
2562,2023/7/8,Prague_1,7387.099999999999,36.55,1,0,,Saturday,0
2562,2023/7/9,Prague_1,10544.38,36.55,1,0,,Sunday,0
2562,2023/7/10,Prague_1,10607.38,36.55,1,0,,Monday,0
2562,2023/7/11,Prague_1,8844.08,36.55,1,0,,Tuesday,0
2562,2023/7/12,Prague_1,7878.360000000001,36.55,1,0,,Wednesday,0
2562,2023/7/13,Prague_1,7791.7699999999995,36.55,1,0,,Thursday,0
2562,2023/7/14,Prague_1,10673.39,36.55,1,0,,Friday,0
2562,2023/7/15,Prague_1,7481.32,36.55,1,0,,Saturday,0
2562,2023/7/16,Prague_1,9303.21,36.55,1,0,,Sunday,0
2562,2023/7/17,Prague_1,10236.449999999999,36.55,1,0,,Monday,0
2562,2023/7/18,Prague_1,8324.19,36.55,1,0,,Tuesday,0
2562,2023/7/19,Prague_1,8547.699999999999,36.55,1,0,,Wednesday,0
2562,2023/7/20,Prague_1,8699.529999999999,36.55,1,0,,Thursday,0
2562,2023/7/21,Prague_1,11553.29,36.55,1,0,,Friday,0
2562,2023/7/22,Prague_1,7053.759999999999,36.55,1,0,,Saturday,0
2562,2023/7/23,Prague_1,9766.61,36.55,1,0,,Sunday,0
2562,2023/7/24,Prague_1,11217.29,36.55,1,0,,Monday,0
2562,2023/7/25,Prague_1,10228.96,36.55,0.89,0,,Tuesday,0
2562,2023/7/26,Prague_1,7863.9400000000005,36.55,1,0,,Wednesday,0
2562,2023/7/27,Prague_1,8364.019999999999,36.55,1,0,,Thursday,0
2562,2023/7/28,Prague_1,10562.019999999999,36.55,1,0,,Friday,0
2562,2023/7/29,Prague_1,7828.5199999999995,36.55,1,0,,Saturday,0
2562,2023/7/30,Prague_1,10551.519999999999,36.55,1,0,,Sunday,0
2562,2023/7/31,Prague_1,11105.220000000001,36.55,1,0,,Monday,0
2562,2023/8/1,Prague_1,15908.83,36.53,1,0,,Tuesday,3.67584
2562,2023/8/2,Prague_1,16987.32,36.51,1,0,,Wednesday,3.67584
2562,2023/8/3,Prague_1,15249.710000000001,36.53,1,0,,Thursday,3.67584
2562,2023/8/4,Prague_1,18456.13,36.51,1,0,,Friday,3.67584
2562,2023/8/5,Prague_1,14410.970000000001,17.38,1,0,,Saturday,3.67584
2562,2023/8/6,Prague_1,18097.309999999998,36.52,1,0,,Sunday,3.67584
2562,2023/8/7,Prague_1,16463.02,36.52,0.95,0,,Monday,3.67584
2562,2023/8/8,Prague_1,7192.92,36.55,0.82,1,Peace Festival in Augsburg,Tuesday,0
2562,2023/8/9,Prague_1,8173.550000000001,36.55,1,0,,Wednesday,0
2562,2023/8/10,Prague_1,7926.099999999999,36.55,1,0,,Thursday,0
2562,2023/8/11,Prague_1,10588.76,36.55,1,0,,Friday,0
2562,2023/8/12,Prague_1,6887.79,36.55,1,0,,Saturday,0
2562,2023/8/13,Prague_1,9246.16,36.55,1,0,,Sunday,0
2562,2023/8/14,Prague_1,9924.74,36.55,1,0,,Monday,0
2562,2023/8/15,Prague_1,9631.16,36.55,1,1,Assumption of the Virgin Mary,Tuesday,0
2562,2023/8/16,Prague_1,8612.94,36.55,1,0,,Wednesday,0
2562,2023/8/17,Prague_1,8688.470000000001,36.55,1,0,,Thursday,0
2562,2023/8/18,Prague_1,10738,36.55,1,0,,Friday,0
2562,2023/8/19,Prague_1,7469.49,36.55,1,0,,Saturday,0
2562,2023/8/20,Prague_1,8841.980000000001,36.55,1,1,State Foundation Day,Sunday,0
2562,2023/8/21,Prague_1,11277.63,36.55,1,0,,Monday,0
2562,2023/8/22,Prague_1,8424.85,36.55,1,0,,Tuesday,0
2562,2023/8/23,Prague_1,8382.01,36.54,1,0,,Wednesday,0
2562,2023/8/24,Prague_1,7568.47,34.8,1,0,,Thursday,0
2562,2023/8/25,Prague_1,10098.62,34.81,1,0,,Friday,0
2562,2023/8/26,Prague_1,8227.449999999999,34.81,1,0,,Saturday,0
2562,2023/8/27,Prague_1,10832.92,36.5,1,0,,Sunday,0
2562,2023/8/28,Prague_1,11717.93,36.52,1,0,,Monday,0
2562,2023/8/29,Prague_1,11930.87,34.81,1,0,,Tuesday,0
2562,2023/8/30,Prague_1,8441.44,34.81,1,0,,Wednesday,0
2562,2023/8/31,Prague_1,8199.38,34.81,1,0,,Thursday,0
2562,2023/9/1,Prague_1,11549.230000000001,34.81,1,0,,Friday,0
2562,2023/9/2,Prague_1,7897.75,34.81,1,0,,Saturday,0
2562,2023/9/3,Prague_1,12224.38,34.81,1,0,,Sunday,0
2562,2023/9/4,Prague_1,11752.44,34.81,1,0,,Monday,0
2562,2023/9/5,Prague_1,10087.14,34.81,1,0,,Tuesday,0
2562,2023/9/6,Prague_1,10051.79,34.81,1,0,,Wednesday,0
2562,2023/9/7,Prague_1,9340.449999999999,34.81,1,0,,Thursday,0
2562,2023/9/8,Prague_1,12820.29,34.8,1,0,,Friday,0
2562,2023/9/9,Prague_1,8904.49,34.81,1,0,,Saturday,0
2562,2023/9/10,Prague_1,9871.54,34.81,1,0,,Sunday,0
2562,2023/9/11,Prague_1,11298,34.81,1,0,,Monday,0
2562,2023/9/12,Prague_1,7627.0599999999995,34.81,1,0,,Tuesday,0
2562,2023/9/13,Prague_1,6226.29,34.81,1,0,,Wednesday,0
2562,2023/9/14,Prague_1,4728.71,34.81,1,0,,Thursday,0
2562,2023/9/15,Prague_1,7907.4800000000005,34.81,1,0,,Friday,0
2562,2023/9/16,Prague_1,4998.490000000001,34.81,1,0,,Saturday,0
2562,2023/9/17,Prague_1,5368.509999999999,34.81,1,0,,Sunday,0
2562,2023/9/18,Prague_1,10372.46,34.8,1,0,,Monday,0
2562,2023/9/19,Prague_1,9909.13,34.81,1,0,,Tuesday,0
2562,2023/9/20,Prague_1,9853.69,34.81,1,0,,Wednesday,0
2562,2023/9/21,Prague_1,9444.12,34.81,1,0,,Thursday,0
2562,2023/9/22,Prague_1,11786.11,34.81,1,0,,Friday,0
2562,2023/9/23,Prague_1,5686.52,34.81,1,0,,Saturday,0
2562,2023/9/24,Prague_1,10954.79,34.81,1,0,,Sunday,0
2562,2023/9/25,Prague_1,10091.83,36.52,1,0,,Monday,0
2562,2023/9/26,Prague_1,9550.24,34.81,1,0,,Tuesday,0
2562,2023/9/27,Prague_1,10162.32,34.81,1,0,,Wednesday,0
2562,2023/9/28,Prague_1,8516.62,34.81,1,1,Den ceske statnosti,Thursday,0
2562,2023/9/29,Prague_1,10885.279999999999,34.81,1,0,,Friday,0
2562,2023/9/30,Prague_1,8774.92,34.81,1,0,,Saturday,0
2562,2023/10/1,Prague_1,12131.21,34.81,1,0,,Sunday,0
2562,2023/10/2,Prague_1,12258.96,34.81,1,0,,Monday,0
2562,2023/10/3,Prague_1,9098.81,34.81,1,1,German Unity Day,Tuesday,0
2562,2023/10/4,Prague_1,9342.199999999999,34.81,1,0,,Wednesday,0
2562,2023/10/5,Prague_1,9813.44,34.81,1,0,,Thursday,0
2562,2023/10/6,Prague_1,13493.41,34.81,1,0,Memorial Day for the Martyrs of Arad,Friday,0
2562,2023/10/7,Prague_1,9060.17,34.81,1,0,,Saturday,0
2562,2023/10/8,Prague_1,10569.58,34.81,1,0,,Sunday,0
2562,2023/10/9,Prague_1,23030.210000000003,34.81,1,0,,Monday,3.84209
2562,2023/10/10,Prague_1,27810.440000000002,34.78,1,0,,Tuesday,5.26386
2562,2023/10/11,Prague_1,25177.600000000002,34.78,1,0,,Wednesday,5.26386
2562,2023/10/12,Prague_1,16768.710000000003,34.79,1,0,,Thursday,2.4818499999999997
2562,2023/10/13,Prague_1,19977.02,34.81,1,0,,Friday,2.63193
2562,2023/10/14,Prague_1,8458.029999999999,34.81,1,0,,Saturday,0
2562,2023/10/15,Prague_1,10753.19,34.81,1,0,,Sunday,0
2562,2023/10/16,Prague_1,11607.89,34.81,1,0,,Monday,0
2562,2023/10/17,Prague_1,10447.64,34.81,1,0,,Tuesday,0
2562,2023/10/18,Prague_1,9504.6,36.53,1,0,,Wednesday,0
2562,2023/10/19,Prague_1,9928.1,34.81,1,0,,Thursday,0
2562,2023/10/20,Prague_1,13980.33,34.81,1,0,,Friday,0
2562,2023/10/21,Prague_1,8026.339999999999,34.81,1,0,,Saturday,0
2562,2023/10/22,Prague_1,11331.25,39.14,1,0,,Sunday,0
2562,2023/10/23,Prague_1,10086.300000000001,34.81,1,1,Memorial day of the 1956 Revolution,Monday,0
2562,2023/10/24,Prague_1,10549.279999999999,39.15,1,0,,Tuesday,0
2562,2023/10/25,Prague_1,9260.65,39.15,1,0,,Wednesday,0
2562,2023/10/26,Prague_1,9483.6,39.15,1,0,,Thursday,0
2562,2023/10/27,Prague_1,14134.75,39.15,1,0,,Friday,0
2562,2023/10/28,Prague_1,10192.56,39.15,1,1,Den vzniku samostatneho ceskoslovenskeho statu,Saturday,0
2562,2023/10/29,Prague_1,14074.41,39.15,1,0,,Sunday,0
2562,2023/10/30,Prague_1,19008.64,39.14,1,0,,Monday,2.33968
2562,2023/10/31,Prague_1,16544.99,39.14,1,1,Reformation Day,Tuesday,2.33968
2562,2023/11/1,Prague_1,18191.460000000003,39.14,1,1,All Saints Day,Wednesday,2.33968
2562,2023/11/2,Prague_1,18466.49,39.14,1,0,,Thursday,2.33968
2562,2023/11/3,Prague_1,24245.41,39.14,1,0,,Friday,2.33968
2562,2023/11/4,Prague_1,14425.25,39.14,1,0,,Saturday,2.33968
2562,2023/11/5,Prague_1,17315.55,39.14,1,0,,Sunday,2.33968
2562,2023/11/6,Prague_1,11864.58,39.15,1,0,,Monday,0
2562,2023/11/7,Prague_1,10312.61,39.15,1,0,,Tuesday,0
2562,2023/11/8,Prague_1,10296.58,39.15,1,0,,Wednesday,0
2562,2023/11/9,Prague_1,11027.17,39.15,1,0,,Thursday,0
2562,2023/11/10,Prague_1,17086.72,39.15,1,0,,Friday,0
2562,2023/11/11,Prague_1,10095.19,39.15,1,0,,Saturday,0
2562,2023/11/12,Prague_1,10881.220000000001,39.15,1,0,,Sunday,0
2562,2023/11/13,Prague_1,11696.79,39.15,1,0,,Monday,0
2562,2023/11/14,Prague_1,9742.39,39.15,1,0,,Tuesday,0
2562,2023/11/15,Prague_1,10895.5,39.15,1,0,,Wednesday,0
2562,2023/11/16,Prague_1,10807.58,39.15,1,0,,Thursday,0
2562,2023/11/17,Prague_1,10242.050000000001,39.15,1,1,Den boje za svobodu a demokracii,Friday,0
2562,2023/11/18,Prague_1,8112.370000000001,39.15,1,0,,Saturday,0
2562,2023/11/19,Prague_1,11753.980000000001,39.15,1,0,,Sunday,0
2562,2023/11/20,Prague_1,11957.75,39.15,1,0,,Monday,0
2562,2023/11/21,Prague_1,10792.6,39.15,1,0,,Tuesday,0
2562,2023/11/22,Prague_1,10389.470000000001,39.15,1,0,,Wednesday,0
2562,2023/11/23,Prague_1,10800.51,39.15,1,0,,Thursday,0
2562,2023/11/24,Prague_1,14628.81,39.15,1,0,,Friday,0
2562,2023/11/25,Prague_1,9558.29,39.15,1,0,,Saturday,0
2562,2023/11/26,Prague_1,11630.64,39.15,1,0,,Sunday,0
2562,2023/11/27,Prague_1,13371.050000000001,39.15,1,0,,Monday,0
2562,2023/11/28,Prague_1,8269.449999999999,39.15,0.84,0,,Tuesday,0
2562,2023/11/29,Prague_1,9550.38,39.15,0.67,0,,Wednesday,0
2562,2023/11/30,Prague_1,12222.14,39.15,1,0,,Thursday,0
2562,2023/12/1,Prague_1,16188.48,39.15,1,0,,Friday,0
2562,2023/12/2,Prague_1,14945.42,39.15,1,0,,Saturday,1.31439
2562,2023/12/3,Prague_1,23195.41,19.12,1,0,,Sunday,3.58554
2562,2023/12/4,Prague_1,28717.920000000002,39.14,1,0,,Monday,3.58554
2562,2023/12/5,Prague_1,20727.91,19.13,1,0,,Tuesday,3.58554
2562,2023/12/6,Prague_1,7081.13,39.15,1,0,,Wednesday,0
2562,2023/12/7,Prague_1,14150.5,39.15,1,0,,Thursday,2.20346
2562,2023/12/8,Prague_1,17988.67,39.15,1,0,,Friday,1.7513999999999998
2562,2023/12/9,Prague_1,7865.76,39.15,1,0,,Saturday,0
2562,2023/12/10,Prague_1,9080.75,39.15,1,0,,Sunday,0
2562,2023/12/11,Prague_1,10631.949999999999,39.15,1,0,,Monday,0
2562,2023/12/12,Prague_1,9377.550000000001,39.15,1,0,,Tuesday,0
2562,2023/12/13,Prague_1,8595.86,39.15,1,0,,Wednesday,0
2562,2023/12/14,Prague_1,8915.41,39.15,1,0,,Thursday,0
2562,2023/12/15,Prague_1,11807.6,39.15,1,0,,Friday,0
2562,2023/12/16,Prague_1,7979.0199999999995,39.15,1,0,,Saturday,0
2562,2023/12/17,Prague_1,13417.74,39.15,1,0,,Sunday,1.50976
2562,2023/12/18,Prague_1,18424.350000000002,39.12,1,0,,Monday,3.1217200000000003
2562,2023/12/19,Prague_1,19648.51,21.73,1,0,,Tuesday,3.1217200000000003
2562,2023/12/20,Prague_1,21509.74,39.15,1,0,,Wednesday,3.1217200000000003
2562,2023/12/21,Prague_1,21213.5,39.14,1,0,,Thursday,3.1217200000000003
2562,2023/12/22,Prague_1,11423.230000000001,39.15,1,0,,Friday,0.26859
2562,2023/12/23,Prague_1,8385.44,39.15,1,0,,Saturday,2.84809
2562,2023/12/24,Prague_1,2079.6299999999997,39.14,1,1,Christmas Eve,Sunday,3.11626
2562,2023/12/25,Prague_1,5958.259999999999,39.14,1,1,1st Christmas Day,Monday,3.11626
2562,2023/12/26,Prague_1,6508.599999999999,39.15,0.58,1,2nd Christmas Day,Tuesday,0
2562,2023/12/27,Prague_1,7480.550000000001,39.15,1,0,,Wednesday,0
2562,2023/12/28,Prague_1,7566.93,39.15,1,0,,Thursday,0
2562,2023/12/29,Prague_1,8371.44,39.15,1,0,,Friday,0
2562,2023/12/30,Prague_1,9727.83,38.08,1,0,,Saturday,0
2562,2023/12/31,Prague_1,4879.91,38.089999999999996,1,0,,Sunday,0
2562,2024/1/1,Prague_1,11845.19,38.11,1,1,New Years Day,Monday,0
2562,2024/1/2,Prague_1,21722.61,38.11,1,0,,Tuesday,1.25818
2562,2024/1/3,Prague_1,18712.539999999997,24.34,1,0,,Wednesday,2.3190999999999997
2562,2024/1/4,Prague_1,18998.91,24.34,0.82,0,,Thursday,2.3190999999999997
2562,2024/1/5,Prague_1,23215.78,24.34,0.75,0,,Friday,2.3190999999999997
2562,2024/1/6,Prague_1,17036.25,36.35,1,1,Epiphany,Saturday,2.3190999999999997
2562,2024/1/7,Prague_1,19811.26,36.35,1,0,,Sunday,2.3190999999999997
2562,2024/1/8,Prague_1,13126.96,36.37,1,0,,Monday,0
2562,2024/1/9,Prague_1,11051.74,36.37,1,0,,Tuesday,0
2562,2024/1/10,Prague_1,12051.970000000001,36.37,1,0,,Wednesday,0
2562,2024/1/11,Prague_1,12168.449999999999,36.37,1,0,,Thursday,0
2562,2024/1/12,Prague_1,16472.12,36.37,1,0,,Friday,0
2562,2024/1/13,Prague_1,10465.42,36.37,1,0,,Saturday,0
2562,2024/1/14,Prague_1,10929.66,36.37,1,0,,Sunday,0
2562,2024/1/15,Prague_1,12120.43,36.37,1,0,,Monday,0
2562,2024/1/16,Prague_1,11306.12,36.37,1,0,,Tuesday,0
2562,2024/1/17,Prague_1,11027.519999999999,36.37,1,0,,Wednesday,0
2562,2024/1/18,Prague_1,11403.14,36.37,1,0,,Thursday,0
2562,2024/1/19,Prague_1,15328.25,36.37,1,0,,Friday,0
2562,2024/1/20,Prague_1,9821.980000000001,36.37,1,0,,Saturday,0
2562,2024/1/21,Prague_1,13398.42,36.37,1,0,,Sunday,0
2562,2024/1/22,Prague_1,11014.220000000001,36.37,1,0,,Monday,0
2562,2024/1/23,Prague_1,10196.199999999999,36.37,1,0,,Tuesday,0
2562,2024/1/24,Prague_1,11344.41,36.37,1,0,,Wednesday,0
2562,2024/1/25,Prague_1,10346.14,36.37,1,0,,Thursday,0
2562,2024/1/26,Prague_1,15397.130000000001,36.37,1,0,,Friday,0
2562,2024/1/27,Prague_1,9657.62,36.37,1,0,,Saturday,0
2562,2024/1/28,Prague_1,12486.39,36.37,1,0,,Sunday,0
2562,2024/1/29,Prague_1,13018.88,36.37,1,0,,Monday,0
2562,2024/1/30,Prague_1,12063.17,36.37,1,0,,Tuesday,0
2562,2024/1/31,Prague_1,11581.5,36.37,1,0,,Wednesday,0
2562,2024/2/1,Prague_1,11405.66,36.37,1,0,Memorial Day of the Republic,Thursday,0
2562,2024/2/2,Prague_1,16823.38,36.37,1,0,,Friday,0
2562,2024/2/3,Prague_1,12261.480000000001,36.37,1,0,,Saturday,0
2562,2024/2/4,Prague_1,11851.07,36.37,1,0,,Sunday,0
2562,2024/2/5,Prague_1,11026.470000000001,36.37,1,0,,Monday,0
2562,2024/2/6,Prague_1,10643.43,36.37,1,0,,Tuesday,0
2562,2024/2/7,Prague_1,10019.59,36.37,0.82,0,,Wednesday,0
2562,2024/2/8,Prague_1,12612.81,36.36,1,0,,Thursday,0
2562,2024/2/9,Prague_1,18105.5,36.37,1,0,,Friday,0
2562,2024/2/10,Prague_1,9982.21,36.37,1,0,,Saturday,0
2562,2024/2/11,Prague_1,11404.89,36.37,1,0,,Sunday,0
2562,2024/2/12,Prague_1,11329.99,36.37,1,0,,Monday,0
2562,2024/2/13,Prague_1,10176.46,36.52,0.86,0,,Tuesday,0
2562,2024/2/14,Prague_1,10282.720000000001,36.51,1,0,,Wednesday,0
2562,2024/2/15,Prague_1,10946.949999999999,36.55,1,0,,Thursday,0
2562,2024/2/16,Prague_1,13532.96,36.55,1,0,,Friday,0
2562,2024/2/17,Prague_1,9695,36.55,1,0,,Saturday,0
2562,2024/2/18,Prague_1,11663.54,36.55,1,0,,Sunday,0
2562,2024/2/19,Prague_1,17135.23,36.54,1,0,,Monday,1.17166
2562,2024/2/20,Prague_1,16396.73,36.52,1,0,,Tuesday,1.17166
2562,2024/2/21,Prague_1,15071.630000000001,36.53,1,0,,Wednesday,1.17166
2562,2024/2/22,Prague_1,16114.630000000001,36.53,1,0,,Thursday,1.17166
2562,2024/2/23,Prague_1,21633.99,36.53,1,0,,Friday,1.17166
2562,2024/2/24,Prague_1,14773.990000000002,36.53,1,0,,Saturday,1.17166
2562,2024/2/25,Prague_1,10247.37,36.55,1,0,Memorial Day for the Victims of the Communist Dictatorships,Sunday,0
2562,2024/2/26,Prague_1,12618.550000000001,36.55,0.83,0,,Monday,0
2562,2024/2/27,Prague_1,11395.44,36.54,1,0,,Tuesday,0
2562,2024/2/28,Prague_1,9941.96,36.55,1,0,,Wednesday,0
2562,2024/2/29,Prague_1,12037.41,36.55,1,0,,Thursday,0
2562,2024/3/1,Prague_1,16704.309999999998,36.55,1,0,,Friday,0
2562,2024/3/2,Prague_1,11534.74,36.55,1,0,,Saturday,0
2562,2024/3/3,Prague_1,12693.519999999999,36.55,1,0,,Sunday,0
2562,2024/3/4,Prague_1,12741.050000000001,36.55,1,0,,Monday,0
2562,2024/3/5,Prague_1,11616.64,42.61,1,0,,Tuesday,0
2562,2024/3/6,Prague_1,9922.64,42.63,1,0,,Wednesday,0
2562,2024/3/7,Prague_1,10284.75,42.63,1,0,,Thursday,0
2562,2024/3/8,Prague_1,14990.429999999998,42.62,1,0,International womens day,Friday,0
2562,2024/3/9,Prague_1,10102.96,42.62,1,0,,Saturday,0
2562,2024/3/10,Prague_1,12170.69,39.15,1,0,,Sunday,0
2562,2024/3/11,Prague_1,12101.6,39.15,1,0,,Monday,0
2562,2024/3/12,Prague_1,13171.06,39.15,1,0,,Tuesday,0
2562,2024/3/13,Prague_1,12033.91,39.15,1,0,,Wednesday,0
2562,2024/3/14,Prague_1,13067.46,39.15,1,0,,Thursday,0
2562,2024/3/15,Prague_1,17864.63,39.15,1,1,Memorial Day for the Victims of the Holocaust,Friday,0
2562,2024/3/16,Prague_1,12600.35,39.15,1,0,,Saturday,0
2562,2024/3/17,Prague_1,13596.800000000001,39.15,1,0,,Sunday,0
2562,2024/3/18,Prague_1,14360.64,39.15,1,0,,Monday,0
2562,2024/3/19,Prague_1,13565.93,39.15,1,0,,Tuesday,0
2562,2024/3/20,Prague_1,12628.91,39.15,1,0,,Wednesday,0
2562,2024/3/21,Prague_1,14131.04,39.15,1,0,,Thursday,0
2562,2024/3/22,Prague_1,19006.33,39.15,1,0,,Friday,0
2562,2024/3/23,Prague_1,11515.63,39.15,1,0,,Saturday,0
2562,2024/3/24,Prague_1,13273.89,39.15,1,0,,Sunday,0
2562,2024/3/25,Prague_1,14008.19,39.15,1,0,,Monday,0
2562,2024/3/26,Prague_1,12008.92,39.15,1,0,,Tuesday,0
2562,2024/3/27,Prague_1,12901.42,39.15,1,0,,Wednesday,0
2562,2024/3/28,Prague_1,13355.019999999999,39.15,1,0,,Thursday,0
2562,2024/3/29,Prague_1,8546.93,39.15,1,1,Good Friday,Friday,0
2562,2024/3/30,Prague_1,7136.43,39.15,1,1,,Saturday,0
2562,2024/3/31,Prague_1,9172.59,39.15,1,1,,Sunday,0
2562,2024/4/1,Prague_1,13848.800000000001,39.15,1,1,Easter Monday,Monday,0
2562,2024/4/2,Prague_1,16632.14,39.15,1,0,,Tuesday,0
2562,2024/4/3,Prague_1,1808.5900000000001,39.15,1,0,,Wednesday,0
2562,2024/4/4,Prague_1,12397.769999999999,39.15,0.92,0,,Thursday,0
2562,2024/4/5,Prague_1,15661.800000000001,39.15,1,0,,Friday,0
2562,2024/4/6,Prague_1,9593.43,39.15,0.92,0,,Saturday,0
2562,2024/4/7,Prague_1,11726.82,39.15,1,0,,Sunday,0
2562,2024/4/8,Prague_1,16166.92,39.15,1,0,,Monday,0
2562,2024/4/9,Prague_1,15249.570000000002,39.15,1,0,,Tuesday,0
2562,2024/4/10,Prague_1,13156.5,39.15,0.88,0,,Wednesday,0
2562,2024/4/11,Prague_1,13633.9,39.15,1,0,,Thursday,0
2562,2024/4/12,Prague_1,14286.16,39.15,0.95,0,,Friday,0
2562,2024/4/13,Prague_1,12506.9,39.15,0.85,0,,Saturday,0
2562,2024/4/14,Prague_1,13859.300000000001,39.15,1,0,,Sunday,0
2562,2024/4/15,Prague_1,16698.710000000003,39.15,1,0,,Monday,0
2562,2024/4/16,Prague_1,13421.66,39.15,1,0,Memorial Day for the Victims of the Holocaust,Tuesday,0
2562,2024/4/17,Prague_1,12518.38,39.15,1,0,,Wednesday,0
2562,2024/4/18,Prague_1,13942.529999999999,39.15,1,0,,Thursday,0
2562,2024/4/19,Prague_1,19145.210000000003,39.15,1,0,,Friday,0
2562,2024/4/20,Prague_1,10966.06,39.15,0.91,0,,Saturday,0
2562,2024/4/21,Prague_1,13884.64,39.15,1,0,,Sunday,0
2562,2024/4/22,Prague_1,13685,39.15,1,0,,Monday,0
2562,2024/4/23,Prague_1,12918.85,39.15,1,0,,Tuesday,0
2562,2024/4/24,Prague_1,11994.779999999999,39.15,1,0,,Wednesday,0
2562,2024/4/25,Prague_1,12842.62,39.15,1,0,,Thursday,0
2562,2024/4/26,Prague_1,18677.399999999998,39.15,1,0,,Friday,0
2562,2024/4/27,Prague_1,10742.550000000001,39.15,1,0,,Saturday,0
2562,2024/4/28,Prague_1,13033.79,39.15,1,0,,Sunday,0
2562,2024/4/29,Prague_1,12981.779999999999,39.15,1,0,,Monday,0
2562,2024/4/30,Prague_1,12485.62,39.15,1,0,,Tuesday,0
2562,2024/5/1,Prague_1,12162.220000000001,39.15,1,1,Labour Day,Wednesday,0
2562,2024/5/2,Prague_1,13721.68,39.15,1,0,,Thursday,0
2562,2024/5/3,Prague_1,17330.74,39.15,1,0,,Friday,0
2562,2024/5/4,Prague_1,9934.68,39.15,1,0,,Saturday,0
2562,2024/5/5,Prague_1,12914.86,39.15,1,0,,Sunday,0
2562,2024/5/6,Prague_1,13331.5,39.15,1,0,,Monday,0
2562,2024/5/7,Prague_1,17343.62,39.15,1,0,,Tuesday,0
2562,2024/5/8,Prague_1,13301.61,39.15,1,1,Den osvobozeni,Wednesday,0
2562,2024/5/9,Prague_1,13252.68,39.15,1,1,Ascension day,Thursday,0
2562,2024/5/10,Prague_1,13541.64,39.15,0.8099999999999999,0,,Friday,0
2562,2024/5/11,Prague_1,11734.17,39.15,0.87,0,,Saturday,0
2562,2024/5/12,Prague_1,15758.050000000001,39.15,1,0,,Sunday,0
2562,2024/5/13,Prague_1,14909.58,39.15,1,0,,Monday,0
2562,2024/5/14,Prague_1,13115.13,39.15,1,0,,Tuesday,0
2562,2024/5/15,Prague_1,12585.300000000001,39.15,1,0,,Wednesday,0
2562,2024/5/16,Prague_1,12139.19,39.15,1,0,,Thursday,0
2562,2024/5/17,Prague_1,16849.98,39.15,1,0,,Friday,0
2562,2024/5/18,Prague_1,10438.19,39.15,1,0,,Saturday,0
2562,2024/5/19,Prague_1,13065.64,39.15,1,1,Whit sunday,Sunday,0
2562,2024/5/20,Prague_1,13713.21,39.15,1,1,Whit monday,Monday,0
2562,2024/5/21,Prague_1,12149.34,39.15,1,0,National Defense Day,Tuesday,0
2562,2024/5/22,Prague_1,10821.86,39.15,1,0,,Wednesday,0
2562,2024/5/23,Prague_1,11063.64,39.15,1,0,,Thursday,0
2562,2024/5/24,Prague_1,16516.43,39.15,1,0,,Friday,0
2562,2024/5/25,Prague_1,10553.83,39.15,1,0,,Saturday,0
2562,2024/5/26,Prague_1,13089.79,39.15,1,0,,Sunday,0
2562,2024/5/27,Prague_1,14068.529999999999,39.15,1,0,,Monday,0
2562,2024/5/28,Prague_1,13039.6,39.15,1,0,,Tuesday,0
2562,2024/5/29,Prague_1,11938.779999999999,39.15,1,0,,Wednesday,0
2562,2024/5/30,Prague_1,11983.300000000001,39.15,1,1,Corpus Christi,Thursday,0
2562,2024/5/31,Prague_1,19159.7,39.15,1,0,,Friday,0.73262
2562,2024/6/1,Prague_1,17950.100000000002,39.15,1,0,,Saturday,2.34437
2562,2024/6/2,Prague_1,19861.17,26.09,1,0,,Sunday,2.34437
2937,2020/8/1,Prague_1,1169.77,3.05,1,0,,Saturday,0
2937,2020/8/2,Prague_1,1462.79,3.05,1,0,,Sunday,0
2937,2020/8/3,Prague_1,2054.01,3.05,1,0,,Monday,0
2937,2020/8/4,Prague_1,3009.2999999999997,3.05,1,0,,Tuesday,0
2937,2020/8/5,Prague_1,2883.86,3.05,1,0,,Wednesday,0
2937,2020/8/6,Prague_1,2243.78,3.05,1,0,,Thursday,0
2937,2020/8/7,Prague_1,3127.3199999999997,3.05,0.9400000000000001,0,,Friday,0
2937,2020/8/8,Prague_1,2713.9,3.05,1,1,Peace Festival in Augsburg,Saturday,0
2937,2020/8/9,Prague_1,1837.6399999999999,3.05,1,0,,Sunday,0
2937,2020/8/10,Prague_1,2509.29,3.05,1,0,,Monday,0
2937,2020/8/11,Prague_1,2113.79,3.05,1,0,,Tuesday,0
2937,2020/8/12,Prague_1,2557.52,3.05,1,0,,Wednesday,0
2937,2020/8/13,Prague_1,2651.53,3.05,1,0,,Thursday,0
2937,2020/8/14,Prague_1,3244.64,3.05,1,0,,Friday,0
2937,2020/8/15,Prague_1,2432.4300000000003,3.05,1,1,Assumption of the Virgin Mary,Saturday,0
2937,2020/8/16,Prague_1,3638.7400000000002,3.05,1,0,,Sunday,0
2937,2020/8/17,Prague_1,2442.58,3.05,1,0,,Monday,0
2937,2020/8/18,Prague_1,3946.5299999999997,3.05,1,0,,Tuesday,0
2937,2020/8/19,Prague_1,1522.01,3.05,1,0,,Wednesday,0
2937,2020/8/20,Prague_1,3206.21,3.05,1,1,State Foundation Day,Thursday,0
2937,2020/8/21,Prague_1,2914.1,3.05,1,1,Hungary National Day Holiday,Friday,0
2937,2020/8/22,Prague_1,2384.5499999999997,3.05,1,0,,Saturday,0
2937,2020/8/23,Prague_1,2452.3799999999997,3.05,1,0,,Sunday,0
2937,2020/8/24,Prague_1,1296.75,3.05,1,0,,Monday,0
2937,2020/8/25,Prague_1,3255.42,3.05,1,0,,Tuesday,0
2937,2020/8/26,Prague_1,2529.4500000000003,3.05,1,0,,Wednesday,0
2937,2020/8/27,Prague_1,2499.21,3.05,1,0,,Thursday,0
2937,2020/8/28,Prague_1,4359.389999999999,3.05,0.93,0,,Friday,0
2937,2020/8/29,Prague_1,2701.72,3.05,1,0,,Saturday,0
2937,2020/8/30,Prague_1,4622.17,3.05,0.62,0,,Sunday,0
2937,2020/8/31,Prague_1,5047.28,3.05,0.67,0,,Monday,0
2937,2020/9/1,Prague_1,2838.22,3.05,0.92,0,,Tuesday,0
2937,2020/9/2,Prague_1,4188.240000000001,3.05,0.9400000000000001,0,,Wednesday,0
2937,2020/9/3,Prague_1,3953.88,3.05,0.72,0,,Thursday,0
2937,2020/9/4,Prague_1,2831.22,3.05,0.93,0,,Friday,0
2937,2020/9/5,Prague_1,3532.5499999999997,3.05,1,0,,Saturday,0
2937,2020/9/6,Prague_1,3229.24,3.05,1,0,,Sunday,0
2937,2020/9/7,Prague_1,2993.48,3.05,1,0,,Monday,0
2937,2020/9/8,Prague_1,2761.08,3.05,0.58,0,,Tuesday,0
2937,2020/9/9,Prague_1,4054.61,3.05,0.9799999999999999,0,,Wednesday,0
2937,2020/9/10,Prague_1,3629.5699999999997,3.05,1,0,,Thursday,0
2937,2020/9/11,Prague_1,3618.37,3.05,1,0,,Friday,0
2937,2020/9/12,Prague_1,2897.02,3.05,0.72,0,,Saturday,0
2937,2020/9/13,Prague_1,2664.34,3.05,1,0,,Sunday,0
2937,2020/9/14,Prague_1,3697.75,3.05,1,0,,Monday,0
2937,2020/9/15,Prague_1,3734.71,3.05,1,0,,Tuesday,0
2937,2020/9/16,Prague_1,4057.62,3.05,1,0,,Wednesday,0
2937,2020/9/17,Prague_1,2180.15,3.05,1,0,,Thursday,0
2937,2020/9/18,Prague_1,3066.84,3.05,1,0,,Friday,0
2937,2020/9/19,Prague_1,3073.28,3.05,1,0,,Saturday,0
2937,2020/9/20,Prague_1,4304.37,3.05,1,0,,Sunday,0
2937,2020/9/21,Prague_1,3834.39,3.05,1,0,,Monday,0
2937,2020/9/22,Prague_1,3247.86,3.05,1,0,,Tuesday,0
2937,2020/9/23,Prague_1,3082.03,3.05,1,0,,Wednesday,0
2937,2020/9/24,Prague_1,3564.75,3.05,1,0,,Thursday,0
2937,2020/9/25,Prague_1,3922.1699999999996,3.05,1,0,,Friday,0
2937,2020/9/26,Prague_1,5106.849999999999,3.05,1,0,,Saturday,0
2937,2020/9/27,Prague_1,2727.76,3.05,1,0,,Sunday,0
2937,2020/9/28,Prague_1,4984.84,3.05,1,1,Den ceske statnosti,Monday,0
2937,2020/9/29,Prague_1,5067.37,3.05,1,0,,Tuesday,0
2937,2020/9/30,Prague_1,4219.599999999999,3.05,1,0,,Wednesday,0
2937,2020/10/1,Prague_1,2917.6,3.05,1,0,,Thursday,0
2937,2020/10/2,Prague_1,3374.14,3.05,0.3,0,,Friday,0
2937,2020/10/4,Prague_1,3244.99,3.05,0.9799999999999999,0,,Sunday,0
2937,2020/10/5,Prague_1,3449.81,3.05,1,0,,Monday,0
2937,2020/10/6,Prague_1,2161.3199999999997,3.05,1,0,Memorial Day for the Martyrs of Arad,Tuesday,0
2937,2020/10/7,Prague_1,4229.889999999999,3.05,1,0,,Wednesday,0
2937,2020/10/8,Prague_1,5917.59,3.05,0.84,0,,Thursday,0
2937,2020/10/9,Prague_1,3224.27,3.05,0.18,0,,Friday,0
2937,2020/10/10,Prague_1,2989.0699999999997,3.05,0.46,0,,Saturday,0
2937,2020/10/11,Prague_1,4005.89,3.05,1,0,,Sunday,0
2937,2020/10/12,Prague_1,3476.83,3.05,1,0,,Monday,0
2937,2020/10/13,Prague_1,5699.12,3.05,0.71,0,,Tuesday,0
2937,2020/10/14,Prague_1,6373.360000000001,3.05,0.8099999999999999,0,,Wednesday,0
2937,2020/10/15,Prague_1,5590.900000000001,3.05,1,0,,Thursday,0
2937,2020/10/16,Prague_1,2785.51,3.05,1,0,,Friday,0
2937,2020/10/17,Prague_1,2627.94,3.05,1,0,,Saturday,0
2937,2020/10/18,Prague_1,2623.04,3.05,1,0,,Sunday,0
2937,2020/10/19,Prague_1,3503.01,3.05,1,0,,Monday,0
2937,2020/10/20,Prague_1,3215.59,3.05,1,0,,Tuesday,0
2937,2020/10/21,Prague_1,5548.2,3.05,1,0,,Wednesday,0
2937,2020/10/22,Prague_1,5151.02,3.05,1,0,,Thursday,0
2937,2020/10/23,Prague_1,2574.04,3.05,1,1,Memorial day of the 1956 Revolution,Friday,0
2937,2020/10/24,Prague_1,3649.52,3.05,1,0,,Saturday,0
2937,2020/10/25,Prague_1,3383.59,3.05,1,0,,Sunday,0
2937,2020/10/26,Prague_1,4777.22,3.05,1,0,,Monday,0
2937,2020/10/27,Prague_1,4836.44,3.05,1,0,,Tuesday,0
2937,2020/10/28,Prague_1,3925.1800000000003,3.05,1,1,Den vzniku samostatneho ceskoslovenskeho statu,Wednesday,0
2937,2020/10/29,Prague_1,5936.63,3.05,1,0,,Thursday,0
2937,2020/10/30,Prague_1,3936.38,3.05,1,0,,Friday,0
2937,2020/10/31,Prague_1,3690.89,3.05,1,1,Reformation Day,Saturday,0
2937,2020/11/1,Prague_1,3417.89,3.05,1,1,All Saints Day,Sunday,0
2937,2020/11/2,Prague_1,3821.09,3.05,1,0,,Monday,0
2937,2020/11/3,Prague_1,3977.61,3.05,0.27,0,,Tuesday,0
2937,2020/11/4,Prague_1,3669.8199999999997,3.05,1,0,,Wednesday,0
2937,2020/11/5,Prague_1,4204.27,3.05,1,0,,Thursday,0
2937,2020/11/6,Prague_1,4430.16,3.05,1,0,,Friday,0
2937,2020/11/7,Prague_1,3295.67,3.05,0.47000000000000003,0,,Saturday,0
2937,2020/11/8,Prague_1,3068.52,3.05,0.04,0,,Sunday,0
2937,2020/11/10,Prague_1,4793.81,3.05,1,0,,Tuesday,0
2937,2020/11/11,Prague_1,3573.08,3.05,1,0,,Wednesday,0
2937,2020/11/12,Prague_1,3946.5999999999995,3.05,0.78,0,,Thursday,0
2937,2020/11/14,Prague_1,3855.25,3.05,0.57,0,,Saturday,0
2937,2020/11/15,Prague_1,3727.36,3.05,1,0,,Sunday,0
2937,2020/11/16,Prague_1,5884.06,3.05,1,0,,Monday,0
2937,2020/11/17,Prague_1,4444.3,3.05,1,1,Den boje za svobodu a demokracii,Tuesday,0
2937,2020/11/18,Prague_1,4955.37,3.05,1,0,,Wednesday,0
2937,2020/11/19,Prague_1,4728.150000000001,3.05,1,0,,Thursday,0
2937,2020/11/20,Prague_1,7075.88,3.05,0.52,0,,Friday,0
2937,2020/11/21,Prague_1,4797.52,3.05,0.9400000000000001,0,,Saturday,0
2937,2020/11/22,Prague_1,4779.53,3.05,1,0,,Sunday,0
2937,2020/11/23,Prague_1,3743.7400000000002,3.05,1,0,,Monday,0
2937,2020/11/24,Prague_1,3255.6299999999997,3.05,1,0,,Tuesday,0
2937,2020/11/25,Prague_1,2845.36,3.05,1,0,,Wednesday,0
2937,2020/11/26,Prague_1,4574.43,3.05,1,0,,Thursday,0
2937,2020/11/27,Prague_1,4798.990000000001,3.05,1,0,,Friday,0
2937,2020/11/28,Prague_1,2868.8799999999997,3.05,1,0,,Saturday,0
2937,2020/11/29,Prague_1,5325.599999999999,3.05,1,0,,Sunday,0
2937,2020/11/30,Prague_1,3780.0699999999997,3.05,1,0,,Monday,0
2937,2020/12/1,Prague_1,3289.86,3.05,1,0,,Tuesday,0
2937,2020/12/2,Prague_1,3382.26,3.05,1,0,,Wednesday,0
2937,2020/12/3,Prague_1,3742.7599999999998,3.05,1,0,,Thursday,0
2937,2020/12/4,Prague_1,4383.33,3.05,1,0,,Friday,0
2937,2020/12/5,Prague_1,2737,3.05,1,0,,Saturday,0
2937,2020/12/6,Prague_1,3271.24,3.05,1,0,,Sunday,0
2937,2020/12/7,Prague_1,3521.77,3.05,1,0,,Monday,0
2937,2020/12/8,Prague_1,6411.650000000001,3.05,1,0,,Tuesday,0
2937,2020/12/9,Prague_1,3728.48,3.05,1,0,,Wednesday,0
2937,2020/12/10,Prague_1,6351.45,3.05,1,0,,Thursday,0
2937,2020/12/11,Prague_1,5597.62,3.05,1,0,,Friday,0
2937,2020/12/12,Prague_1,4772.04,3.05,1,0,,Saturday,0
2937,2020/12/13,Prague_1,3543.33,3.05,1,0,,Sunday,0
2937,2020/12/14,Prague_1,3619.5600000000004,3.05,1,0,,Monday,0
2937,2020/12/15,Prague_1,4231.990000000001,3.05,1,0,,Tuesday,0
2937,2020/12/16,Prague_1,4107.67,3.05,1,0,,Wednesday,0
2937,2020/12/17,Prague_1,5960.29,3.05,1,0,,Thursday,0
2937,2020/12/18,Prague_1,4400.97,3.05,1,0,,Friday,0
2937,2020/12/19,Prague_1,5599.58,3.05,0.62,0,,Saturday,0
2937,2020/12/20,Prague_1,5026.07,3.05,0.9400000000000001,0,,Sunday,0
2937,2020/12/21,Prague_1,5632.62,3.05,1,0,,Monday,0
2937,2020/12/22,Prague_1,4961.04,3.05,1,0,,Tuesday,0
2937,2020/12/23,Prague_1,2097.9,3.05,1,0,,Wednesday,0
2937,2020/12/24,Prague_1,1436.1899999999998,3.05,1,1,Christmas Eve,Thursday,0
2937,2020/12/25,Prague_1,5661.25,3.05,1,1,1st Christmas Day,Friday,0
2937,2020/12/26,Prague_1,6478.360000000001,3.05,1,1,2nd Christmas Day,Saturday,0
2937,2020/12/27,Prague_1,4422.46,3.05,0.1,0,,Sunday,0
2937,2020/12/28,Prague_1,6059.83,3.05,0.63,0,,Monday,0
2937,2020/12/29,Prague_1,7430.22,3.05,1,0,,Tuesday,0
2937,2020/12/30,Prague_1,8946.14,3.05,0.72,0,,Wednesday,0
2937,2020/12/31,Prague_1,2118.9,3.05,0.8099999999999999,0,,Thursday,0
2937,2021/1/1,Prague_1,4166.82,3.05,1,1,New Years Day,Friday,0
2937,2021/1/2,Prague_1,6325.900000000001,3.05,1,0,,Saturday,0
2937,2021/1/3,Prague_1,8270.92,3.05,0.68,0,,Sunday,0
2937,2021/1/4,Prague_1,7379.33,3.05,0.95,0,,Monday,0
2937,2021/1/5,Prague_1,4259.92,3.05,1,0,,Tuesday,0
2937,2021/1/6,Prague_1,5105.45,3.05,1,1,Epiphany,Wednesday,0
2937,2021/1/7,Prague_1,8233.89,3.05,1,0,,Thursday,0
2937,2021/1/8,Prague_1,7035.490000000001,3.05,1,0,,Friday,0
2937,2021/1/9,Prague_1,4295.13,3.05,1,0,,Saturday,0
2937,2021/1/10,Prague_1,3428.39,3.05,1,0,,Sunday,0
2937,2021/1/11,Prague_1,4279.59,3.05,1,0,,Monday,0
2937,2021/1/12,Prague_1,6797.21,3.05,1,0,,Tuesday,0
2937,2021/1/13,Prague_1,5504.38,3.05,1,0,,Wednesday,0
2937,2021/1/14,Prague_1,4696.509999999999,3.05,1,0,,Thursday,0
2937,2021/1/15,Prague_1,5314.259999999999,3.05,1,0,,Friday,0
2937,2021/1/16,Prague_1,5443.41,3.05,1,0,,Saturday,0
2937,2021/1/17,Prague_1,4829.79,3.05,1,0,,Sunday,0
2937,2021/1/18,Prague_1,4267.83,3.05,1,0,,Monday,0
2937,2021/1/19,Prague_1,5289.69,3.05,1,0,,Tuesday,0
2937,2021/1/20,Prague_1,3432.4500000000003,3.05,0.99,0,,Wednesday,0
2937,2021/1/21,Prague_1,4424.77,3.05,1,0,,Thursday,0
2937,2021/1/22,Prague_1,5113.78,3.05,1,0,,Friday,0
2937,2021/1/23,Prague_1,4276.72,3.05,1,0,,Saturday,0
2937,2021/1/24,Prague_1,4240.740000000001,3.05,1,0,,Sunday,0
2937,2021/1/25,Prague_1,3832.0099999999998,3.05,1,0,,Monday,0
2937,2021/1/26,Prague_1,5061.98,3.05,1,0,,Tuesday,0
2937,2021/1/27,Prague_1,5013.19,3.05,1,0,,Wednesday,0
2937,2021/1/28,Prague_1,5408.06,3.05,1,0,,Thursday,0
2937,2021/1/29,Prague_1,4115.79,3.05,1,0,,Friday,0
2937,2021/1/30,Prague_1,4872.91,3.05,1,0,,Saturday,0
2937,2021/1/31,Prague_1,4153.31,3.05,1,0,,Sunday,0
2937,2021/2/1,Prague_1,4882.92,3.05,1,0,Memorial Day of the Republic,Monday,0
2937,2021/2/2,Prague_1,5747.139999999999,3.05,1,0,,Tuesday,0
2937,2021/2/3,Prague_1,3769.7799999999997,3.05,1,0,,Wednesday,0
2937,2021/2/4,Prague_1,5928.02,3.05,1,0,,Thursday,0
2937,2021/2/5,Prague_1,5794.04,3.05,1,0,,Friday,0
2937,2021/2/6,Prague_1,4447.66,3.05,1,0,,Saturday,0
2937,2021/2/7,Prague_1,6035.82,3.05,1,0,,Sunday,0
2937,2021/2/8,Prague_1,5983.88,3.05,1,0,,Monday,0
2937,2021/2/9,Prague_1,7892.99,3.05,1,0,,Tuesday,0
2937,2021/2/10,Prague_1,8034.879999999999,3.05,1,0,,Wednesday,0
2937,2021/2/11,Prague_1,6777.47,3.05,1,0,,Thursday,0
2937,2021/2/12,Prague_1,7706.089999999999,3.05,1,0,,Friday,0
2937,2021/2/13,Prague_1,3789.59,3.05,1,0,,Saturday,0
2937,2021/2/14,Prague_1,5392.73,3.05,1,0,,Sunday,0
2937,2021/2/15,Prague_1,4201.47,3.05,1,0,,Monday,0
2937,2021/2/16,Prague_1,4665.57,3.05,1,0,,Tuesday,0
2937,2021/2/17,Prague_1,5456.71,3.05,1,0,,Wednesday,0
2937,2021/2/18,Prague_1,4918.900000000001,3.05,1,0,,Thursday,0
2937,2021/2/19,Prague_1,5482.889999999999,3.05,1,0,,Friday,0
2937,2021/2/20,Prague_1,4973.08,3.05,1,0,,Saturday,0
2937,2021/2/21,Prague_1,4373.32,3.05,1,0,,Sunday,0
2937,2021/2/22,Prague_1,6060.04,3.05,1,0,,Monday,0
2937,2021/2/23,Prague_1,6070.19,3.05,1,0,,Tuesday,0
2937,2021/2/24,Prague_1,7868.42,3.05,1,0,,Wednesday,0
2937,2021/2/25,Prague_1,5815.46,3.05,1,0,Memorial Day for the Victims of the Communist Dictatorships,Thursday,0
2937,2021/2/26,Prague_1,5909.889999999999,3.05,1,0,,Friday,0
2937,2021/2/27,Prague_1,6203.610000000001,3.05,1,0,,Saturday,0
2937,2021/2/28,Prague_1,5423.32,3.05,1,0,,Sunday,0
2937,2021/3/1,Prague_1,4581.57,3.05,1,0,,Monday,0
2937,2021/3/2,Prague_1,5125.75,3.05,1,0,,Tuesday,0
2937,2021/3/3,Prague_1,5183.71,3.05,1,0,,Wednesday,0
2937,2021/3/4,Prague_1,5967.29,3.05,1,0,,Thursday,0
2937,2021/3/5,Prague_1,4719.75,3.05,1,0,,Friday,0
2937,2021/3/6,Prague_1,5348.91,3.05,1,0,,Saturday,0
2937,2021/3/7,Prague_1,6216.7,3.05,1,0,,Sunday,0
2937,2021/3/8,Prague_1,7846.860000000001,3.05,1,0,International womens day,Monday,0
2937,2021/3/9,Prague_1,6071.66,3.05,1,0,,Tuesday,0
2937,2021/3/10,Prague_1,6225.52,3.05,1,0,,Wednesday,0
2937,2021/3/11,Prague_1,7032.06,3.05,1,0,,Thursday,0
2937,2021/3/12,Prague_1,5724.53,3.05,1,0,,Friday,0
2937,2021/3/13,Prague_1,4475.31,3.05,1,0,,Saturday,0
2937,2021/3/14,Prague_1,8204.279999999999,3.05,1,0,,Sunday,0
2937,2021/3/15,Prague_1,5589.92,3.05,1,1,Memorial Day for the Victims of the Holocaust,Monday,0
2937,2021/3/16,Prague_1,6408.22,3.05,1,0,,Tuesday,0
2937,2021/3/17,Prague_1,6737.5,3.05,1,0,,Wednesday,0
2937,2021/3/18,Prague_1,7142.31,3.05,1,0,,Thursday,0
2937,2021/3/19,Prague_1,5599.58,3.05,1,0,,Friday,0
2937,2021/3/20,Prague_1,6293.28,3.05,1,0,,Saturday,0
2937,2021/3/21,Prague_1,5091.52,3.05,1,0,,Sunday,0
2937,2021/3/22,Prague_1,6116.88,3.05,1,0,,Monday,0
2937,2021/3/23,Prague_1,7075.95,3.05,1,0,,Tuesday,0
2937,2021/3/24,Prague_1,6239.52,3.05,1,0,,Wednesday,0
2937,2021/3/25,Prague_1,6378.75,3.05,1,0,,Thursday,0
2937,2021/3/26,Prague_1,5993.259999999999,3.05,1,0,,Friday,0
2937,2021/3/27,Prague_1,8175.300000000001,3.05,1,0,,Saturday,0
2937,2021/3/28,Prague_1,4489.45,3.05,1,0,,Sunday,0
2937,2021/3/29,Prague_1,9229.220000000001,3.05,1,0,,Monday,0
2937,2021/3/30,Prague_1,10730.09,3.05,1,0,,Tuesday,0
2937,2021/3/31,Prague_1,12932.85,3.05,1,0,,Wednesday,0
2937,2021/4/1,Prague_1,12325.88,3.05,1,0,,Thursday,0
2937,2021/4/2,Prague_1,7299.74,3.05,1,1,Good Friday,Friday,0
2937,2021/4/3,Prague_1,6075.860000000001,3.05,0.17,1,,Saturday,0
2937,2021/4/4,Prague_1,5932.150000000001,3.05,0.13,1,,Sunday,0
2937,2021/4/5,Prague_1,4994.29,3.05,0.97,1,Easter Monday,Monday,0
2937,2021/4/6,Prague_1,6887.93,3.05,0.35,0,,Tuesday,0
2937,2021/4/7,Prague_1,6571.88,3.05,1,0,,Wednesday,0
2937,2021/4/8,Prague_1,6430.41,3.05,1,0,,Thursday,0
2937,2021/4/9,Prague_1,6372.52,3.05,1,0,,Friday,0
2937,2021/4/10,Prague_1,5809.58,3.05,1,0,,Saturday,0
2937,2021/4/11,Prague_1,4344.48,3.05,1,0,,Sunday,0
2937,2021/4/12,Prague_1,8420.58,3.05,1,0,,Monday,0
2937,2021/4/13,Prague_1,5006.610000000001,3.05,1,0,,Tuesday,0
2937,2021/4/14,Prague_1,6138.16,3.05,1,0,,Wednesday,0
2937,2021/4/15,Prague_1,6306.02,3.05,1,0,,Thursday,0
2937,2021/4/16,Prague_1,6000.19,3.05,1,0,Memorial Day for the Victims of the Holocaust,Friday,0
2937,2021/4/17,Prague_1,5061.84,3.05,1,0,,Saturday,0
2937,2021/4/18,Prague_1,3786.9300000000003,3.05,1,0,,Sunday,0
2937,2021/4/19,Prague_1,4492.599999999999,3.05,1,0,,Monday,0
2937,2021/4/20,Prague_1,6166.509999999999,3.05,1,0,,Tuesday,0
2937,2021/4/21,Prague_1,4875.150000000001,3.05,1,0,,Wednesday,0
2937,2021/4/22,Prague_1,5718.79,3.05,1,0,,Thursday,0
2937,2021/4/23,Prague_1,4686.57,3.05,1,0,,Friday,0
2937,2021/4/24,Prague_1,3925.25,3.05,1,0,,Saturday,0
2937,2021/4/25,Prague_1,5501.44,3.05,1,0,,Sunday,0
2937,2021/4/26,Prague_1,3920.0699999999997,3.05,1,0,,Monday,0
2937,2021/4/27,Prague_1,6002.71,3.05,1,0,,Tuesday,0
2937,2021/4/28,Prague_1,4836.650000000001,3.05,1,0,,Wednesday,0
2937,2021/4/29,Prague_1,6553.96,3.05,1,0,,Thursday,0
2937,2021/4/30,Prague_1,4383.96,3.05,1,0,,Friday,0
2937,2021/5/1,Prague_1,3869.3199999999997,3.05,1,1,Labour Day,Saturday,0
2937,2021/5/2,Prague_1,4766.58,3.05,1,0,,Sunday,0
2937,2021/5/3,Prague_1,4572.96,3.05,1,0,,Monday,0
2937,2021/5/4,Prague_1,4538.8,3.05,1,0,,Tuesday,0
2937,2021/5/5,Prague_1,5324.97,3.05,1,0,,Wednesday,0
2937,2021/5/6,Prague_1,5159.84,3.05,1,0,,Thursday,0
2937,2021/5/7,Prague_1,6545.84,3.05,1,0,,Friday,0
2937,2021/5/8,Prague_1,6308.889999999999,3.05,1,1,Den osvobozeni,Saturday,0
2937,2021/5/9,Prague_1,4540.55,3.05,1,0,,Sunday,0
2937,2021/5/10,Prague_1,5342.82,3.05,1,0,,Monday,0
2937,2021/5/11,Prague_1,6737.08,3.05,1,0,,Tuesday,0
2937,2021/5/12,Prague_1,5009.900000000001,3.05,1,0,,Wednesday,0
2937,2021/5/13,Prague_1,7118.93,3.05,0.46,1,Ascension day,Thursday,0
2937,2021/5/14,Prague_1,5428.360000000001,3.05,0.79,0,,Friday,0
2937,2021/5/15,Prague_1,3694.9500000000003,3.05,1,0,,Saturday,0
2937,2021/5/16,Prague_1,4791.92,3.05,1,0,,Sunday,0
2937,2021/5/17,Prague_1,5168.94,3.05,1,0,,Monday,0
2937,2021/5/18,Prague_1,4928.84,3.05,1,0,,Tuesday,0
2937,2021/5/19,Prague_1,4028.5,3.05,1,0,,Wednesday,0
2937,2021/5/20,Prague_1,4247.04,3.05,1,0,,Thursday,0
2937,2021/5/21,Prague_1,5474.84,3.05,1,0,National Defense Day,Friday,0
2937,2021/5/22,Prague_1,4942.490000000001,3.05,1,0,,Saturday,0
2937,2021/5/23,Prague_1,4237.66,3.05,1,1,Whit sunday,Sunday,0
2937,2021/5/24,Prague_1,4129.93,3.05,1,1,Whit monday,Monday,0
2937,2021/5/25,Prague_1,6375.88,3.05,1,0,,Tuesday,0
2937,2021/5/26,Prague_1,5063.03,3.05,1,0,,Wednesday,0
2937,2021/5/27,Prague_1,5198.97,3.05,1,0,,Thursday,0
2937,2021/5/28,Prague_1,5124.28,3.05,1,0,,Friday,0
2937,2021/5/29,Prague_1,4229.96,3.05,1,0,,Saturday,0
2937,2021/5/30,Prague_1,3834.25,3.05,1,0,,Sunday,0
2937,2021/5/31,Prague_1,4413.78,3.05,1,0,,Monday,0
2937,2021/6/1,Prague_1,4804.52,3.05,1,0,,Tuesday,0
2937,2021/6/2,Prague_1,5491.639999999999,3.05,1,0,,Wednesday,0
2937,2021/6/3,Prague_1,5874.05,3.05,1,1,Corpus Christi,Thursday,0
2937,2021/6/4,Prague_1,5000.66,3.05,1,0,Day of National Unity,Friday,0
2937,2021/6/5,Prague_1,4324.32,3.05,1,0,,Saturday,0
2937,2021/6/6,Prague_1,4379.900000000001,3.05,1,0,,Sunday,0
2937,2021/6/7,Prague_1,4351.48,3.05,1,0,,Monday,0
2937,2021/6/8,Prague_1,4892.37,3.05,1,0,,Tuesday,0
2937,2021/6/9,Prague_1,5822.04,3.05,1,0,,Wednesday,0
2937,2021/6/10,Prague_1,5349.889999999999,3.05,1,0,,Thursday,0
2937,2021/6/11,Prague_1,4571.77,3.05,1,0,,Friday,0
2937,2021/6/12,Prague_1,4267.900000000001,3.05,1,0,,Saturday,0
2937,2021/6/13,Prague_1,5541.41,3.05,1,0,,Sunday,0
2937,2021/6/14,Prague_1,4517.240000000001,3.05,1,0,,Monday,0
2937,2021/6/15,Prague_1,6472.97,3.05,1,0,,Tuesday,0
2937,2021/6/16,Prague_1,3589.25,3.05,1,0,,Wednesday,0
2937,2021/6/17,Prague_1,6222.79,3.05,1,0,,Thursday,0
2937,2021/6/18,Prague_1,4757.83,3.05,1,0,,Friday,0
2937,2021/6/19,Prague_1,3770.5499999999997,3.05,1,0,Independent Hungary Day,Saturday,0
2937,2021/6/20,Prague_1,4652.55,3.05,1,0,,Sunday,0
2937,2021/6/21,Prague_1,4745.09,3.05,1,0,,Monday,0
2937,2021/6/22,Prague_1,5890.08,3.05,1,0,,Tuesday,0
2937,2021/6/23,Prague_1,4305.490000000001,3.05,1,0,,Wednesday,0
2937,2021/6/24,Prague_1,5803.63,3.05,1,0,,Thursday,0
2937,2021/6/25,Prague_1,4462.360000000001,3.05,1,0,,Friday,0
2937,2021/6/26,Prague_1,3615.1500000000005,3.05,1,0,,Saturday,0
2937,2021/6/27,Prague_1,4910.29,3.05,1,0,,Sunday,0
2937,2021/6/28,Prague_1,5231.94,3.05,1,0,,Monday,0
2937,2021/6/29,Prague_1,3912.16,3.05,1,0,,Tuesday,0
2937,2021/6/30,Prague_1,4742.150000000001,3.05,1,0,,Wednesday,0
2937,2021/7/1,Prague_1,4190.13,3.05,1,0,,Thursday,0
2937,2021/7/2,Prague_1,5219.48,3.05,1,0,,Friday,0
2937,2021/7/3,Prague_1,4802.7,3.05,1,0,,Saturday,0
2937,2021/7/4,Prague_1,3553.69,3.05,1,0,,Sunday,0
2937,2021/7/5,Prague_1,6677.16,3.05,1,1,Cyrila a Metodej,Monday,0
2937,2021/7/6,Prague_1,3912.79,3.05,1,1,Jan Hus,Tuesday,0
2937,2021/7/7,Prague_1,4465.93,3.05,1,0,,Wednesday,0
2937,2021/7/8,Prague_1,4894.12,3.05,1,0,,Thursday,0
2937,2021/7/9,Prague_1,4478.67,3.05,1,0,,Friday,0
2937,2021/7/10,Prague_1,4910.71,3.05,1,0,,Saturday,0
2937,2021/7/11,Prague_1,5296.759999999999,3.05,1,0,,Sunday,0
2937,2021/7/12,Prague_1,5218.360000000001,3.05,1,0,,Monday,0
2937,2021/7/13,Prague_1,4115.650000000001,3.05,1,0,,Tuesday,0
2937,2021/7/14,Prague_1,4386.06,3.05,1,0,,Wednesday,0
2937,2021/7/15,Prague_1,5471.62,3.05,1,0,,Thursday,0
2937,2021/7/16,Prague_1,4954.25,3.05,1,0,,Friday,0
2937,2021/7/17,Prague_1,5307.68,3.05,1,0,,Saturday,0
2937,2021/7/18,Prague_1,4772.389999999999,3.05,1,0,,Sunday,0
2937,2021/7/19,Prague_1,3823.54,3.05,1,0,,Monday,0
2937,2021/7/20,Prague_1,4708.2,3.05,1,0,,Tuesday,0
2937,2021/7/21,Prague_1,6165.599999999999,3.05,1,0,,Wednesday,0
2937,2021/7/22,Prague_1,4649.889999999999,3.05,1,0,,Thursday,0
2937,2021/7/23,Prague_1,4923.03,3.05,0.82,0,,Friday,0
2937,2021/7/24,Prague_1,3230.85,3.05,1,0,,Saturday,0
2937,2021/7/25,Prague_1,6800.150000000001,3.05,1,0,,Sunday,0
2937,2021/7/26,Prague_1,4496.66,3.05,1,0,,Monday,0
2937,2021/7/27,Prague_1,4741.240000000001,3.05,1,0,,Tuesday,0
2937,2021/7/28,Prague_1,4810.12,3.05,1,0,,Wednesday,0
2937,2021/7/29,Prague_1,4183.97,3.05,1,0,,Thursday,0
2937,2021/7/30,Prague_1,5272.259999999999,3.05,1,0,,Friday,0
2937,2021/7/31,Prague_1,4822.3,3.05,1,0,,Saturday,0
2937,2021/8/1,Prague_1,5099.009999999999,3.05,1,0,,Sunday,0
2937,2021/8/2,Prague_1,4848.41,3.05,1,0,,Monday,0
2937,2021/8/3,Prague_1,4250.19,3.05,1,0,,Tuesday,0
2937,2021/8/4,Prague_1,5066.389999999999,3.05,1,0,,Wednesday,0
2937,2021/8/5,Prague_1,5337.71,3.05,1,0,,Thursday,0
2937,2021/8/6,Prague_1,3917.13,3.05,1,0,,Friday,0
2937,2021/8/7,Prague_1,5489.400000000001,3.05,1,0,,Saturday,0
2937,2021/8/8,Prague_1,3143,3.05,1,1,Peace Festival in Augsburg,Sunday,0
2937,2021/8/9,Prague_1,4466.63,3.05,1,0,,Monday,0
2937,2021/8/10,Prague_1,3779.7200000000003,3.05,1,0,,Tuesday,0
2937,2021/8/11,Prague_1,4122.93,3.05,1,0,,Wednesday,0
2937,2021/8/12,Prague_1,5083.259999999999,3.05,1,0,,Thursday,0
2937,2021/8/13,Prague_1,4366.110000000001,3.05,1,0,,Friday,0
2937,2021/8/14,Prague_1,5560.03,3.05,1,0,,Saturday,0
2937,2021/8/15,Prague_1,5122.67,3.05,1,1,Assumption of the Virgin Mary,Sunday,0
2937,2021/8/16,Prague_1,6077.54,3.05,1,0,,Monday,0
2937,2021/8/17,Prague_1,3889.41,3.05,1,0,,Tuesday,0
2937,2021/8/18,Prague_1,4485.81,3.05,1,0,,Wednesday,0
2937,2021/8/19,Prague_1,5161.38,3.05,1,0,,Thursday,0
2937,2021/8/20,Prague_1,5325.67,3.05,1,1,State Foundation Day,Friday,0
2937,2021/8/21,Prague_1,5411.84,3.05,1,0,,Saturday,0
2937,2021/8/22,Prague_1,5929.7,3.05,1,0,,Sunday,0
2937,2021/8/23,Prague_1,5075.139999999999,3.05,1,0,,Monday,0
2937,2021/8/24,Prague_1,6093.57,3.05,1,0,,Tuesday,0
2937,2021/8/25,Prague_1,4647.58,3.05,1,0,,Wednesday,0
2937,2021/8/26,Prague_1,5263.72,3.05,1,0,,Thursday,0
2937,2021/8/27,Prague_1,5069.82,3.05,1,0,,Friday,0
2937,2021/8/28,Prague_1,7442.47,3.05,1,0,,Saturday,0
2937,2021/8/29,Prague_1,6984.32,3.05,1,0,,Sunday,0
2937,2021/8/30,Prague_1,6085.45,3.05,1,0,,Monday,0
2937,2021/8/31,Prague_1,9343.25,3.05,1,0,,Tuesday,0
2937,2021/9/1,Prague_1,5100.48,3.05,1,0,,Wednesday,0
2937,2021/9/2,Prague_1,6420.33,3.05,1,0,,Thursday,0
2937,2021/9/3,Prague_1,5001.150000000001,3.05,1,0,,Friday,0
2937,2021/9/4,Prague_1,4901.400000000001,3.05,1,0,,Saturday,0
2937,2021/9/5,Prague_1,6797.98,3.05,1,0,,Sunday,0
2937,2021/9/6,Prague_1,4842.25,3.05,1,0,,Monday,0
2937,2021/9/7,Prague_1,6005.16,3.05,1,0,,Tuesday,0
2937,2021/9/8,Prague_1,6337.73,3.05,1,0,,Wednesday,0
2937,2021/9/9,Prague_1,3936.4500000000003,3.05,1,0,,Thursday,0
2937,2021/9/10,Prague_1,6794.69,3.05,1,0,,Friday,0
2937,2021/9/11,Prague_1,5927.25,3.05,1,0,,Saturday,0
2937,2021/9/12,Prague_1,5652.08,3.05,1,0,,Sunday,0
2937,2021/9/13,Prague_1,4433.31,3.05,1,0,,Monday,0
2937,2021/9/14,Prague_1,4691.75,3.05,1,0,,Tuesday,0
2937,2021/9/15,Prague_1,5022.990000000001,3.05,1,0,,Wednesday,0
2937,2021/9/16,Prague_1,6035.47,3.05,1,0,,Thursday,0
2937,2021/9/17,Prague_1,8738.029999999999,3.05,1,0,,Friday,0
2937,2021/9/18,Prague_1,5768.98,3.05,1,0,,Saturday,0
2937,2021/9/19,Prague_1,6457.92,3.05,1,0,,Sunday,0
2937,2021/9/20,Prague_1,7407.26,3.05,1,0,,Monday,0
2937,2021/9/21,Prague_1,6198.22,3.05,1,0,,Tuesday,0
2937,2021/9/22,Prague_1,5303.06,3.05,1,0,,Wednesday,0
2937,2021/9/23,Prague_1,6527.57,3.05,1,0,,Thursday,0
2937,2021/9/24,Prague_1,6064.94,3.05,1,0,,Friday,0
2937,2021/9/25,Prague_1,5367.25,3.05,1,0,,Saturday,0
2937,2021/9/26,Prague_1,5788.509999999999,3.05,1,0,,Sunday,0
2937,2021/9/27,Prague_1,11441.99,3.05,1,0,,Monday,0
2937,2021/9/28,Prague_1,8757.91,3.05,1,1,Den ceske statnosti,Tuesday,0
2937,2021/9/29,Prague_1,6432.02,3.05,1,0,,Wednesday,0
2937,2021/9/30,Prague_1,7590.5199999999995,3.05,1,0,,Thursday,0
2937,2021/10/1,Prague_1,6505.240000000001,3.05,1,0,,Friday,0
2937,2021/10/2,Prague_1,5520.2,3.05,1,0,,Saturday,0
2937,2021/10/3,Prague_1,5664.33,3.05,1,1,German Unity Day,Sunday,0
2937,2021/10/4,Prague_1,6849.009999999999,3.05,1,0,,Monday,0
2937,2021/10/5,Prague_1,5455.17,3.05,1,0,,Tuesday,0
2937,2021/10/6,Prague_1,6024.06,3.05,1,0,Memorial Day for the Martyrs of Arad,Wednesday,0
2937,2021/10/7,Prague_1,7020.650000000001,3.05,1,0,,Thursday,0
2937,2021/10/8,Prague_1,6334.23,3.05,1,0,,Friday,0
2937,2021/10/9,Prague_1,6263.04,3.05,1,0,,Saturday,0
2937,2021/10/10,Prague_1,5671.47,3.05,1,0,,Sunday,0
2937,2021/10/11,Prague_1,7303.7300000000005,3.05,1,0,,Monday,0
2937,2021/10/12,Prague_1,6698.16,3.05,1,0,,Tuesday,0
2937,2021/10/13,Prague_1,7138.740000000001,3.05,1,0,,Wednesday,0
2937,2021/10/14,Prague_1,8428.91,3.05,1,0,,Thursday,0
2937,2021/10/15,Prague_1,7723.3099999999995,3.05,1,0,,Friday,0
2937,2021/10/16,Prague_1,6925.59,3.05,1,0,,Saturday,0
2937,2021/10/17,Prague_1,7862.610000000001,3.05,1,0,,Sunday,0
2937,2021/10/18,Prague_1,6607.09,3.05,1,0,,Monday,0
2937,2021/10/19,Prague_1,7530.8099999999995,3.05,1,0,,Tuesday,0
2937,2021/10/20,Prague_1,7184.449999999999,3.05,1,0,,Wednesday,0
2937,2021/10/21,Prague_1,6026.58,3.05,1,0,,Thursday,0
2937,2021/10/22,Prague_1,7081.97,3.05,1,0,,Friday,0
2937,2021/10/23,Prague_1,7956.0599999999995,3.05,1,1,Memorial day of the 1956 Revolution,Saturday,0
2937,2021/10/24,Prague_1,6836.48,3.05,1,0,,Sunday,0
2937,2021/10/25,Prague_1,7466.199999999999,3.05,1,0,,Monday,0
2937,2021/10/26,Prague_1,5820.360000000001,3.05,1,0,,Tuesday,0
2937,2021/10/27,Prague_1,12200.65,3.05,1,0,,Wednesday,0
2937,2021/10/28,Prague_1,7021.21,3.05,1,1,Den vzniku samostatneho ceskoslovenskeho statu,Thursday,0
2937,2021/10/29,Prague_1,6458.27,3.05,0.97,0,,Friday,0
2937,2021/10/30,Prague_1,6953.03,3.05,0.89,0,,Saturday,0
2937,2021/10/31,Prague_1,7834.050000000001,3.05,1,1,Reformation Day,Sunday,0
2937,2021/11/1,Prague_1,6636.63,3.05,1,1,All Saints Day,Monday,0
2937,2021/11/2,Prague_1,7690.550000000001,3.05,1,0,,Tuesday,0
2937,2021/11/3,Prague_1,8472.94,3.05,1,0,,Wednesday,0
2937,2021/11/4,Prague_1,5677.91,3.05,1,0,,Thursday,0
2937,2021/11/5,Prague_1,8151.99,3.05,1,0,,Friday,0
2937,2021/11/6,Prague_1,6859.16,3.05,1,0,,Saturday,0
2937,2021/11/7,Prague_1,6872.740000000001,3.05,1,0,,Sunday,0
2937,2021/11/8,Prague_1,7472.71,3.05,1,0,,Monday,0
2937,2021/11/9,Prague_1,6517.84,3.05,1,0,,Tuesday,0
2937,2021/11/10,Prague_1,7959.21,3.05,1,0,,Wednesday,0
2937,2021/11/11,Prague_1,6688.92,3.5100000000000002,1,0,,Thursday,0
2937,2021/11/12,Prague_1,7504.07,3.5100000000000002,1,0,,Friday,0
2937,2021/11/13,Prague_1,6460.37,3.5100000000000002,1,0,,Saturday,0
2937,2021/11/14,Prague_1,6167.42,3.5100000000000002,1,0,,Sunday,0
2937,2021/11/15,Prague_1,6767.04,3.5100000000000002,1,0,,Monday,0
2937,2021/11/16,Prague_1,6437.83,3.5100000000000002,1,0,,Tuesday,0
2937,2021/11/17,Prague_1,5622.82,3.5100000000000002,1,1,Den boje za svobodu a demokracii,Wednesday,0
2937,2021/11/18,Prague_1,6675.62,3.5100000000000002,1,0,,Thursday,0
2937,2021/11/19,Prague_1,7541.660000000001,3.5100000000000002,1,0,,Friday,0
2937,2021/11/20,Prague_1,6090.490000000001,3.5100000000000002,1,0,,Saturday,0
2937,2021/11/21,Prague_1,6219.639999999999,3.5100000000000002,1,0,,Sunday,0
2937,2021/11/22,Prague_1,7910.839999999999,3.5100000000000002,1,0,,Monday,0
2937,2021/11/23,Prague_1,6718.18,3.5100000000000002,1,0,,Tuesday,0
2937,2021/11/24,Prague_1,6889.610000000001,3.5100000000000002,1,0,,Wednesday,0
2937,2021/11/25,Prague_1,6929.23,3.5100000000000002,1,0,,Thursday,0
2937,2021/11/26,Prague_1,8049.160000000001,3.5100000000000002,1,0,,Friday,0
2937,2021/11/27,Prague_1,7120.400000000001,3.5100000000000002,1,0,,Saturday,0
2937,2021/11/28,Prague_1,5540.08,3.5100000000000002,1,0,,Sunday,0
2937,2021/11/29,Prague_1,6607.860000000001,3.5100000000000002,1,0,,Monday,0
2937,2021/11/30,Prague_1,6347.95,3.5100000000000002,1,0,,Tuesday,0
2937,2021/12/1,Prague_1,6347.81,3.5100000000000002,1,0,,Wednesday,0
2937,2021/12/2,Prague_1,6390.58,3.5100000000000002,1,0,,Thursday,0
2937,2021/12/3,Prague_1,7283.849999999999,3.5100000000000002,1,0,,Friday,0
2937,2021/12/4,Prague_1,5904.57,3.5100000000000002,1,0,,Saturday,0
2937,2021/12/5,Prague_1,5432.7,3.5100000000000002,1,0,,Sunday,0
2937,2021/12/6,Prague_1,5177.62,3.5100000000000002,1,0,,Monday,0
2937,2021/12/7,Prague_1,5064.990000000001,3.5100000000000002,1,0,,Tuesday,0
2937,2021/12/8,Prague_1,6104.84,3.5100000000000002,1,0,,Wednesday,0
2937,2021/12/9,Prague_1,7287.21,3.5100000000000002,1,0,,Thursday,0
2937,2021/12/10,Prague_1,7126.91,3.5100000000000002,1,0,,Friday,0
2937,2021/12/11,Prague_1,6551.3,3.5100000000000002,1,0,,Saturday,0
2937,2021/12/12,Prague_1,5220.740000000001,3.5100000000000002,1,0,,Sunday,0
2937,2021/12/13,Prague_1,5209.54,3.5100000000000002,1,0,,Monday,0
2937,2021/12/14,Prague_1,6013.07,3.5100000000000002,1,0,,Tuesday,0
2937,2021/12/15,Prague_1,7617.400000000001,3.5100000000000002,1,0,,Wednesday,0
2937,2021/12/16,Prague_1,6579.16,3.5100000000000002,1,0,,Thursday,0
2937,2021/12/17,Prague_1,5170.97,3.5100000000000002,1,0,,Friday,0
2937,2021/12/18,Prague_1,6125.21,3.5100000000000002,1,0,,Saturday,0
2937,2021/12/19,Prague_1,6808.900000000001,3.5100000000000002,1,0,,Sunday,0
2937,2021/12/20,Prague_1,5475.33,3.5100000000000002,1,0,,Monday,0
2937,2021/12/21,Prague_1,7796.53,3.5100000000000002,1,0,,Tuesday,0
2937,2021/12/22,Prague_1,4972.94,3.5100000000000002,1,0,,Wednesday,0
2937,2021/12/23,Prague_1,2652.02,3.5100000000000002,1,0,,Thursday,0
2937,2021/12/24,Prague_1,914.8299999999999,3.5100000000000002,1,1,Christmas Eve,Friday,0
2937,2021/12/25,Prague_1,4599.21,3.5100000000000002,1,1,1st Christmas Day,Saturday,0
2937,2021/12/26,Prague_1,5390.56,3.5100000000000002,1,1,2nd Christmas Day,Sunday,0
2937,2021/12/27,Prague_1,5545.259999999999,3.5100000000000002,1,0,,Monday,0
2937,2021/12/28,Prague_1,6144.53,3.5100000000000002,1,0,,Tuesday,0
2937,2021/12/29,Prague_1,8261.26,3.5100000000000002,0.99,0,,Wednesday,0
2937,2021/12/30,Prague_1,5739.16,3.5100000000000002,1,0,,Thursday,0
2937,2021/12/31,Prague_1,3399.1299999999997,3.5100000000000002,1,0,,Friday,0
2937,2022/1/1,Prague_1,5920.740000000001,3.5100000000000002,1,1,New Years Day,Saturday,0
2937,2022/1/2,Prague_1,6370.139999999999,3.5100000000000002,0.96,0,,Sunday,0
2937,2022/1/3,Prague_1,6034.84,3.5100000000000002,0.41,0,,Monday,0
2937,2022/1/4,Prague_1,7350.28,3.5100000000000002,1,0,,Tuesday,0
2937,2022/1/5,Prague_1,6706.139999999999,3.5100000000000002,1,0,,Wednesday,0
2937,2022/1/6,Prague_1,7085.75,3.5100000000000002,1,1,Epiphany,Thursday,0
2937,2022/1/7,Prague_1,7480.620000000001,3.5100000000000002,1,0,,Friday,0
2937,2022/1/8,Prague_1,8784.86,3.5100000000000002,1,0,,Saturday,0
2937,2022/1/9,Prague_1,5098.03,3.5100000000000002,1,0,,Sunday,0
2937,2022/1/10,Prague_1,6362.509999999999,3.5100000000000002,1,0,,Monday,0
2937,2022/1/11,Prague_1,6330.8,3.5100000000000002,1,0,,Tuesday,0
2937,2022/1/12,Prague_1,6638.87,3.5100000000000002,1,0,,Wednesday,0
2937,2022/1/13,Prague_1,5742.240000000001,3.5100000000000002,1,0,,Thursday,0
2937,2022/1/14,Prague_1,9389.87,3.5100000000000002,1,0,,Friday,0
2937,2022/1/15,Prague_1,7463.33,3.5100000000000002,1,0,,Saturday,0
2937,2022/1/16,Prague_1,6685.21,3.5100000000000002,1,0,,Sunday,0
2937,2022/1/17,Prague_1,6852.650000000001,3.5100000000000002,1,0,,Monday,0
2937,2022/1/18,Prague_1,5428.78,3.5100000000000002,1,0,,Tuesday,0
2937,2022/1/19,Prague_1,8799.14,3.5100000000000002,1,0,,Wednesday,0
2937,2022/1/20,Prague_1,6644.68,3.5100000000000002,1,0,,Thursday,0
2937,2022/1/21,Prague_1,9179.800000000001,3.5100000000000002,1,0,,Friday,0
2937,2022/1/22,Prague_1,6752.62,3.5100000000000002,1,0,,Saturday,0
2937,2022/1/23,Prague_1,5510.68,3.5100000000000002,1,0,,Sunday,0
2937,2022/1/24,Prague_1,7532.910000000001,3.5100000000000002,1,0,,Monday,0
2937,2022/1/25,Prague_1,9740.29,3.5100000000000002,1,0,,Tuesday,0
2937,2022/1/26,Prague_1,8748.67,3.5100000000000002,1,0,,Wednesday,0
2937,2022/1/27,Prague_1,7224.139999999999,3.5100000000000002,1,0,,Thursday,0
2937,2022/1/28,Prague_1,9709.49,3.5100000000000002,1,0,,Friday,0
2937,2022/1/29,Prague_1,6741.77,3.5100000000000002,1,0,,Saturday,0
2937,2022/1/30,Prague_1,10057.81,3.5100000000000002,1,0,,Sunday,0
2937,2022/1/31,Prague_1,6866.650000000001,3.5100000000000002,1,0,,Monday,0
2937,2022/2/1,Prague_1,7781.620000000001,3.5100000000000002,1,0,Memorial Day of the Republic,Tuesday,0
2937,2022/2/2,Prague_1,8081.01,3.5100000000000002,1,0,,Wednesday,0
2937,2022/2/3,Prague_1,7865.0599999999995,3.5100000000000002,1,0,,Thursday,0
2937,2022/2/4,Prague_1,5956.16,3.5100000000000002,1,0,,Friday,0
2937,2022/2/5,Prague_1,4866.68,3.5100000000000002,1,0,,Saturday,0
2937,2022/2/6,Prague_1,6701.17,3.5100000000000002,1,0,,Sunday,0
2937,2022/2/7,Prague_1,6712.09,3.5100000000000002,1,0,,Monday,0
2937,2022/2/8,Prague_1,6568.73,3.5100000000000002,1,0,,Tuesday,0
2937,2022/2/9,Prague_1,6842.009999999999,3.5100000000000002,1,0,,Wednesday,0
2937,2022/2/10,Prague_1,6308.610000000001,3.5100000000000002,1,0,,Thursday,0
2937,2022/2/11,Prague_1,8699.46,3.5100000000000002,1,0,,Friday,0
2937,2022/2/12,Prague_1,6837.81,3.5100000000000002,1,0,,Saturday,0
2937,2022/2/13,Prague_1,6543.389999999999,3.5100000000000002,1,0,,Sunday,0
2937,2022/2/14,Prague_1,5666.78,3.5100000000000002,1,0,,Monday,0
2937,2022/2/15,Prague_1,5561.150000000001,3.5100000000000002,1,0,,Tuesday,0
2937,2022/2/16,Prague_1,5975.06,3.5100000000000002,1,0,,Wednesday,0
2937,2022/2/17,Prague_1,8743.14,3.5100000000000002,1,0,,Thursday,0
2937,2022/2/18,Prague_1,7688.449999999999,3.5100000000000002,1,0,,Friday,0
2937,2022/2/19,Prague_1,7289.379999999999,3.5100000000000002,1,0,,Saturday,0
2937,2022/2/20,Prague_1,4960.06,3.5100000000000002,1,0,,Sunday,0
2937,2022/2/21,Prague_1,5735.8,3.5100000000000002,1,0,,Monday,0
2937,2022/2/22,Prague_1,5919.97,3.5100000000000002,1,0,,Tuesday,0
2937,2022/2/23,Prague_1,6396.81,3.5100000000000002,1,0,,Wednesday,0
2937,2022/2/24,Prague_1,6449.94,3.5100000000000002,1,0,,Thursday,0
2937,2022/2/25,Prague_1,6235.110000000001,3.5100000000000002,1,0,Memorial Day for the Victims of the Communist Dictatorships,Friday,0
2937,2022/2/26,Prague_1,6060.18,3.5100000000000002,1,0,,Saturday,0
2937,2022/2/27,Prague_1,6206.41,3.5100000000000002,1,0,,Sunday,0
2937,2022/2/28,Prague_1,5956.79,3.5100000000000002,1,0,,Monday,0
2937,2022/3/1,Prague_1,5664.96,3.5100000000000002,1,0,,Tuesday,0
2937,2022/3/2,Prague_1,5554.150000000001,3.5100000000000002,1,0,,Wednesday,0
2937,2022/3/3,Prague_1,6723.009999999999,3.5100000000000002,1,0,,Thursday,0
2937,2022/3/4,Prague_1,7185.92,3.5100000000000002,1,0,,Friday,0
2937,2022/3/5,Prague_1,10520.300000000001,3.5100000000000002,1,0,,Saturday,0
2937,2022/3/6,Prague_1,7090.650000000001,3.5100000000000002,1,0,,Sunday,0
2937,2022/3/7,Prague_1,7494.97,3.5100000000000002,1,0,,Monday,0
2937,2022/3/8,Prague_1,6019.93,3.5100000000000002,1,0,International womens day,Tuesday,0
2937,2022/3/9,Prague_1,5812.66,3.5100000000000002,1,0,,Wednesday,0
2937,2022/3/10,Prague_1,7462.7699999999995,3.5100000000000002,1,0,,Thursday,0
2937,2022/3/11,Prague_1,6557.389999999999,3.5100000000000002,1,0,,Friday,0
2937,2022/3/12,Prague_1,6430.62,3.5100000000000002,1,0,,Saturday,0
2937,2022/3/13,Prague_1,9197.019999999999,3.5100000000000002,1,0,,Sunday,0
2937,2022/3/14,Prague_1,6903.47,3.5100000000000002,1,1,1848 Revolution Memorial Day (Extra holiday),Monday,0
2937,2022/3/15,Prague_1,5755.47,3.5100000000000002,1,1,Memorial Day for the Victims of the Holocaust,Tuesday,0
2937,2022/3/16,Prague_1,5721.099999999999,3.5100000000000002,1,0,,Wednesday,0
2937,2022/3/17,Prague_1,7698.949999999999,3.5100000000000002,1,0,,Thursday,0
2937,2022/3/18,Prague_1,7949.410000000001,3.5100000000000002,1,0,,Friday,0
2937,2022/3/19,Prague_1,4871.72,3.5100000000000002,1,0,,Saturday,0
2937,2022/3/20,Prague_1,8651.86,3.5100000000000002,1,0,,Sunday,0
2937,2022/3/21,Prague_1,6878.13,3.5100000000000002,1,0,,Monday,0
2937,2022/3/22,Prague_1,6387.57,3.5100000000000002,1,0,,Tuesday,0
2937,2022/3/23,Prague_1,6066.06,3.5100000000000002,1,0,,Wednesday,0
2937,2022/3/24,Prague_1,8279.6,3.5100000000000002,1,0,,Thursday,0
2937,2022/3/25,Prague_1,7289.660000000001,3.5100000000000002,1,0,,Friday,0
2937,2022/3/26,Prague_1,7075.25,3.5100000000000002,1,0,,Saturday,0
2937,2022/3/27,Prague_1,7025.34,3.5100000000000002,1,0,,Sunday,0
2937,2022/3/28,Prague_1,7555.099999999999,3.5100000000000002,0.83,0,,Monday,0
2937,2022/3/29,Prague_1,6684.650000000001,3.5100000000000002,1,0,,Tuesday,0
2937,2022/3/30,Prague_1,8682.38,3.5100000000000002,1,0,,Wednesday,0
2937,2022/3/31,Prague_1,7342.089999999999,3.5100000000000002,1,0,,Thursday,0
2937,2022/4/1,Prague_1,7756.139999999999,3.5100000000000002,1,0,,Friday,0
2937,2022/4/2,Prague_1,7542.22,3.5100000000000002,1,0,,Saturday,0
2937,2022/4/3,Prague_1,7133.91,3.5100000000000002,1,0,,Sunday,0
2937,2022/4/4,Prague_1,6724.759999999999,3.5100000000000002,1,0,,Monday,0
2937,2022/4/5,Prague_1,7486.57,3.5100000000000002,1,0,,Tuesday,0
2937,2022/4/6,Prague_1,9150.12,3.5100000000000002,1,0,,Wednesday,0
2937,2022/4/7,Prague_1,7713.2300000000005,3.5100000000000002,1,0,,Thursday,0
2937,2022/4/8,Prague_1,9671.76,3.5100000000000002,1,0,,Friday,0
2937,2022/4/9,Prague_1,6643.349999999999,3.5100000000000002,1,0,,Saturday,0
2937,2022/4/10,Prague_1,5648.79,3.5100000000000002,1,0,,Sunday,0
2937,2022/4/11,Prague_1,7579.389999999999,3.5100000000000002,1,0,,Monday,0
2937,2022/4/12,Prague_1,8375.779999999999,3.5100000000000002,1,0,,Tuesday,0
2937,2022/4/13,Prague_1,8536.36,3.5100000000000002,1,0,,Wednesday,0
2937,2022/4/14,Prague_1,12202.82,3.5100000000000002,1,0,,Thursday,0
2937,2022/4/15,Prague_1,11388.16,3.5100000000000002,1,1,Good Friday,Friday,0
2937,2022/4/16,Prague_1,10324.79,3.5100000000000002,1,1,Memorial Day for the Victims of the Holocaust,Saturday,0
2937,2022/4/17,Prague_1,9016.07,3.5100000000000002,1,1,,Sunday,0
2937,2022/4/18,Prague_1,7325.01,3.5100000000000002,0.21,1,Easter Monday,Monday,0
2937,2022/4/19,Prague_1,8184.610000000001,3.5100000000000002,0.95,0,,Tuesday,0
2937,2022/4/20,Prague_1,6339.97,3.5100000000000002,1,0,,Wednesday,0
2937,2022/4/21,Prague_1,6742.610000000001,3.5100000000000002,1,0,,Thursday,0
2937,2022/4/22,Prague_1,8824.9,3.5100000000000002,1,0,,Friday,0
2937,2022/4/23,Prague_1,6766.759999999999,3.5100000000000002,1,0,,Saturday,0
2937,2022/4/24,Prague_1,7028.7,3.5100000000000002,1,0,,Sunday,0
2937,2022/4/25,Prague_1,5902.47,3.5100000000000002,1,0,,Monday,0
2937,2022/4/26,Prague_1,5862.08,3.5100000000000002,1,0,,Tuesday,0
2937,2022/4/27,Prague_1,7807.870000000001,3.5100000000000002,1,0,,Wednesday,0
2937,2022/4/28,Prague_1,6550.46,3.5100000000000002,1,0,,Thursday,0
2937,2022/4/29,Prague_1,7776.58,3.5100000000000002,1,0,,Friday,0
2937,2022/4/30,Prague_1,7118.23,3.5100000000000002,1,0,,Saturday,0
2937,2022/5/1,Prague_1,7725.83,3.5100000000000002,1,1,Labour Day,Sunday,0
2937,2022/5/2,Prague_1,6952.889999999999,3.5100000000000002,1,0,,Monday,0
2937,2022/5/3,Prague_1,6402.13,3.5100000000000002,1,0,,Tuesday,0
2937,2022/5/4,Prague_1,6032.81,3.5100000000000002,1,0,,Wednesday,0
2937,2022/5/5,Prague_1,8387.33,3.5100000000000002,1,0,,Thursday,0
2937,2022/5/6,Prague_1,8072.26,3.5100000000000002,1,0,,Friday,0
2937,2022/5/7,Prague_1,6154.19,3.5100000000000002,1,0,,Saturday,0
2937,2022/5/8,Prague_1,12821.550000000001,3.5100000000000002,1,1,Den osvobozeni,Sunday,0
2937,2022/5/9,Prague_1,9729.93,3.5100000000000002,1,0,,Monday,0
2937,2022/5/10,Prague_1,6945.889999999999,3.5100000000000002,1,0,,Tuesday,0
2937,2022/5/11,Prague_1,7706.370000000001,3.5100000000000002,1,0,,Wednesday,0
2937,2022/5/12,Prague_1,8466.92,3.5100000000000002,1,0,,Thursday,0
2937,2022/5/13,Prague_1,7872.6900000000005,3.5100000000000002,1,0,,Friday,0
2937,2022/5/14,Prague_1,6959.12,3.5100000000000002,1,0,,Saturday,0
2937,2022/5/15,Prague_1,6572.44,3.5100000000000002,1,0,,Sunday,0
2937,2022/5/16,Prague_1,8065.400000000001,3.5100000000000002,1,0,,Monday,0
2937,2022/5/17,Prague_1,7601.58,3.5100000000000002,1,0,,Tuesday,0
2937,2022/5/18,Prague_1,5869.43,3.5100000000000002,1,0,,Wednesday,0
2937,2022/5/19,Prague_1,9219.63,3.5100000000000002,1,0,,Thursday,0
2937,2022/5/20,Prague_1,8101.17,3.5100000000000002,1,0,,Friday,0
2937,2022/5/21,Prague_1,5812.240000000001,3.5100000000000002,1,0,National Defense Day,Saturday,0
2937,2022/5/22,Prague_1,7911.82,3.5100000000000002,1,0,,Sunday,0
2937,2022/5/23,Prague_1,7438.339999999999,3.5100000000000002,1,0,,Monday,0
2937,2022/5/24,Prague_1,5317.2,3.5100000000000002,1,0,,Tuesday,0
2937,2022/5/25,Prague_1,5708.849999999999,3.5100000000000002,1,0,,Wednesday,0
2937,2022/5/26,Prague_1,7571.83,3.5100000000000002,1,1,Ascension day,Thursday,0
2937,2022/5/27,Prague_1,9783.480000000001,3.5100000000000002,1,0,,Friday,0
2937,2022/5/28,Prague_1,6714.47,3.5100000000000002,1,0,,Saturday,0
2937,2022/5/29,Prague_1,8031.7300000000005,3.5100000000000002,1,0,,Sunday,0
2937,2022/5/30,Prague_1,6530.23,3.5100000000000002,1,0,,Monday,0
2937,2022/5/31,Prague_1,5339.88,3.82,1,0,,Tuesday,0
2937,2022/6/1,Prague_1,8605.800000000001,3.82,1,0,,Wednesday,0
2937,2022/6/2,Prague_1,5360.25,3.82,1,0,,Thursday,0
2937,2022/6/3,Prague_1,9855.93,3.82,1,0,,Friday,0
2937,2022/6/4,Prague_1,7958.4400000000005,3.82,1,0,Day of National Unity,Saturday,0
2937,2022/6/5,Prague_1,6276.69,3.82,1,1,Whit sunday,Sunday,0
2937,2022/6/6,Prague_1,8521.1,3.82,1,1,Whit monday,Monday,0
2937,2022/6/7,Prague_1,7239.96,3.82,1,0,,Tuesday,0
2937,2022/6/8,Prague_1,6519.099999999999,3.82,1,0,,Wednesday,0
2937,2022/6/9,Prague_1,8612.24,3.82,1,0,,Thursday,0
2937,2022/6/10,Prague_1,6933.43,3.82,1,0,,Friday,0
2937,2022/6/11,Prague_1,6263.88,3.82,1,0,,Saturday,0
2937,2022/6/12,Prague_1,7477.610000000001,3.82,1,0,,Sunday,0
2937,2022/6/13,Prague_1,6771.45,3.82,1,0,,Monday,0
2937,2022/6/14,Prague_1,7709.17,3.82,1,0,,Tuesday,0
2937,2022/6/15,Prague_1,7512.120000000001,3.82,1,0,,Wednesday,0
2937,2022/6/16,Prague_1,8351.21,3.82,1,1,Corpus Christi,Thursday,0
2937,2022/6/17,Prague_1,8487.08,3.82,1,0,,Friday,0
2937,2022/6/18,Prague_1,6228.110000000001,3.82,1,0,,Saturday,0
2937,2022/6/19,Prague_1,8954.75,3.82,1,0,Independent Hungary Day,Sunday,0
2937,2022/6/20,Prague_1,6830.95,3.82,1,0,,Monday,0
2937,2022/6/21,Prague_1,6060.25,3.82,1,0,,Tuesday,0
2937,2022/6/22,Prague_1,7141.82,3.82,1,0,,Wednesday,0
2937,2022/6/23,Prague_1,7407.47,3.82,1,0,,Thursday,0
2937,2022/6/24,Prague_1,8597.82,3.82,1,0,,Friday,0
2937,2022/6/25,Prague_1,7126.63,3.82,1,0,,Saturday,0
2937,2022/6/26,Prague_1,6396.599999999999,3.82,1,0,,Sunday,0
2937,2022/6/27,Prague_1,6176.8,3.82,1,0,,Monday,0
2937,2022/6/28,Prague_1,5942.3,3.82,1,0,,Tuesday,0
2937,2022/6/29,Prague_1,5719.98,3.82,1,0,,Wednesday,0
2937,2022/6/30,Prague_1,7545.93,3.82,1,0,,Thursday,0
2937,2022/7/1,Prague_1,6733.37,3.82,1,0,,Friday,0
2937,2022/7/2,Prague_1,5364.03,3.82,1,0,,Saturday,0
2937,2022/7/3,Prague_1,5033.490000000001,3.82,1,0,,Sunday,0
2937,2022/7/4,Prague_1,8495.480000000001,3.82,1,0,,Monday,0
2937,2022/7/5,Prague_1,6588.19,3.82,1,1,Cyrila a Metodej,Tuesday,0
2937,2022/7/6,Prague_1,6038.41,3.82,1,1,Jan Hus,Wednesday,0
2937,2022/7/7,Prague_1,6686.12,3.82,1,0,,Thursday,0
2937,2022/7/8,Prague_1,7151.62,3.82,1,0,,Friday,0
2937,2022/7/9,Prague_1,7713.160000000001,3.82,1,0,,Saturday,0
2937,2022/7/10,Prague_1,6705.16,3.82,1,0,,Sunday,0
2937,2022/7/11,Prague_1,6205.78,3.82,1,0,,Monday,0
2937,2022/7/12,Prague_1,6927.41,3.82,1,0,,Tuesday,0
2937,2022/7/13,Prague_1,6706.139999999999,3.82,1,0,,Wednesday,0
2937,2022/7/14,Prague_1,6258.7,3.82,1,0,,Thursday,0
2937,2022/7/15,Prague_1,7689.22,3.82,1,0,,Friday,0
2937,2022/7/16,Prague_1,6700.82,3.82,1,0,,Saturday,0
2937,2022/7/17,Prague_1,5326.23,3.82,1,0,,Sunday,0
2937,2022/7/18,Prague_1,8918.35,3.82,1,0,,Monday,0
2937,2022/7/19,Prague_1,7834.33,3.82,1,0,,Tuesday,0
2937,2022/7/20,Prague_1,7016.94,3.82,1,0,,Wednesday,0
2937,2022/7/21,Prague_1,7492.17,3.82,1,0,,Thursday,0
2937,2022/7/22,Prague_1,7187.389999999999,3.82,1,0,,Friday,0
2937,2022/7/23,Prague_1,6228.67,3.82,1,0,,Saturday,0
2937,2022/7/24,Prague_1,6662.95,3.82,1,0,,Sunday,0
2937,2022/7/25,Prague_1,5837.44,3.82,1,0,,Monday,0
2937,2022/7/26,Prague_1,5301.66,3.82,1,0,,Tuesday,0
2937,2022/7/27,Prague_1,5202.54,3.82,1,0,,Wednesday,0
2937,2022/7/28,Prague_1,5515.02,3.82,1,0,,Thursday,0
2937,2022/7/29,Prague_1,4518.849999999999,3.82,1,0,,Friday,0
2937,2022/7/30,Prague_1,6483.19,3.82,1,0,,Saturday,0
2937,2022/7/31,Prague_1,6486.48,3.82,1,0,,Sunday,0
2937,2022/8/1,Prague_1,5898.759999999999,3.82,1,0,,Monday,0
2937,2022/8/2,Prague_1,7046.55,3.82,1,0,,Tuesday,0
2937,2022/8/3,Prague_1,6152.79,3.82,1,0,,Wednesday,0
2937,2022/8/4,Prague_1,6386.31,3.82,1,0,,Thursday,0
2937,2022/8/5,Prague_1,8544.550000000001,3.82,1,0,,Friday,0
2937,2022/8/6,Prague_1,6628.37,3.82,1,0,,Saturday,0
2937,2022/8/7,Prague_1,7448.49,3.82,1,0,,Sunday,0
2937,2022/8/8,Prague_1,6902.490000000001,3.82,1,1,Peace Festival in Augsburg,Monday,0
2937,2022/8/9,Prague_1,5650.54,3.82,1,0,,Tuesday,0
2937,2022/8/10,Prague_1,6625.29,3.82,1,0,,Wednesday,0
2937,2022/8/11,Prague_1,7500.22,3.82,1,0,,Thursday,0
2937,2022/8/12,Prague_1,7078.68,3.82,1,0,,Friday,0
2937,2022/8/13,Prague_1,6347.740000000001,3.82,1,0,,Saturday,0
2937,2022/8/14,Prague_1,6750.45,3.82,1,0,,Sunday,0
2937,2022/8/15,Prague_1,7009.87,3.82,1,1,Assumption of the Virgin Mary,Monday,0
2937,2022/8/16,Prague_1,7016.099999999999,3.82,1,0,,Tuesday,0
2937,2022/8/17,Prague_1,7034.58,3.82,1,0,,Wednesday,0
2937,2022/8/18,Prague_1,6777.610000000001,3.82,1,0,,Thursday,0
2937,2022/8/19,Prague_1,7444.99,3.82,1,0,,Friday,0
2937,2022/8/20,Prague_1,7785.610000000001,3.82,1,1,State Foundation Day,Saturday,0
2937,2022/8/21,Prague_1,7343.349999999999,3.82,1,0,,Sunday,0
2937,2022/8/22,Prague_1,6556.97,3.82,1,0,,Monday,0
2937,2022/8/23,Prague_1,6285.650000000001,3.82,1,0,,Tuesday,0
2937,2022/8/24,Prague_1,5229.77,3.82,1,0,,Wednesday,0
2937,2022/8/25,Prague_1,6959.610000000001,3.82,1,0,,Thursday,0
2937,2022/8/26,Prague_1,7237.089999999999,3.82,1,0,,Friday,0
2937,2022/8/27,Prague_1,6450.92,3.82,1,0,,Saturday,0
2937,2022/8/28,Prague_1,8251.67,3.82,1,0,,Sunday,0
2937,2022/8/29,Prague_1,7757.75,3.82,1,0,,Monday,0
2937,2022/8/30,Prague_1,7499.800000000001,3.82,1,0,,Tuesday,0
2937,2022/8/31,Prague_1,6828.43,3.82,1,0,,Wednesday,0
2937,2022/9/1,Prague_1,7298.550000000001,3.82,1,0,,Thursday,0
2937,2022/9/2,Prague_1,8420.58,3.82,1,0,,Friday,0
2937,2022/9/3,Prague_1,7906.99,3.82,1,0,,Saturday,0
2937,2022/9/4,Prague_1,8155.629999999999,3.82,1,0,,Sunday,0
2937,2022/9/5,Prague_1,8051.1900000000005,3.82,1,0,,Monday,0
2937,2022/9/6,Prague_1,7699.370000000001,3.82,1,0,,Tuesday,0
2937,2022/9/7,Prague_1,7207.2699999999995,3.82,1,0,,Wednesday,0
2937,2022/9/8,Prague_1,9706.9,3.82,1,0,,Thursday,0
2937,2022/9/9,Prague_1,9736.65,3.82,1,0,,Friday,0
2937,2022/9/10,Prague_1,10215.59,3.82,1,0,,Saturday,0
2937,2022/9/11,Prague_1,11668.230000000001,3.82,1,0,,Sunday,0
2937,2022/9/12,Prague_1,6864.13,3.82,1,0,,Monday,0
2937,2022/9/13,Prague_1,7383.110000000001,3.82,1,0,,Tuesday,0
2937,2022/9/14,Prague_1,11999.26,3.82,1,0,,Wednesday,0
2937,2022/9/15,Prague_1,10288.18,3.82,1,0,,Thursday,0
2937,2022/9/16,Prague_1,11241.720000000001,3.82,1,0,,Friday,0
2937,2022/9/17,Prague_1,6839.07,3.82,1,0,,Saturday,0
2937,2022/9/18,Prague_1,7947.9400000000005,3.82,1,0,,Sunday,0
2937,2022/9/19,Prague_1,10075.24,3.82,1,0,,Monday,0
2937,2022/9/20,Prague_1,8304.94,3.82,1,0,,Tuesday,0
2937,2022/9/21,Prague_1,8315.09,3.82,1,0,,Wednesday,0
2937,2022/9/22,Prague_1,8553.37,3.82,1,0,,Thursday,0
2937,2022/9/23,Prague_1,8609.16,3.82,1,0,,Friday,0
2937,2022/9/24,Prague_1,9705.779999999999,3.82,1,0,,Saturday,0
2937,2022/9/25,Prague_1,8345.26,3.82,1,0,,Sunday,0
2937,2022/9/26,Prague_1,7942.620000000001,3.82,1,0,,Monday,0
2937,2022/9/27,Prague_1,11709.32,3.82,1,0,,Tuesday,0
2937,2022/9/28,Prague_1,11410.699999999999,3.82,1,1,Den ceske statnosti,Wednesday,0
2937,2022/9/29,Prague_1,8398.88,3.82,1,0,,Thursday,0
2937,2022/9/30,Prague_1,7579.46,3.82,1,0,,Friday,0
2937,2022/10/1,Prague_1,7349.860000000001,3.82,1,0,,Saturday,0
2937,2022/10/2,Prague_1,8208.34,3.82,1,0,,Sunday,0
2937,2022/10/3,Prague_1,7982.800000000001,3.82,1,1,German Unity Day,Monday,0
2937,2022/10/4,Prague_1,5412.33,3.82,0.9799999999999999,0,,Tuesday,0
2937,2022/10/5,Prague_1,8764.769999999999,3.82,1,0,,Wednesday,0
2937,2022/10/6,Prague_1,9165.519999999999,3.82,1,0,Memorial Day for the Martyrs of Arad,Thursday,0
2937,2022/10/7,Prague_1,8382.779999999999,3.82,1,0,,Friday,0
2937,2022/10/8,Prague_1,9452.38,3.82,1,0,,Saturday,0
2937,2022/10/9,Prague_1,8527.68,3.82,1,0,,Sunday,0
2937,2022/10/10,Prague_1,6736.45,3.82,1,0,,Monday,0
2937,2022/10/11,Prague_1,5344.57,3.82,1,0,,Tuesday,0
2937,2022/10/12,Prague_1,7131.110000000001,3.82,1,0,,Wednesday,0
2937,2022/10/13,Prague_1,7012.25,3.82,1,0,,Thursday,0
2937,2022/10/14,Prague_1,7472.22,3.82,1,0,,Friday,0
2937,2022/10/15,Prague_1,7010.990000000001,3.82,1,0,,Saturday,0
2937,2022/10/16,Prague_1,8500.87,3.82,1,0,,Sunday,0
2937,2022/10/17,Prague_1,7125.650000000001,3.82,1,0,,Monday,0
2937,2022/10/18,Prague_1,6265.77,3.82,1,0,,Tuesday,0
2937,2022/10/19,Prague_1,7791,3.82,1,0,,Wednesday,0
2937,2022/10/20,Prague_1,6967.52,3.82,1,0,,Thursday,0
2937,2022/10/21,Prague_1,10021.199999999999,3.82,1,0,,Friday,0
2937,2022/10/22,Prague_1,7472.29,3.82,1,0,,Saturday,0
2937,2022/10/23,Prague_1,7688.7300000000005,3.82,1,1,Memorial day of the 1956 Revolution,Sunday,0
2937,2022/10/24,Prague_1,7514.78,3.82,1,0,,Monday,0
2937,2022/10/25,Prague_1,7864.99,3.82,1,0,,Tuesday,0
2937,2022/10/26,Prague_1,6709.639999999999,3.82,1,0,,Wednesday,0
2937,2022/10/27,Prague_1,7526.82,3.82,1,0,,Thursday,0
2937,2022/10/28,Prague_1,6087.900000000001,3.82,1,1,Den vzniku samostatneho ceskoslovenskeho statu,Friday,0
2937,2022/10/29,Prague_1,5965.54,3.82,1,0,,Saturday,0
2937,2022/10/30,Prague_1,10128.720000000001,3.82,1,0,,Sunday,0
2937,2022/10/31,Prague_1,6977.32,3.82,1,1,Reformation Day,Monday,0
2937,2022/11/1,Prague_1,8045.449999999999,3.82,1,1,All Saints Day,Tuesday,0
2937,2022/11/2,Prague_1,6423.62,3.82,1,0,,Wednesday,0
2937,2022/11/3,Prague_1,7090.37,3.82,1,0,,Thursday,0
2937,2022/11/4,Prague_1,7813.47,3.82,1,0,,Friday,0
2937,2022/11/5,Prague_1,7751.379999999999,3.82,1,0,,Saturday,0
2937,2022/11/6,Prague_1,8831.199999999999,3.82,1,0,,Sunday,0
2937,2022/11/7,Prague_1,7914.2699999999995,3.82,1,0,,Monday,0
2937,2022/11/8,Prague_1,7176.33,3.82,1,0,,Tuesday,0
2937,2022/11/9,Prague_1,7724.150000000001,3.82,1,0,,Wednesday,0
2937,2022/11/10,Prague_1,6719.58,3.82,1,0,,Thursday,0
2937,2022/11/11,Prague_1,8121.82,3.82,1,0,,Friday,0
2937,2022/11/12,Prague_1,6488.860000000001,3.82,1,0,,Saturday,0
2937,2022/11/13,Prague_1,7443.03,3.82,1,0,,Sunday,0
2937,2022/11/14,Prague_1,7644.7699999999995,3.82,1,0,,Monday,0
2937,2022/11/15,Prague_1,7010.78,3.82,1,0,,Tuesday,0
2937,2022/11/16,Prague_1,9903.32,3.82,1,0,,Wednesday,0
2937,2022/11/17,Prague_1,7042.42,3.82,1,1,Den boje za svobodu a demokracii,Thursday,0
2937,2022/11/18,Prague_1,6721.400000000001,3.82,1,0,,Friday,0
2937,2022/11/19,Prague_1,6691.72,3.82,1,0,,Saturday,0
2937,2022/11/20,Prague_1,8032.92,3.82,1,0,,Sunday,0
2937,2022/11/21,Prague_1,8305.779999999999,3.82,1,0,,Monday,0
2937,2022/11/22,Prague_1,6784.889999999999,3.82,1,0,,Tuesday,0
2937,2022/11/23,Prague_1,5626.88,3.82,1,0,,Wednesday,0
2937,2022/11/24,Prague_1,8554.42,3.82,1,0,,Thursday,0
2937,2022/11/25,Prague_1,8019.76,3.82,1,0,,Friday,0
2937,2022/11/26,Prague_1,7565.599999999999,3.82,1,0,,Saturday,0
2937,2022/11/27,Prague_1,6531.84,3.82,1,0,,Sunday,0
2937,2022/11/28,Prague_1,8740.41,3.82,1,0,,Monday,0
2937,2022/11/29,Prague_1,6280.12,3.82,1,0,,Tuesday,0
2937,2022/11/30,Prague_1,6632.150000000001,3.82,1,0,,Wednesday,0
2937,2022/12/1,Prague_1,7290.99,3.82,1,0,,Thursday,0
2937,2022/12/2,Prague_1,8745.38,3.82,1,0,,Friday,0
2937,2022/12/3,Prague_1,8832.81,3.82,1,0,,Saturday,0
2937,2022/12/4,Prague_1,8192.730000000001,3.82,1,0,,Sunday,0
2937,2022/12/5,Prague_1,6102.25,4.27,1,0,,Monday,0
2937,2022/12/6,Prague_1,6908.79,4.27,1,0,,Tuesday,0
2937,2022/12/7,Prague_1,6340.599999999999,4.27,1,0,,Wednesday,0
2937,2022/12/8,Prague_1,7994.5599999999995,4.27,1,0,,Thursday,0
2937,2022/12/9,Prague_1,10482.5,4.27,1,0,,Friday,0
2937,2022/12/10,Prague_1,8975.33,4.27,1,0,,Saturday,0
2937,2022/12/11,Prague_1,9604,4.27,1,0,,Sunday,0
2937,2022/12/12,Prague_1,7948.01,4.27,1,0,,Monday,0
2937,2022/12/13,Prague_1,7647.78,4.27,1,0,,Tuesday,0
2937,2022/12/14,Prague_1,7933.24,4.27,1,0,,Wednesday,0
2937,2022/12/15,Prague_1,8039.78,4.27,1,0,,Thursday,0
2937,2022/12/16,Prague_1,10767.4,4.27,1,0,,Friday,0
2937,2022/12/17,Prague_1,8358.07,4.27,1,0,,Saturday,0
2937,2022/12/18,Prague_1,8939.07,4.27,1,0,,Sunday,0
2937,2022/12/19,Prague_1,7894.32,4.27,1,0,,Monday,0
2937,2022/12/20,Prague_1,10020.99,4.27,1,0,,Tuesday,0
2937,2022/12/21,Prague_1,8418.550000000001,4.27,1,0,,Wednesday,0
2937,2022/12/22,Prague_1,7066.57,4.27,1,0,,Thursday,0
2937,2022/12/23,Prague_1,2715.58,4.27,1,0,,Friday,0
2937,2022/12/24,Prague_1,1188.18,4.27,1,1,Christmas Eve,Saturday,0
2937,2022/12/25,Prague_1,5906.04,4.27,1,1,1st Christmas Day,Sunday,0
2937,2022/12/26,Prague_1,6618.849999999999,4.27,1,1,2nd Christmas Day,Monday,0
2937,2022/12/27,Prague_1,6150.62,4.27,1,0,,Tuesday,0
2937,2022/12/28,Prague_1,8826.09,4.27,1,0,,Wednesday,0
2937,2022/12/29,Prague_1,7693.07,4.27,1,0,,Thursday,0
2937,2022/12/30,Prague_1,7015.75,4.27,1,0,,Friday,0
2937,2022/12/31,Prague_1,4410.42,4.27,1,0,,Saturday,0
2937,2023/1/1,Prague_1,8231.51,4.27,1,1,New Years Day,Sunday,0
2937,2023/1/2,Prague_1,8525.37,4.27,1,0,,Monday,0
2937,2023/1/3,Prague_1,6949.81,4.27,1,0,,Tuesday,0
2937,2023/1/4,Prague_1,6059.55,4.27,1,0,,Wednesday,0
2937,2023/1/5,Prague_1,8065.400000000001,4.27,1,0,,Thursday,0
2937,2023/1/6,Prague_1,7555.589999999999,4.27,1,1,Epiphany,Friday,0
2937,2023/1/7,Prague_1,6133.75,4.27,1,0,,Saturday,0
2937,2023/1/8,Prague_1,9239.230000000001,4.27,1,0,,Sunday,0
2937,2023/1/9,Prague_1,8362.970000000001,4.27,1,0,,Monday,0
2937,2023/1/10,Prague_1,8086.26,4.27,1,0,,Tuesday,0
2937,2023/1/11,Prague_1,7285.32,4.27,1,0,,Wednesday,0
2937,2023/1/12,Prague_1,8573.32,4.27,1,0,,Thursday,0
2937,2023/1/13,Prague_1,9005.57,4.27,1,0,,Friday,0
2937,2023/1/14,Prague_1,8319.08,4.27,1,0,,Saturday,0
2937,2023/1/15,Prague_1,11508,4.27,1,0,,Sunday,0
2937,2023/1/16,Prague_1,5844.23,4.27,1,0,,Monday,0
2937,2023/1/17,Prague_1,7036.47,4.27,1,0,,Tuesday,0
2937,2023/1/18,Prague_1,8426.949999999999,4.27,1,0,,Wednesday,0
2937,2023/1/19,Prague_1,7554.26,4.27,1,0,,Thursday,0
2937,2023/1/20,Prague_1,7223.0199999999995,4.27,1,0,,Friday,0
2937,2023/1/21,Prague_1,11691.89,4.27,1,0,,Saturday,0
2937,2023/1/22,Prague_1,14607.11,4.27,1,0,,Sunday,0
2937,2023/1/23,Prague_1,9150.54,4.27,1,0,,Monday,0
2937,2023/1/24,Prague_1,9461.13,4.27,1,0,,Tuesday,0
2937,2023/1/25,Prague_1,8073.449999999999,4.27,1,0,,Wednesday,0
2937,2023/1/26,Prague_1,9287.25,4.27,1,0,,Thursday,0
2937,2023/1/27,Prague_1,8429.12,4.27,1,0,,Friday,0
2937,2023/1/28,Prague_1,7655.410000000001,4.27,1,0,,Saturday,0
2937,2023/1/29,Prague_1,8410.5,4.27,1,0,,Sunday,0
2937,2023/1/30,Prague_1,8881.18,4.27,1,0,,Monday,0
2937,2023/1/31,Prague_1,8561.21,4.27,1,0,,Tuesday,0
2937,2023/2/1,Prague_1,10184.44,4.58,0.96,0,Memorial Day of the Republic,Wednesday,0
2937,2023/2/2,Prague_1,9002.56,4.58,1,0,,Thursday,0
2937,2023/2/3,Prague_1,10896.9,4.58,1,0,,Friday,0
2937,2023/2/4,Prague_1,7591.08,4.58,1,0,,Saturday,0
2937,2023/2/5,Prague_1,6328.139999999999,4.58,1,0,,Sunday,0
2937,2023/2/6,Prague_1,8740.269999999999,4.58,1,0,,Monday,0
2937,2023/2/7,Prague_1,5688.06,4.58,1,0,,Tuesday,0
2937,2023/2/8,Prague_1,6628.72,4.58,1,0,,Wednesday,0
2937,2023/2/9,Prague_1,8379.21,4.58,1,0,,Thursday,0
2937,2023/2/10,Prague_1,9731.54,4.58,1,0,,Friday,0
2937,2023/2/11,Prague_1,9854.949999999999,4.58,1,0,,Saturday,0
2937,2023/2/12,Prague_1,8214.08,4.58,1,0,,Sunday,0
2937,2023/2/13,Prague_1,8879.36,4.58,1,0,,Monday,0
2937,2023/2/14,Prague_1,7583.7300000000005,4.58,1,0,,Tuesday,0
2937,2023/2/15,Prague_1,8184.54,4.58,1,0,,Wednesday,0
2937,2023/2/16,Prague_1,7829.01,4.58,1,0,,Thursday,0
2937,2023/2/17,Prague_1,11676.980000000001,4.58,1,0,,Friday,0
2937,2023/2/18,Prague_1,9156,4.58,1,0,,Saturday,0
2937,2023/2/19,Prague_1,9728.46,4.58,1,0,,Sunday,0
2937,2023/2/20,Prague_1,7983.5,4.58,1,0,,Monday,0
2937,2023/2/21,Prague_1,8776.04,4.58,1,0,,Tuesday,0
2937,2023/2/22,Prague_1,7481.74,144.58,1,0,,Wednesday,0
2937,2023/2/23,Prague_1,7427.7699999999995,4.58,1,0,,Thursday,0
2937,2023/2/24,Prague_1,12193.16,4.58,1,0,,Friday,0
2937,2023/2/25,Prague_1,10766.56,4.58,1,0,Memorial Day for the Victims of the Communist Dictatorships,Saturday,0
2937,2023/2/26,Prague_1,9420.32,4.58,1,0,,Sunday,0
2937,2023/2/27,Prague_1,8632.4,4.58,1,0,,Monday,0
2937,2023/2/28,Prague_1,10466.050000000001,4.58,1,0,,Tuesday,0
2937,2023/3/1,Prague_1,7982.660000000001,4.58,1,0,,Wednesday,0
2937,2023/3/2,Prague_1,11262.230000000001,4.58,1,0,,Thursday,0
2937,2023/3/3,Prague_1,10665.06,4.58,1,0,,Friday,0
2937,2023/3/4,Prague_1,5955.53,4.58,1,0,,Saturday,0
2937,2023/3/5,Prague_1,9026.5,4.58,1,0,,Sunday,0
2937,2023/3/6,Prague_1,7450.589999999999,4.58,0.93,0,,Monday,0
2937,2023/3/7,Prague_1,7773.92,4.58,1,0,,Tuesday,0
2937,2023/3/8,Prague_1,9397.08,4.58,1,0,International womens day,Wednesday,0
2937,2023/3/9,Prague_1,11409.79,4.58,1,0,,Thursday,0
2937,2023/3/10,Prague_1,12707.87,4.58,1,0,,Friday,0
2937,2023/3/11,Prague_1,10172.61,4.58,1,0,,Saturday,0
2937,2023/3/12,Prague_1,8974.91,4.58,1,0,,Sunday,0
2937,2023/3/13,Prague_1,8485.33,4.58,1,0,,Monday,0
2937,2023/3/14,Prague_1,10057.81,4.58,1,0,,Tuesday,0
2937,2023/3/15,Prague_1,9624.58,4.58,1,1,Memorial Day for the Victims of the Holocaust,Wednesday,0
2937,2023/3/16,Prague_1,8464.96,4.58,1,0,,Thursday,0
2937,2023/3/17,Prague_1,10322.13,4.58,1,0,,Friday,0
2937,2023/3/18,Prague_1,7083.09,4.58,1,0,,Saturday,0
2937,2023/3/19,Prague_1,9984.449999999999,4.58,1,0,,Sunday,0
2937,2023/3/20,Prague_1,7710.150000000001,4.58,1,0,,Monday,0
2937,2023/3/21,Prague_1,8196.58,4.58,1,0,,Tuesday,0
2937,2023/3/22,Prague_1,7453.8099999999995,4.58,1,0,,Wednesday,0
2937,2023/3/23,Prague_1,9477.09,4.58,1,0,,Thursday,0
2937,2023/3/24,Prague_1,11890.76,4.58,1,0,,Friday,0
2937,2023/3/25,Prague_1,7593.879999999999,4.58,1,0,,Saturday,0
2937,2023/3/26,Prague_1,7521.360000000001,4.58,1,0,,Sunday,0
2937,2023/3/27,Prague_1,10013.71,4.58,1,0,,Monday,0
2937,2023/3/28,Prague_1,9636.34,4.58,1,0,,Tuesday,0
2937,2023/3/29,Prague_1,8063.300000000001,4.58,1,0,,Wednesday,0
2937,2023/3/30,Prague_1,8479.59,4.58,1,0,,Thursday,0
2937,2023/3/31,Prague_1,11454.029999999999,4.58,1,0,,Friday,0
2937,2023/4/1,Prague_1,7979.58,4.58,1,0,,Saturday,0
2937,2023/4/2,Prague_1,10717.84,4.58,1,0,,Sunday,0
2937,2023/4/3,Prague_1,6386.66,4.58,1,0,,Monday,0
2937,2023/4/4,Prague_1,9218.09,4.58,1,0,,Tuesday,0
2937,2023/4/5,Prague_1,13935.25,4.58,1,0,,Wednesday,0
2937,2023/4/6,Prague_1,15856.960000000001,4.58,1,0,,Thursday,0
2937,2023/4/7,Prague_1,6489.21,4.58,1,1,Good Friday,Friday,0
2937,2023/4/8,Prague_1,7090.37,4.58,1,1,,Saturday,0
2937,2023/4/9,Prague_1,9485.84,4.58,0.02,1,,Sunday,0
2937,2023/4/11,Prague_1,9692.970000000001,4.58,0.87,0,,Tuesday,0
2937,2023/4/12,Prague_1,9937.76,4.58,0.88,0,,Wednesday,0
2937,2023/4/13,Prague_1,9648.31,4.58,1,0,,Thursday,0
2937,2023/4/14,Prague_1,12865.51,4.58,1,0,,Friday,0
2937,2023/4/15,Prague_1,10025.050000000001,4.58,1,0,,Saturday,0
2937,2023/4/16,Prague_1,9442.300000000001,4.58,1,0,Memorial Day for the Victims of the Holocaust,Sunday,0
2937,2023/4/17,Prague_1,9936.85,4.58,1,0,,Monday,0
2937,2023/4/18,Prague_1,8890.49,4.58,1,0,,Tuesday,0
2937,2023/4/19,Prague_1,8566.67,4.58,1,0,,Wednesday,0
2937,2023/4/20,Prague_1,12211.64,4.58,1,0,,Thursday,0
2937,2023/4/21,Prague_1,9631.44,4.58,1,0,,Friday,0
2937,2023/4/22,Prague_1,6560.19,4.58,1,0,,Saturday,0
2937,2023/4/23,Prague_1,9608.83,4.58,0.97,0,,Sunday,0
2937,2023/4/24,Prague_1,10811.779999999999,4.58,0.9799999999999999,0,,Monday,0
2937,2023/4/25,Prague_1,8366.33,4.58,0.97,0,,Tuesday,0
2937,2023/4/26,Prague_1,9169.58,4.58,0.97,0,,Wednesday,0
2937,2023/4/27,Prague_1,6683.18,4.58,1,0,,Thursday,0
2937,2023/4/28,Prague_1,9562.84,4.58,1,0,,Friday,0
2937,2023/4/29,Prague_1,8217.86,4.58,0.96,0,,Saturday,0
2937,2023/4/30,Prague_1,6125.77,4.58,0.96,0,,Sunday,0
2937,2023/5/1,Prague_1,8947.4,4.58,1,1,Labour Day,Monday,0
2937,2023/5/2,Prague_1,10806.18,4.58,1,0,,Tuesday,0
2937,2023/5/3,Prague_1,6954.990000000001,4.58,1,0,,Wednesday,0
2937,2023/5/4,Prague_1,7515.199999999999,4.58,1,0,,Thursday,0
2937,2023/5/5,Prague_1,11476.85,4.58,1,0,,Friday,0
2937,2023/5/6,Prague_1,9751.769999999999,4.58,1,0,,Saturday,0
2937,2023/5/7,Prague_1,10006.29,4.58,1,0,,Sunday,0
2937,2023/5/8,Prague_1,13251.42,4.58,1,1,Den osvobozeni,Monday,0
2937,2023/5/9,Prague_1,11310.25,4.58,1,0,,Tuesday,0
2937,2023/5/10,Prague_1,9788.449999999999,4.58,1,0,,Wednesday,0
2937,2023/5/11,Prague_1,9052.54,4.58,1,0,,Thursday,0
2937,2023/5/12,Prague_1,10308.83,4.58,1,0,,Friday,0
2937,2023/5/13,Prague_1,6179.81,4.58,1,0,,Saturday,0
2937,2023/5/14,Prague_1,8340.08,4.58,1,0,,Sunday,0
2937,2023/5/15,Prague_1,7982.800000000001,4.58,1,0,,Monday,0
2937,2023/5/16,Prague_1,6995.52,4.58,1,0,,Tuesday,0
2937,2023/5/17,Prague_1,8673.63,4.58,1,0,,Wednesday,0
2937,2023/5/18,Prague_1,10218.67,4.58,1,1,Ascension day,Thursday,0
2937,2023/5/19,Prague_1,9436.84,4.58,1,0,,Friday,0
2937,2023/5/20,Prague_1,6065.990000000001,4.58,1,0,,Saturday,0
2937,2023/5/21,Prague_1,8307.81,4.58,1,0,National Defense Day,Sunday,0
2937,2023/5/22,Prague_1,6695.71,4.58,1,0,,Monday,0
2937,2023/5/23,Prague_1,7457.660000000001,4.58,1,0,,Tuesday,0
2937,2023/5/24,Prague_1,7815.08,4.58,1,0,,Wednesday,0
2937,2023/5/25,Prague_1,7986.93,4.58,1,0,,Thursday,0
2937,2023/5/26,Prague_1,8816.99,4.58,1,0,,Friday,0
2937,2023/5/27,Prague_1,5981.71,4.58,1,0,,Saturday,0
2937,2023/5/28,Prague_1,7145.599999999999,4.58,1,1,Whit sunday,Sunday,0
2937,2023/5/29,Prague_1,7574.910000000001,4.58,1,1,Whit monday,Monday,0
2937,2023/5/30,Prague_1,5655.58,4.58,1,0,,Tuesday,0
2937,2023/5/31,Prague_1,8043.42,4.58,1,0,,Wednesday,0
2937,2023/6/1,Prague_1,9142.769999999999,4.58,1,0,,Thursday,0
2937,2023/6/2,Prague_1,8438.64,4.58,1,0,,Friday,0
2937,2023/6/3,Prague_1,7408.3099999999995,4.58,1,0,,Saturday,0
2937,2023/6/4,Prague_1,6791.610000000001,4.58,1,0,Day of National Unity,Sunday,0
2937,2023/6/5,Prague_1,8660.96,4.58,1,0,,Monday,0
2937,2023/6/6,Prague_1,9161.39,4.58,1,0,,Tuesday,0
2937,2023/6/7,Prague_1,7633.71,4.58,1,0,,Wednesday,0
2937,2023/6/8,Prague_1,10141.81,4.58,1,1,Corpus Christi,Thursday,0
2937,2023/6/9,Prague_1,9825.550000000001,4.58,1,0,,Friday,0
2937,2023/6/10,Prague_1,9051.980000000001,4.58,1,0,,Saturday,0
2937,2023/6/11,Prague_1,9336.67,4.58,1,0,,Sunday,0
2937,2023/6/12,Prague_1,6968.43,4.58,1,0,,Monday,0
2937,2023/6/13,Prague_1,6102.95,4.58,1,0,,Tuesday,0
2937,2023/6/14,Prague_1,9429.07,4.58,1,0,,Wednesday,0
2937,2023/6/15,Prague_1,10232.46,4.58,1,0,,Thursday,0
2937,2023/6/16,Prague_1,9559.06,4.58,1,0,,Friday,0
2937,2023/6/17,Prague_1,8996.61,4.58,1,0,,Saturday,0
2937,2023/6/18,Prague_1,8211.49,4.58,1,0,,Sunday,0
2937,2023/6/19,Prague_1,6784.68,4.58,1,0,Independent Hungary Day,Monday,0
2937,2023/6/20,Prague_1,7265.93,4.58,1,0,,Tuesday,0
2937,2023/6/21,Prague_1,7227.150000000001,4.58,1,0,,Wednesday,0
2937,2023/6/22,Prague_1,9425.01,4.58,1,0,,Thursday,0
2937,2023/6/23,Prague_1,7135.66,4.58,1,0,,Friday,0
2937,2023/6/24,Prague_1,8547.279999999999,4.58,1,0,,Saturday,0
2937,2023/6/25,Prague_1,7017.43,4.58,1,0,,Sunday,0
2937,2023/6/26,Prague_1,7452.900000000001,4.58,1,0,,Monday,0
2937,2023/6/27,Prague_1,5122.110000000001,4.58,1,0,,Tuesday,0
2937,2023/6/28,Prague_1,6234.69,4.58,1,0,,Wednesday,0
2937,2023/6/29,Prague_1,6428.73,4.58,1,0,,Thursday,0
2937,2023/6/30,Prague_1,7277.339999999999,4.58,1,0,,Friday,0
2937,2023/7/1,Prague_1,9627.800000000001,4.58,1,0,,Saturday,0
2937,2023/7/2,Prague_1,5158.58,4.58,1,0,,Sunday,0
2937,2023/7/3,Prague_1,4459.7,4.58,1,0,,Monday,0
2937,2023/7/4,Prague_1,8350.93,4.58,1,0,,Tuesday,0
2937,2023/7/5,Prague_1,7527.24,4.58,1,1,Cyrila a Metodej,Wednesday,0
2937,2023/7/6,Prague_1,5690.79,4.58,1,1,Jan Hus,Thursday,0
2937,2023/7/7,Prague_1,5778.71,4.58,1,0,,Friday,0
2937,2023/7/8,Prague_1,8837.29,4.58,1,0,,Saturday,0
2937,2023/7/9,Prague_1,9530.71,4.58,1,0,,Sunday,0
2937,2023/7/10,Prague_1,8041.879999999999,4.58,1,0,,Monday,0
2937,2023/7/11,Prague_1,7460.67,4.58,1,0,,Tuesday,0
2937,2023/7/12,Prague_1,5614.7,4.58,1,0,,Wednesday,0
2937,2023/7/13,Prague_1,7246.96,4.58,1,0,,Thursday,0
2937,2023/7/14,Prague_1,8873.970000000001,4.58,1,0,,Friday,0
2937,2023/7/15,Prague_1,10757.74,4.58,1,0,,Saturday,0
2937,2023/7/16,Prague_1,8205.4,4.58,1,0,,Sunday,0
2937,2023/7/17,Prague_1,7133.28,4.58,1,0,,Monday,0
2937,2023/7/18,Prague_1,5368.16,4.58,1,0,,Tuesday,0
2937,2023/7/19,Prague_1,5557.79,4.58,1,0,,Wednesday,0
2937,2023/7/20,Prague_1,6234.55,4.58,1,0,,Thursday,0
2937,2023/7/21,Prague_1,6876.73,4.58,1,0,,Friday,0
2937,2023/7/22,Prague_1,7718.620000000001,4.58,1,0,,Saturday,0
2937,2023/7/23,Prague_1,8760.36,4.58,1,0,,Sunday,0
2937,2023/7/24,Prague_1,7406.07,4.58,1,0,,Monday,0
2937,2023/7/25,Prague_1,7995.68,4.58,0.89,0,,Tuesday,0
2937,2023/7/26,Prague_1,6050.38,4.58,1,0,,Wednesday,0
2937,2023/7/27,Prague_1,6090.91,4.58,1,0,,Thursday,0
2937,2023/7/28,Prague_1,8187.900000000001,4.58,1,0,,Friday,0
2937,2023/7/29,Prague_1,10943.38,4.58,1,0,,Saturday,0
2937,2023/7/30,Prague_1,9273.39,4.58,1,0,,Sunday,0
2937,2023/7/31,Prague_1,6698.72,4.58,1,0,,Monday,0
2937,2023/8/1,Prague_1,5579.490000000001,4.58,1,0,,Tuesday,0
2937,2023/8/2,Prague_1,6333.88,4.58,1,0,,Wednesday,0
2937,2023/8/3,Prague_1,5118.400000000001,4.58,1,0,,Thursday,0
2937,2023/8/4,Prague_1,7167.860000000001,4.58,1,0,,Friday,0
2937,2023/8/5,Prague_1,9826.39,4.58,1,0,,Saturday,0
2937,2023/8/6,Prague_1,6872.740000000001,4.58,1,0,,Sunday,0
2937,2023/8/7,Prague_1,7624.96,4.58,1,0,,Monday,0
2937,2023/8/8,Prague_1,5723.759999999999,4.58,1,1,Peace Festival in Augsburg,Tuesday,0
2937,2023/8/9,Prague_1,9019.15,4.58,1,0,,Wednesday,0
2937,2023/8/10,Prague_1,6778.52,4.58,1,0,,Thursday,0
2937,2023/8/11,Prague_1,7891.17,4.58,1,0,,Friday,0
2937,2023/8/12,Prague_1,8208.62,4.58,1,0,,Saturday,0
2937,2023/8/13,Prague_1,7543.410000000001,4.58,1,0,,Sunday,0
2937,2023/8/14,Prague_1,8249.85,4.58,1,0,,Monday,0
2937,2023/8/15,Prague_1,7239.26,4.58,1,1,Assumption of the Virgin Mary,Tuesday,0
2937,2023/8/16,Prague_1,6339.55,4.58,1,0,,Wednesday,0
2937,2023/8/17,Prague_1,7190.1900000000005,4.58,1,0,,Thursday,0
2937,2023/8/18,Prague_1,8535.38,4.58,1,0,,Friday,0
2937,2023/8/19,Prague_1,6832.139999999999,4.58,1,0,,Saturday,0
2937,2023/8/20,Prague_1,4766.509999999999,4.58,1,1,State Foundation Day,Sunday,0
2937,2023/8/21,Prague_1,5559.75,4.58,1,0,,Monday,0
2937,2023/8/22,Prague_1,5309.78,4.58,1,0,,Tuesday,0
2937,2023/8/23,Prague_1,4522.28,4.58,1,0,,Wednesday,0
2937,2023/8/24,Prague_1,4413.009999999999,4.58,1,0,,Thursday,0
2937,2023/8/25,Prague_1,6215.72,4.58,1,0,,Friday,0
2937,2023/8/26,Prague_1,5144.58,4.58,1,0,,Saturday,0
2937,2023/8/27,Prague_1,5727.12,4.58,1,0,,Sunday,0
2937,2023/8/28,Prague_1,5827.5,4.58,1,0,,Monday,0
2937,2023/8/29,Prague_1,8565.269999999999,4.58,1,0,,Tuesday,0
2937,2023/8/30,Prague_1,5677,4.58,1,0,,Wednesday,0
2937,2023/8/31,Prague_1,6511.82,4.58,1,0,,Thursday,0
2937,2023/9/1,Prague_1,8037.33,4.58,1,0,,Friday,0
2937,2023/9/2,Prague_1,6329.33,4.58,1,0,,Saturday,0
2937,2023/9/3,Prague_1,5652.57,4.58,1,0,,Sunday,0
2937,2023/9/4,Prague_1,6867.91,4.58,1,0,,Monday,0
2937,2023/9/5,Prague_1,7919.589999999999,4.58,1,0,,Tuesday,0
2937,2023/9/6,Prague_1,6530.44,4.58,1,0,,Wednesday,0
2937,2023/9/7,Prague_1,7756.21,4.58,1,0,,Thursday,0
2937,2023/9/8,Prague_1,7664.79,4.58,1,0,,Friday,0
2937,2023/9/9,Prague_1,5054.139999999999,4.58,1,0,,Saturday,0
2937,2023/9/10,Prague_1,6909.42,4.58,1,0,,Sunday,0
2937,2023/9/11,Prague_1,6252.12,4.58,1,0,,Monday,0
2937,2023/9/12,Prague_1,7112.84,4.58,1,0,,Tuesday,0
2937,2023/9/13,Prague_1,6353.48,4.58,1,0,,Wednesday,0
2937,2023/9/14,Prague_1,5533.849999999999,4.58,1,0,,Thursday,0
2937,2023/9/15,Prague_1,6919.849999999999,4.58,1,0,,Friday,0
2937,2023/9/16,Prague_1,5818.19,4.58,1,0,,Saturday,0
2937,2023/9/17,Prague_1,6475.98,4.58,1,0,,Sunday,0
2937,2023/9/18,Prague_1,5713.33,4.58,1,0,,Monday,0
2937,2023/9/19,Prague_1,5563.46,4.58,1,0,,Tuesday,0
2937,2023/9/20,Prague_1,4953.900000000001,4.58,1,0,,Wednesday,0
2937,2023/9/21,Prague_1,6893.18,4.58,1,0,,Thursday,0
2937,2023/9/22,Prague_1,9161.74,4.58,1,0,,Friday,0
2937,2023/9/23,Prague_1,5231.87,4.58,1,0,,Saturday,0
2937,2023/9/24,Prague_1,6195.7,4.58,1,0,,Sunday,0
2937,2023/9/25,Prague_1,4778.41,4.58,1,0,,Monday,0
2937,2023/9/26,Prague_1,5729.5,4.58,1,0,,Tuesday,0
2937,2023/9/27,Prague_1,12404.91,4.58,1,0,,Wednesday,0
2937,2023/9/28,Prague_1,7713.160000000001,4.58,1,1,Den ceske statnosti,Thursday,0
2937,2023/9/29,Prague_1,5131.84,4.58,1,0,,Friday,0
2937,2023/9/30,Prague_1,3859.4500000000003,4.58,1,0,,Saturday,0
2937,2023/10/1,Prague_1,7465.99,4.58,1,0,,Sunday,0
2937,2023/10/2,Prague_1,5610.5,4.58,1,0,,Monday,0
2937,2023/10/3,Prague_1,5529.3,4.58,1,1,German Unity Day,Tuesday,0
2937,2023/10/4,Prague_1,5197.43,4.58,1,0,,Wednesday,0
2937,2023/10/5,Prague_1,7129.5,4.58,1,0,,Thursday,0
2937,2023/10/6,Prague_1,8062.8099999999995,4.58,1,0,Memorial Day for the Martyrs of Arad,Friday,0
2937,2023/10/7,Prague_1,6666.45,4.58,1,0,,Saturday,0
2937,2023/10/8,Prague_1,5144.16,4.58,1,0,,Sunday,0
2937,2023/10/9,Prague_1,5343.59,4.58,1,0,,Monday,0
2937,2023/10/10,Prague_1,7395.639999999999,4.58,1,0,,Tuesday,0
2937,2023/10/11,Prague_1,6007.54,4.58,1,0,,Wednesday,0
2937,2023/10/12,Prague_1,7209.58,4.58,1,0,,Thursday,0
2937,2023/10/13,Prague_1,6452.46,4.58,1,0,,Friday,0
2937,2023/10/14,Prague_1,4253.55,4.58,1,0,,Saturday,0
2937,2023/10/15,Prague_1,5082.7,4.58,1,0,,Sunday,0
2937,2023/10/16,Prague_1,4602.5,4.58,1,0,,Monday,0
2937,2023/10/17,Prague_1,5390.56,4.58,1,0,,Tuesday,0
2937,2023/10/18,Prague_1,5626.740000000001,4.58,1,0,,Wednesday,0
2937,2023/10/19,Prague_1,6804.56,4.58,1,0,,Thursday,0
2937,2023/10/20,Prague_1,6606.18,4.58,1,0,,Friday,0
2937,2023/10/21,Prague_1,5329.03,4.58,1,0,,Saturday,0
2937,2023/10/22,Prague_1,5690.44,4.58,1,0,,Sunday,0
2937,2023/10/23,Prague_1,5723.2,4.58,1,1,Memorial day of the 1956 Revolution,Monday,0
2937,2023/10/24,Prague_1,4574.71,4.58,1,0,,Tuesday,0
2937,2023/10/25,Prague_1,5408.759999999999,4.58,1,0,,Wednesday,0
2937,2023/10/26,Prague_1,8532.230000000001,4.58,1,0,,Thursday,0
2937,2023/10/27,Prague_1,7028.21,4.58,1,0,,Friday,0
2937,2023/10/28,Prague_1,7756.42,4.58,1,1,Den vzniku samostatneho ceskoslovenskeho statu,Saturday,0
2937,2023/10/29,Prague_1,6882.54,4.58,1,0,,Sunday,0
2937,2023/10/30,Prague_1,4014.29,4.58,1,0,,Monday,0
2937,2023/10/31,Prague_1,6058.990000000001,4.58,1,1,Reformation Day,Tuesday,0
2937,2023/11/1,Prague_1,6220.48,4.58,1,1,All Saints Day,Wednesday,0
2937,2023/11/2,Prague_1,6614.79,4.58,1,0,,Thursday,0
2937,2023/11/3,Prague_1,8575.42,4.58,1,0,,Friday,0
2937,2023/11/4,Prague_1,4614.96,4.58,1,0,,Saturday,0
2937,2023/11/5,Prague_1,5338.900000000001,4.58,1,0,,Sunday,0
2937,2023/11/6,Prague_1,4914.84,4.58,1,0,,Monday,0
2937,2023/11/7,Prague_1,5402.46,4.58,1,0,,Tuesday,0
2937,2023/11/8,Prague_1,5179.79,4.58,1,0,,Wednesday,0
2937,2023/11/9,Prague_1,6524.07,4.58,1,0,,Thursday,0
2937,2023/11/10,Prague_1,7700.5599999999995,4.58,1,0,,Friday,0
2937,2023/11/11,Prague_1,5999.139999999999,4.58,1,0,,Saturday,0
2937,2023/11/12,Prague_1,4922.19,4.58,1,0,,Sunday,0
2937,2023/11/13,Prague_1,6838.02,4.58,1,0,,Monday,0
2937,2023/11/14,Prague_1,6170.57,4.58,1,0,,Tuesday,0
2937,2023/11/15,Prague_1,5914.3,4.58,1,0,,Wednesday,0
2937,2023/11/16,Prague_1,7591.22,4.58,1,0,,Thursday,0
2937,2023/11/17,Prague_1,8241.66,4.58,1,1,Den boje za svobodu a demokracii,Friday,0
2937,2023/11/18,Prague_1,5451.110000000001,4.58,1,0,,Saturday,0
2937,2023/11/19,Prague_1,7658.699999999999,4.58,1,0,,Sunday,0
2937,2023/11/20,Prague_1,5186.02,4.58,1,0,,Monday,0
2937,2023/11/21,Prague_1,5147.45,4.58,1,0,,Tuesday,0
2937,2023/11/22,Prague_1,6033.37,4.58,1,0,,Wednesday,0
2937,2023/11/23,Prague_1,6010.62,4.58,1,0,,Thursday,0
2937,2023/11/24,Prague_1,9656.29,4.58,1,0,,Friday,0
2937,2023/11/25,Prague_1,8183.7699999999995,4.58,1,0,,Saturday,0
2937,2023/11/26,Prague_1,7331.099999999999,4.58,1,0,,Sunday,0
2937,2023/11/27,Prague_1,10377.15,4.58,1,0,,Monday,0
2937,2023/11/28,Prague_1,9025.24,4.58,1,0,,Tuesday,0
2937,2023/11/29,Prague_1,8674.96,4.58,1,0,,Wednesday,0
2937,2023/11/30,Prague_1,11326.56,4.58,1,0,,Thursday,0
2937,2023/12/1,Prague_1,9120.86,4.58,1,0,,Friday,0
2937,2023/12/2,Prague_1,9000.39,4.58,1,0,,Saturday,0
2937,2023/12/3,Prague_1,7723.9400000000005,4.58,1,0,,Sunday,0
2937,2023/12/4,Prague_1,9211.93,4.58,1,0,,Monday,0
2937,2023/12/5,Prague_1,8248.800000000001,4.58,1,0,,Tuesday,0
2937,2023/12/6,Prague_1,7290.99,4.58,1,0,,Wednesday,0
2937,2023/12/7,Prague_1,9026.43,4.58,1,0,,Thursday,0
2937,2023/12/8,Prague_1,7333.900000000001,4.58,1,0,,Friday,0
2937,2023/12/9,Prague_1,6222.58,4.58,1,0,,Saturday,0
2937,2023/12/10,Prague_1,6050.94,4.58,1,0,,Sunday,0
2937,2023/12/11,Prague_1,8061.97,4.58,1,0,,Monday,0
2937,2023/12/12,Prague_1,8118.879999999999,4.58,1,0,,Tuesday,0
2937,2023/12/13,Prague_1,8193.29,4.58,1,0,,Wednesday,0
2937,2023/12/14,Prague_1,10048.57,4.58,1,0,,Thursday,0
2937,2023/12/15,Prague_1,8639.19,4.58,1,0,,Friday,0
2937,2023/12/16,Prague_1,6513.22,4.58,1,0,,Saturday,0
2937,2023/12/17,Prague_1,5972.33,4.58,1,0,,Sunday,0
2937,2023/12/18,Prague_1,7225.75,4.58,1,0,,Monday,0
2937,2023/12/19,Prague_1,10163.09,4.58,1,0,,Tuesday,0
2937,2023/12/20,Prague_1,8871.59,4.58,1,0,,Wednesday,0
2937,2023/12/21,Prague_1,10853.92,4.58,1,0,,Thursday,0
2937,2023/12/22,Prague_1,8997.17,4.58,1,0,,Friday,0
2937,2023/12/23,Prague_1,7689.78,4.58,0.8,0,,Saturday,0
2937,2023/12/24,Prague_1,1880.4099999999999,4.58,0.9,1,Christmas Eve,Sunday,0
2937,2023/12/25,Prague_1,5996.69,4.58,1,1,1st Christmas Day,Monday,0
2937,2023/12/26,Prague_1,7950.74,4.58,0.05,1,2nd Christmas Day,Tuesday,0
2937,2023/12/27,Prague_1,12029.779999999999,4.58,0.76,0,,Wednesday,0
2937,2023/12/28,Prague_1,11427.220000000001,4.58,1,0,,Thursday,0
2937,2023/12/29,Prague_1,7116.48,4.58,1,0,,Friday,0
2937,2023/12/30,Prague_1,8909.32,4.58,1,0,,Saturday,0
2937,2023/12/31,Prague_1,4999.12,4.58,1,0,,Sunday,0
2937,2024/1/1,Prague_1,7457.449999999999,4.42,1,1,New Years Day,Monday,0
2937,2024/1/2,Prague_1,8509.13,4.42,1,0,,Tuesday,0
2937,2024/1/3,Prague_1,6887.860000000001,4.42,1,0,,Wednesday,0
2937,2024/1/4,Prague_1,7103.88,4.42,1,0,,Thursday,0
2937,2024/1/5,Prague_1,8469.65,4.42,1,0,,Friday,0
2937,2024/1/6,Prague_1,7500.01,4.42,1,1,Epiphany,Saturday,0
2937,2024/1/7,Prague_1,7978.46,4.42,1,0,,Sunday,0
2937,2024/1/8,Prague_1,8243.41,4.42,1,0,,Monday,0
2937,2024/1/9,Prague_1,7742,4.42,1,0,,Tuesday,0
2937,2024/1/10,Prague_1,9303.21,4.42,1,0,,Wednesday,0
2937,2024/1/11,Prague_1,9469.25,4.42,1,0,,Thursday,0
2937,2024/1/12,Prague_1,8805.019999999999,4.42,1,0,,Friday,0
2937,2024/1/13,Prague_1,6568.59,4.42,1,0,,Saturday,0
2937,2024/1/14,Prague_1,6721.33,4.42,1,0,,Sunday,0
2937,2024/1/15,Prague_1,7417.199999999999,4.42,1,0,,Monday,0
2937,2024/1/16,Prague_1,6025.110000000001,4.42,1,0,,Tuesday,0
2937,2024/1/17,Prague_1,9300.480000000001,4.42,1,0,,Wednesday,0
2937,2024/1/18,Prague_1,8005.2699999999995,4.42,1,0,,Thursday,0
2937,2024/1/19,Prague_1,10184.019999999999,4.42,1,0,,Friday,0
2937,2024/1/20,Prague_1,5285.42,4.42,1,0,,Saturday,0
2937,2024/1/21,Prague_1,6940.08,4.42,1,0,,Sunday,0
2937,2024/1/22,Prague_1,7430.849999999999,4.42,1,0,,Monday,0
2937,2024/1/23,Prague_1,7975.24,4.42,1,0,,Tuesday,0
2937,2024/1/24,Prague_1,8293.6,4.42,1,0,,Wednesday,0
2937,2024/1/25,Prague_1,7646.660000000001,4.42,1,0,,Thursday,0
2937,2024/1/26,Prague_1,9391.76,4.42,1,0,,Friday,0
2937,2024/1/27,Prague_1,6709.22,4.42,1,0,,Saturday,0
2937,2024/1/28,Prague_1,5930.12,4.42,1,0,,Sunday,0
2937,2024/1/29,Prague_1,6056.12,4.42,1,0,,Monday,0
2937,2024/1/30,Prague_1,9065.49,4.42,1,0,,Tuesday,0
2937,2024/1/31,Prague_1,7676.900000000001,4.42,1,0,,Wednesday,0
2937,2024/2/1,Prague_1,9288.86,4.42,1,0,Memorial Day of the Republic,Thursday,0
2937,2024/2/2,Prague_1,8721.79,4.42,1,0,,Friday,0
2937,2024/2/3,Prague_1,6068.23,4.42,1,0,,Saturday,0
2937,2024/2/4,Prague_1,6551.509999999999,4.42,1,0,,Sunday,0
2937,2024/2/5,Prague_1,7975.17,4.42,1,0,,Monday,0
2937,2024/2/6,Prague_1,7450.660000000001,4.42,1,0,,Tuesday,0
2937,2024/2/7,Prague_1,7297.78,4.42,1,0,,Wednesday,0
2937,2024/2/8,Prague_1,7274.82,4.42,1,0,,Thursday,0
2937,2024/2/9,Prague_1,8890.63,4.42,1,0,,Friday,0
2937,2024/2/10,Prague_1,5605.95,4.42,1,0,,Saturday,0
2937,2024/2/11,Prague_1,5412.19,4.42,1,0,,Sunday,0
2937,2024/2/12,Prague_1,5152.98,4.42,1,0,,Monday,0
2937,2024/2/13,Prague_1,5280.38,4.42,1,0,,Tuesday,0
2937,2024/2/14,Prague_1,6968.360000000001,4.42,1,0,,Wednesday,0
2937,2024/2/15,Prague_1,6789.79,4.42,1,0,,Thursday,0
2937,2024/2/16,Prague_1,7805.139999999999,4.42,1,0,,Friday,0
2937,2024/2/17,Prague_1,6823.53,4.42,1,0,,Saturday,0
2937,2024/2/18,Prague_1,6472.48,4.42,1,0,,Sunday,0
2937,2024/2/19,Prague_1,4745.23,4.42,1,0,,Monday,0
2937,2024/2/20,Prague_1,5930.47,4.42,1,0,,Tuesday,0
2937,2024/2/21,Prague_1,6314.91,4.42,1,0,,Wednesday,0
2937,2024/2/22,Prague_1,7202.089999999999,4.42,1,0,,Thursday,0
2937,2024/2/23,Prague_1,6797.84,4.42,1,0,,Friday,0
2937,2024/2/24,Prague_1,4914.07,4.42,1,0,,Saturday,0
2937,2024/2/25,Prague_1,6511.47,4.42,1,0,Memorial Day for the Victims of the Communist Dictatorships,Sunday,0
2937,2024/2/26,Prague_1,5392.59,4.42,1,0,,Monday,0
2937,2024/2/27,Prague_1,5632.55,4.42,1,0,,Tuesday,0
2937,2024/2/28,Prague_1,5346.740000000001,4.42,1,0,,Wednesday,0
2937,2024/2/29,Prague_1,6046.389999999999,4.42,1,0,,Thursday,0
2937,2024/3/1,Prague_1,8647.1,4.42,1,0,,Friday,0
2937,2024/3/2,Prague_1,5163.2,4.42,1,0,,Saturday,0
2937,2024/3/3,Prague_1,6279.63,4.42,1,0,,Sunday,0
2937,2024/3/4,Prague_1,5544.84,4.42,1,0,,Monday,0
2937,2024/3/5,Prague_1,5540.92,4.42,1,0,,Tuesday,0
2937,2024/3/6,Prague_1,5103,4.42,1,0,,Wednesday,0
2937,2024/3/7,Prague_1,6498.52,4.42,1,0,,Thursday,0
2937,2024/3/8,Prague_1,7990.22,4.42,1,0,International womens day,Friday,0
2937,2024/3/9,Prague_1,5507.53,4.42,1,0,,Saturday,0
2937,2024/3/10,Prague_1,5638.78,4.42,1,0,,Sunday,0
2937,2024/3/11,Prague_1,6418.79,4.42,1,0,,Monday,0
2937,2024/3/12,Prague_1,6735.400000000001,4.42,1,0,,Tuesday,0
2937,2024/3/13,Prague_1,6667.08,4.42,1,0,,Wednesday,0
2937,2024/3/14,Prague_1,7748.370000000001,4.42,1,0,,Thursday,0
2937,2024/3/15,Prague_1,7666.82,4.42,1,1,Memorial Day for the Victims of the Holocaust,Friday,0
2937,2024/3/16,Prague_1,7410.339999999999,4.42,1,0,,Saturday,0
2937,2024/3/17,Prague_1,6263.04,4.42,1,0,,Sunday,0
2937,2024/3/18,Prague_1,4686.43,4.42,1,0,,Monday,0
2937,2024/3/19,Prague_1,5884.2,4.42,1,0,,Tuesday,0
2937,2024/3/20,Prague_1,6469.12,4.42,1,0,,Wednesday,0
2937,2024/3/21,Prague_1,7032.69,4.42,1,0,,Thursday,0
2937,2024/3/22,Prague_1,7719.8099999999995,4.42,1,0,,Friday,0
2937,2024/3/23,Prague_1,6118.28,4.42,1,0,,Saturday,0
2937,2024/3/24,Prague_1,5563.110000000001,4.42,1,0,,Sunday,0
2937,2024/3/25,Prague_1,6030.92,4.42,1,0,,Monday,0
2937,2024/3/26,Prague_1,7756.9800000000005,4.42,1,0,,Tuesday,0
2937,2024/3/27,Prague_1,8473.92,4.42,1,0,,Wednesday,0
2937,2024/3/28,Prague_1,10703.14,4.42,1,0,,Thursday,0
2937,2024/3/29,Prague_1,8123.78,4.42,1,1,Good Friday,Friday,0
2937,2024/3/30,Prague_1,6987.54,4.42,1,1,,Saturday,0
2937,2024/3/31,Prague_1,9824.08,4.42,1,1,,Sunday,0
2937,2024/4/1,Prague_1,5497.73,4.42,0.31,1,Easter Monday,Monday,0
2937,2024/4/2,Prague_1,6115.06,4.42,0.92,0,,Tuesday,0
2937,2024/4/3,Prague_1,5893.3,4.42,1,0,,Wednesday,0
2937,2024/4/4,Prague_1,6470.38,4.42,1,0,,Thursday,0
2937,2024/4/5,Prague_1,9685.13,4.42,1,0,,Friday,0
2937,2024/4/6,Prague_1,7953.610000000001,4.42,1,0,,Saturday,0
2937,2024/4/7,Prague_1,6146.7,4.42,1,0,,Sunday,0
2937,2024/4/8,Prague_1,6254.92,4.42,1,0,,Monday,0
2937,2024/4/9,Prague_1,7595.5599999999995,3.66,1,0,,Tuesday,0
2937,2024/4/10,Prague_1,7574.9800000000005,3.66,1,0,,Wednesday,0
2937,2024/4/11,Prague_1,6718.32,3.66,1,0,,Thursday,0
2937,2024/4/12,Prague_1,10033.31,3.66,1,0,,Friday,0
2937,2024/4/13,Prague_1,6471.990000000001,3.66,1,0,,Saturday,0
2937,2024/4/14,Prague_1,6465.69,3.66,1,0,,Sunday,0
2937,2024/4/15,Prague_1,7753.76,3.66,1,0,,Monday,0
2937,2024/4/16,Prague_1,7324.17,3.66,1,0,Memorial Day for the Victims of the Holocaust,Tuesday,0
2937,2024/4/17,Prague_1,6697.599999999999,3.66,1,0,,Wednesday,0
2937,2024/4/18,Prague_1,7534.17,3.66,1,0,,Thursday,0
2937,2024/4/19,Prague_1,9449.86,3.66,1,0,,Friday,0
2937,2024/4/20,Prague_1,6936.72,3.66,1,0,,Saturday,0
2937,2024/4/21,Prague_1,7236.04,3.66,1,0,,Sunday,0
2937,2024/4/22,Prague_1,6133.33,3.66,1,0,,Monday,0
2937,2024/4/23,Prague_1,6681.990000000001,3.66,1,0,,Tuesday,0
2937,2024/4/24,Prague_1,8550.5,3.66,1,0,,Wednesday,0
2937,2024/4/25,Prague_1,9175.46,3.66,1,0,,Thursday,0
2937,2024/4/26,Prague_1,7280.839999999999,3.66,1,0,,Friday,0
2937,2024/4/27,Prague_1,6657.490000000001,3.66,1,0,,Saturday,0
2937,2024/4/28,Prague_1,7108.08,3.66,1,0,,Sunday,0
2937,2024/4/29,Prague_1,6717.69,3.66,1,0,,Monday,0
2937,2024/4/30,Prague_1,7094.78,3.66,1,0,,Tuesday,0
2937,2024/5/1,Prague_1,8012.410000000001,3.66,1,1,Labour Day,Wednesday,0
2937,2024/5/2,Prague_1,6017.83,3.66,1,0,,Thursday,0
2937,2024/5/3,Prague_1,7965.72,3.66,1,0,,Friday,0
2937,2024/5/4,Prague_1,5736.009999999999,3.66,1,0,,Saturday,0
2937,2024/5/5,Prague_1,6205.29,3.66,1,0,,Sunday,0
2937,2024/5/6,Prague_1,7388.78,3.66,1,0,,Monday,0
2937,2024/5/7,Prague_1,9755.41,3.66,1,0,,Tuesday,0
2937,2024/5/8,Prague_1,9672.6,3.66,1,1,Den osvobozeni,Wednesday,0
2937,2024/5/9,Prague_1,6709.639999999999,3.66,1,1,Ascension day,Thursday,0
2937,2024/5/10,Prague_1,6526.099999999999,3.66,1,0,,Friday,0
2937,2024/5/11,Prague_1,7968.7300000000005,3.66,1,0,,Saturday,0
2937,2024/5/12,Prague_1,7971.04,3.66,1,0,,Sunday,0
2937,2024/5/13,Prague_1,7191.800000000001,3.66,1,0,,Monday,0
2937,2024/5/14,Prague_1,6384.139999999999,3.66,1,0,,Tuesday,0
2937,2024/5/15,Prague_1,8687.91,3.66,1,0,,Wednesday,0
2937,2024/5/16,Prague_1,7268.24,3.66,1,0,,Thursday,0
2937,2024/5/17,Prague_1,8428.84,3.66,1,0,,Friday,0
2937,2024/5/18,Prague_1,7377.650000000001,3.66,1,0,,Saturday,0
2937,2024/5/19,Prague_1,6609.05,3.66,1,1,Whit sunday,Sunday,0
2937,2024/5/20,Prague_1,6050.38,3.66,1,1,Whit monday,Monday,0
2937,2024/5/21,Prague_1,6866.23,3.66,1,0,National Defense Day,Tuesday,0
2937,2024/5/22,Prague_1,7049.56,3.66,1,0,,Wednesday,0
2937,2024/5/23,Prague_1,6212.22,3.66,1,0,,Thursday,0
2937,2024/5/24,Prague_1,7890.889999999999,3.66,1,0,,Friday,0
2937,2024/5/25,Prague_1,7667.17,3.66,1,0,,Saturday,0
2937,2024/5/26,Prague_1,5877.2,3.66,1,0,,Sunday,0
2937,2024/5/27,Prague_1,6049.75,3.66,1,0,,Monday,0
2937,2024/5/28,Prague_1,6629,3.66,1,0,,Tuesday,0
2937,2024/5/29,Prague_1,6743.8,3.66,1,0,,Wednesday,0
2937,2024/5/30,Prague_1,7045.57,3.66,1,1,Corpus Christi,Thursday,0
2937,2024/5/31,Prague_1,9101.54,3.66,1,0,,Friday,0
2937,2024/6/1,Prague_1,7347.4800000000005,3.66,1,0,,Saturday,0
2937,2024/6/2,Prague_1,7518.839999999999,3.66,1,0,,Sunday,0
3144,2020/8/1,Prague_1,4595.639999999999,4.57,1,0,,Saturday,0
3144,2020/8/2,Prague_1,5496.889999999999,4.57,1,0,,Sunday,0
3144,2020/8/3,Prague_1,5512.57,4.57,1,0,,Monday,0
3144,2020/8/4,Prague_1,5327.7,4.57,1,0,,Tuesday,0
3144,2020/8/5,Prague_1,3850.2799999999997,4.57,1,0,,Wednesday,0
3144,2020/8/6,Prague_1,6291.32,4.57,1,0,,Thursday,0
3144,2020/8/7,Prague_1,6972.349999999999,4.57,1,0,,Friday,0
3144,2020/8/8,Prague_1,6854.610000000001,4.57,1,1,Peace Festival in Augsburg,Saturday,0
3144,2020/8/9,Prague_1,5011.72,4.57,1,0,,Sunday,0
3144,2020/8/10,Prague_1,6726.16,4.57,1,0,,Monday,0
3144,2020/8/11,Prague_1,4733.05,4.57,1,0,,Tuesday,0
3144,2020/8/12,Prague_1,5724.67,4.57,1,0,,Wednesday,0
3144,2020/8/13,Prague_1,6117.72,4.57,1,0,,Thursday,0
3144,2020/8/14,Prague_1,7173.879999999999,4.57,1,0,,Friday,0
3144,2020/8/15,Prague_1,4958.45,4.57,1,1,Assumption of the Virgin Mary,Saturday,0
3144,2020/8/16,Prague_1,4537.05,4.57,1,0,,Sunday,0
3144,2020/8/17,Prague_1,5394.06,4.57,1,0,,Monday,0
3144,2020/8/18,Prague_1,5830.02,4.57,1,0,,Tuesday,0
3144,2020/8/19,Prague_1,4779.18,4.57,1,0,,Wednesday,0
3144,2020/8/20,Prague_1,7083.44,4.57,1,1,State Foundation Day,Thursday,0
3144,2020/8/21,Prague_1,6711.25,4.57,1,1,Hungary National Day Holiday,Friday,0
3144,2020/8/22,Prague_1,6162.66,4.57,1,0,,Saturday,0
3144,2020/8/23,Prague_1,4368.28,4.57,1,0,,Sunday,0
3144,2020/8/24,Prague_1,6245.12,4.57,1,0,,Monday,0
3144,2020/8/25,Prague_1,6224.47,4.57,1,0,,Tuesday,0
3144,2020/8/26,Prague_1,5695.06,4.57,1,0,,Wednesday,0
3144,2020/8/27,Prague_1,7021.490000000001,4.57,1,0,,Thursday,0
3144,2020/8/28,Prague_1,6811.42,4.57,0.93,0,,Friday,0
3144,2020/8/29,Prague_1,6851.389999999999,4.57,1,0,,Saturday,0
3144,2020/8/30,Prague_1,8780.519999999999,4.57,0.9,0,,Sunday,0
3144,2020/8/31,Prague_1,8589.63,4.57,0.56,0,,Monday,0
3144,2020/9/1,Prague_1,6333.53,4.57,0.92,0,,Tuesday,0
3144,2020/9/2,Prague_1,8198.050000000001,4.57,1,0,,Wednesday,0
3144,2020/9/3,Prague_1,7824.25,4.57,0.93,0,,Thursday,0
3144,2020/9/4,Prague_1,8638.63,4.57,1,0,,Friday,0
3144,2020/9/5,Prague_1,6929.860000000001,4.57,1,0,,Saturday,0
3144,2020/9/6,Prague_1,6458.41,4.57,1,0,,Sunday,0
3144,2020/9/7,Prague_1,6488.23,4.57,1,0,,Monday,0
3144,2020/9/8,Prague_1,7468.160000000001,4.57,0.96,0,,Tuesday,0
3144,2020/9/9,Prague_1,8731.730000000001,4.57,0.9799999999999999,0,,Wednesday,0
3144,2020/9/10,Prague_1,11723.04,4.57,1,0,,Thursday,0
3144,2020/9/11,Prague_1,6920.83,4.57,1,0,,Friday,0
3144,2020/9/12,Prague_1,6226.990000000001,4.57,1,0,,Saturday,0
3144,2020/9/13,Prague_1,7831.879999999999,4.57,1,0,,Sunday,0
3144,2020/9/14,Prague_1,9837.17,4.57,1,0,,Monday,0
3144,2020/9/15,Prague_1,6768.23,4.57,1,0,,Tuesday,0
3144,2020/9/16,Prague_1,7600.879999999999,4.57,1,0,,Wednesday,0
3144,2020/9/17,Prague_1,10183.32,4.57,1,0,,Thursday,0
3144,2020/9/18,Prague_1,9498.79,4.57,1,0,,Friday,0
3144,2020/9/19,Prague_1,6925.87,4.57,1,0,,Saturday,0
3144,2020/9/20,Prague_1,6528.759999999999,4.57,1,0,,Sunday,0
3144,2020/9/21,Prague_1,7364.21,4.57,1,0,,Monday,0
3144,2020/9/22,Prague_1,9173.779999999999,4.57,1,0,,Tuesday,0
3144,2020/9/23,Prague_1,8381.449999999999,4.57,1,0,,Wednesday,0
3144,2020/9/24,Prague_1,9129.470000000001,4.57,1,0,,Thursday,0
3144,2020/9/25,Prague_1,9023.699999999999,4.57,1,0,,Friday,0
3144,2020/9/26,Prague_1,9350.88,4.57,1,0,,Saturday,0
3144,2020/9/27,Prague_1,8211.35,4.57,1,0,,Sunday,0
3144,2020/9/28,Prague_1,11473.21,4.57,1,1,Den ceske statnosti,Monday,0
3144,2020/9/29,Prague_1,8472.87,4.57,1,0,,Tuesday,0
3144,2020/9/30,Prague_1,7609.349999999999,4.57,1,0,,Wednesday,0
3144,2020/10/1,Prague_1,7057.82,4.57,1,0,,Thursday,0
3144,2020/10/2,Prague_1,7768.46,4.57,0.45,0,,Friday,0
3144,2020/10/4,Prague_1,6403.32,4.57,0.9799999999999999,0,,Sunday,0
3144,2020/10/5,Prague_1,7479.150000000001,4.57,1,0,,Monday,0
3144,2020/10/6,Prague_1,7929.599999999999,4.57,1,0,Memorial Day for the Martyrs of Arad,Tuesday,0
3144,2020/10/7,Prague_1,7583.7300000000005,4.57,1,0,,Wednesday,0
3144,2020/10/8,Prague_1,10781.12,4.57,1,0,,Thursday,0
3144,2020/10/9,Prague_1,11856.04,4.57,1,0,,Friday,0
3144,2020/10/10,Prague_1,7110.740000000001,4.57,0.57,0,,Saturday,0
3144,2020/10/11,Prague_1,8897.35,4.57,1,0,,Sunday,0
3144,2020/10/12,Prague_1,9770.18,4.57,1,0,,Monday,0
3144,2020/10/13,Prague_1,9413.32,4.57,0.8099999999999999,0,,Tuesday,0
3144,2020/10/14,Prague_1,13238.33,4.57,0.8099999999999999,0,,Wednesday,0
3144,2020/10/15,Prague_1,12438.720000000001,4.57,1,0,,Thursday,0
3144,2020/10/16,Prague_1,7739.0599999999995,4.57,1,0,,Friday,0
3144,2020/10/17,Prague_1,6426.98,4.57,1,0,,Saturday,0
3144,2020/10/18,Prague_1,6507.48,4.57,1,0,,Sunday,0
3144,2020/10/19,Prague_1,9341.36,4.57,1,0,,Monday,0
3144,2020/10/20,Prague_1,9058.42,4.57,1,0,,Tuesday,0
3144,2020/10/21,Prague_1,10478.58,4.57,1,0,,Wednesday,0
3144,2020/10/22,Prague_1,9209.83,4.57,1,0,,Thursday,0
3144,2020/10/23,Prague_1,8272.67,4.57,1,1,Memorial day of the 1956 Revolution,Friday,0
3144,2020/10/24,Prague_1,8211.35,4.57,1,0,,Saturday,0
3144,2020/10/25,Prague_1,8575.35,4.57,1,0,,Sunday,0
3144,2020/10/26,Prague_1,9178.050000000001,4.57,1,0,,Monday,0
3144,2020/10/27,Prague_1,14025.62,4.57,1,0,,Tuesday,0
3144,2020/10/28,Prague_1,10937.29,4.57,1,1,Den vzniku samostatneho ceskoslovenskeho statu,Wednesday,0
3144,2020/10/29,Prague_1,10944.92,4.57,1,0,,Thursday,0
3144,2020/10/30,Prague_1,8044.54,4.57,1,0,,Friday,0
3144,2020/10/31,Prague_1,5881.12,4.57,1,1,Reformation Day,Saturday,0
3144,2020/11/1,Prague_1,8688.26,4.57,1,1,All Saints Day,Sunday,0
3144,2020/11/2,Prague_1,9487.24,4.57,1,0,,Monday,0
3144,2020/11/3,Prague_1,9533.86,4.57,0.27,0,,Tuesday,0
3144,2020/11/4,Prague_1,8916.18,4.57,1,0,,Wednesday,0
3144,2020/11/5,Prague_1,7696.43,4.57,0.97,0,,Thursday,0
3144,2020/11/6,Prague_1,9283.54,4.57,1,0,,Friday,0
3144,2020/11/7,Prague_1,7327.32,4.57,0.6,0,,Saturday,0
3144,2020/11/8,Prague_1,7484.050000000001,4.57,0.18,0,,Sunday,0
3144,2020/11/10,Prague_1,7733.67,4.57,1,0,,Tuesday,0
3144,2020/11/11,Prague_1,7531.300000000001,4.57,1,0,,Wednesday,0
3144,2020/11/12,Prague_1,7945.839999999999,4.57,1,0,,Thursday,0
3144,2020/11/13,Prague_1,8470.14,4.57,1,0,,Friday,0
3144,2020/11/14,Prague_1,7540.47,4.57,0.59,0,,Saturday,0
3144,2020/11/15,Prague_1,9063.32,4.57,1,0,,Sunday,0
3144,2020/11/16,Prague_1,10856.93,4.57,1,0,,Monday,0
3144,2020/11/17,Prague_1,11077.36,4.57,1,1,Den boje za svobodu a demokracii,Tuesday,0
3144,2020/11/18,Prague_1,12426.89,4.57,1,0,,Wednesday,0
3144,2020/11/19,Prague_1,13351.59,4.57,1,0,,Thursday,0
3144,2020/11/20,Prague_1,14522.550000000001,4.57,1,0,,Friday,0
3144,2020/11/21,Prague_1,10034.64,4.57,1,0,,Saturday,0
3144,2020/11/22,Prague_1,12562.62,4.57,1,0,,Sunday,0
3144,2020/11/23,Prague_1,11792.199999999999,4.57,1,0,,Monday,0
3144,2020/11/24,Prague_1,12353.46,4.57,1,0,,Tuesday,0
3144,2020/11/25,Prague_1,10139.779999999999,4.57,1,0,,Wednesday,0
3144,2020/11/26,Prague_1,11101.93,4.57,1,0,,Thursday,0
3144,2020/11/27,Prague_1,10609.62,4.57,1,0,,Friday,0
3144,2020/11/28,Prague_1,10833.62,4.57,1,0,,Saturday,0
3144,2020/11/29,Prague_1,13023.92,4.57,1,0,,Sunday,0
3144,2020/11/30,Prague_1,10023.79,4.57,1,0,,Monday,0
3144,2020/12/1,Prague_1,7540.33,4.57,1,0,,Tuesday,0
3144,2020/12/2,Prague_1,9652.44,4.57,1,0,,Wednesday,0
3144,2020/12/3,Prague_1,10749.13,4.57,1,0,,Thursday,0
3144,2020/12/4,Prague_1,11425.61,4.57,1,0,,Friday,0
3144,2020/12/5,Prague_1,7307.93,4.57,1,0,,Saturday,0
3144,2020/12/6,Prague_1,6854.68,4.57,1,0,,Sunday,0
3144,2020/12/7,Prague_1,9413.46,4.57,1,0,,Monday,0
3144,2020/12/8,Prague_1,12596.64,4.57,1,0,,Tuesday,0
3144,2020/12/9,Prague_1,10557.470000000001,4.57,1,0,,Wednesday,0
3144,2020/12/10,Prague_1,12352.13,4.57,1,0,,Thursday,0
3144,2020/12/11,Prague_1,12104.33,4.57,1,0,,Friday,0
3144,2020/12/12,Prague_1,10183.81,4.57,1,0,,Saturday,0
3144,2020/12/13,Prague_1,9900.029999999999,4.57,1,0,,Sunday,0
3144,2020/12/14,Prague_1,9022.86,4.57,1,0,,Monday,0
3144,2020/12/15,Prague_1,9450.63,4.57,1,0,,Tuesday,0
3144,2020/12/16,Prague_1,11732.49,4.57,1,0,,Wednesday,0
3144,2020/12/17,Prague_1,12995.01,4.57,1,0,,Thursday,0
3144,2020/12/18,Prague_1,10554.74,4.57,1,0,,Friday,0
3144,2020/12/19,Prague_1,10490.480000000001,4.57,1,0,,Saturday,0
3144,2020/12/20,Prague_1,12251.4,4.57,1,0,,Sunday,0
3144,2020/12/21,Prague_1,14829.779999999999,4.57,1,0,,Monday,0
3144,2020/12/22,Prague_1,10664.99,4.57,1,0,,Tuesday,0
3144,2020/12/23,Prague_1,5941.389999999999,4.57,1,0,,Wednesday,0
3144,2020/12/24,Prague_1,2623.81,4.57,1,1,Christmas Eve,Thursday,0
3144,2020/12/25,Prague_1,7690.4800000000005,4.57,1,1,1st Christmas Day,Friday,0
3144,2020/12/26,Prague_1,12280.449999999999,4.57,1,1,2nd Christmas Day,Saturday,0
3144,2020/12/27,Prague_1,12343.17,4.57,0.96,0,,Sunday,0
3144,2020/12/28,Prague_1,11085.970000000001,4.57,0.63,0,,Monday,0
3144,2020/12/29,Prague_1,14123.76,4.57,1,0,,Tuesday,0
3144,2020/12/30,Prague_1,13739.46,4.57,1,0,,Wednesday,0
3144,2020/12/31,Prague_1,5940.900000000001,4.57,1,0,,Thursday,0
3144,2021/1/1,Prague_1,8826.51,4.57,1,1,New Years Day,Friday,0
3144,2021/1/2,Prague_1,12611.83,4.57,1,0,,Saturday,0
3144,2021/1/3,Prague_1,15118.39,4.57,1,0,,Sunday,0
3144,2021/1/4,Prague_1,16786.63,4.57,1,0,,Monday,0
3144,2021/1/5,Prague_1,12882.94,4.57,1,0,,Tuesday,0
3144,2021/1/6,Prague_1,12672.87,4.57,1,1,Epiphany,Wednesday,0
3144,2021/1/7,Prague_1,16391.899999999998,4.57,1,0,,Thursday,0
3144,2021/1/8,Prague_1,14545.23,4.57,1,0,,Friday,0
3144,2021/1/9,Prague_1,11785.06,4.57,1,0,,Saturday,0
3144,2021/1/10,Prague_1,13001.449999999999,4.57,1,0,,Sunday,0
3144,2021/1/11,Prague_1,12363.19,4.57,1,0,,Monday,0
3144,2021/1/12,Prague_1,13581.75,4.57,1,0,,Tuesday,0
3144,2021/1/13,Prague_1,13415.36,4.57,1,0,,Wednesday,0
3144,2021/1/14,Prague_1,13683.39,4.57,1,0,,Thursday,0
3144,2021/1/15,Prague_1,12738.74,4.57,1,0,,Friday,0
3144,2021/1/16,Prague_1,10315.9,4.57,1,0,,Saturday,0
3144,2021/1/17,Prague_1,11400.34,4.57,1,0,,Sunday,0
3144,2021/1/18,Prague_1,12434.029999999999,4.57,1,0,,Monday,0
3144,2021/1/19,Prague_1,10296.230000000001,4.57,1,0,,Tuesday,0
3144,2021/1/20,Prague_1,10503.779999999999,4.57,0.99,0,,Wednesday,0
3144,2021/1/21,Prague_1,12399.519999999999,4.57,1,0,,Thursday,0
3144,2021/1/22,Prague_1,11229.75,4.57,1,0,,Friday,0
3144,2021/1/23,Prague_1,9930.9,4.57,1,0,,Saturday,0
3144,2021/1/24,Prague_1,12618.199999999999,4.57,1,0,,Sunday,0
3144,2021/1/25,Prague_1,8911.35,4.57,1,0,,Monday,0
3144,2021/1/26,Prague_1,11434.43,4.57,1,0,,Tuesday,0
3144,2021/1/27,Prague_1,11251.029999999999,4.57,1,0,,Wednesday,0
3144,2021/1/28,Prague_1,14856.240000000002,4.57,1,0,,Thursday,0
3144,2021/1/29,Prague_1,12092.5,4.57,1,0,,Friday,0
3144,2021/1/30,Prague_1,10376.24,4.57,1,0,,Saturday,0
3144,2021/1/31,Prague_1,9047.36,4.57,1,0,,Sunday,0
3144,2021/2/1,Prague_1,11127.9,4.57,1,0,Memorial Day of the Republic,Monday,0
3144,2021/2/2,Prague_1,12439.21,4.57,1,0,,Tuesday,0
3144,2021/2/3,Prague_1,9539.11,4.57,1,0,,Wednesday,0
3144,2021/2/4,Prague_1,13502.65,4.57,1,0,,Thursday,0
3144,2021/2/5,Prague_1,11893.07,4.57,1,0,,Friday,0
3144,2021/2/6,Prague_1,14097.300000000001,4.57,1,0,,Saturday,0
3144,2021/2/7,Prague_1,11621.19,4.57,1,0,,Sunday,0
3144,2021/2/8,Prague_1,14940.800000000001,4.57,1,0,,Monday,0
3144,2021/2/9,Prague_1,16890.02,4.57,1,0,,Tuesday,0
3144,2021/2/10,Prague_1,14950.740000000002,4.57,1,0,,Wednesday,0
3144,2021/2/11,Prague_1,15893.220000000001,4.57,1,0,,Thursday,0
3144,2021/2/12,Prague_1,14890.820000000002,4.57,1,0,,Friday,0
3144,2021/2/13,Prague_1,10618.720000000001,4.57,1,0,,Saturday,0
3144,2021/2/14,Prague_1,9808.61,4.57,1,0,,Sunday,0
3144,2021/2/15,Prague_1,13937.279999999999,4.57,1,0,,Monday,0
3144,2021/2/16,Prague_1,11024.230000000001,4.57,1,0,,Tuesday,0
3144,2021/2/17,Prague_1,14771.19,4.57,1,0,,Wednesday,0
3144,2021/2/18,Prague_1,13247.99,4.57,1,0,,Thursday,0
3144,2021/2/19,Prague_1,13719.93,4.57,1,0,,Friday,0
3144,2021/2/20,Prague_1,11389.49,4.57,1,0,,Saturday,0
3144,2021/2/21,Prague_1,12423.25,4.57,1,0,,Sunday,0
3144,2021/2/22,Prague_1,13797,4.57,1,0,,Monday,0
3144,2021/2/23,Prague_1,14129.71,4.57,1,0,,Tuesday,0
3144,2021/2/24,Prague_1,19134.01,4.57,1,0,,Wednesday,0
3144,2021/2/25,Prague_1,15836.59,4.57,1,0,Memorial Day for the Victims of the Communist Dictatorships,Thursday,0
3144,2021/2/26,Prague_1,16761.43,4.57,1,0,,Friday,0
3144,2021/2/27,Prague_1,14989.869999999999,4.57,1,0,,Saturday,0
3144,2021/2/28,Prague_1,13360.83,4.57,1,0,,Sunday,0
3144,2021/3/1,Prague_1,14086.31,4.57,1,0,,Monday,0
3144,2021/3/2,Prague_1,12725.09,4.57,1,0,,Tuesday,0
3144,2021/3/3,Prague_1,14923.929999999998,4.57,1,0,,Wednesday,0
3144,2021/3/4,Prague_1,13898.15,4.57,1,0,,Thursday,0
3144,2021/3/5,Prague_1,12556.11,4.57,1,0,,Friday,0
3144,2021/3/6,Prague_1,12008.64,4.57,1,0,,Saturday,0
3144,2021/3/7,Prague_1,14113.61,4.57,1,0,,Sunday,0
3144,2021/3/8,Prague_1,17597.93,4.57,1,0,International womens day,Monday,0
3144,2021/3/9,Prague_1,15223.600000000002,4.57,1,0,,Tuesday,0
3144,2021/3/10,Prague_1,13291.949999999999,4.57,1,0,,Wednesday,0
3144,2021/3/11,Prague_1,15382.570000000002,4.57,1,0,,Thursday,0
3144,2021/3/12,Prague_1,13199.62,4.57,1,0,,Friday,0
3144,2021/3/13,Prague_1,11273.64,4.57,1,0,,Saturday,0
3144,2021/3/14,Prague_1,14238,4.57,1,0,,Sunday,0
3144,2021/3/15,Prague_1,15172.570000000002,4.57,1,1,Memorial Day for the Victims of the Holocaust,Monday,0
3144,2021/3/16,Prague_1,13637.96,4.57,1,0,,Tuesday,0
3144,2021/3/17,Prague_1,15474.970000000001,4.57,1,0,,Wednesday,0
3144,2021/3/18,Prague_1,16761.78,4.57,1,0,,Thursday,0
3144,2021/3/19,Prague_1,12240.34,4.57,1,0,,Friday,0
3144,2021/3/20,Prague_1,12247.13,4.57,1,0,,Saturday,0
3144,2021/3/21,Prague_1,11991.35,4.57,1,0,,Sunday,0
3144,2021/3/22,Prague_1,13411.51,4.57,1,0,,Monday,0
3144,2021/3/23,Prague_1,14721.490000000002,4.57,1,0,,Tuesday,0
3144,2021/3/24,Prague_1,13666.38,4.57,1,0,,Wednesday,0
3144,2021/3/25,Prague_1,14516.67,4.57,1,0,,Thursday,0
3144,2021/3/26,Prague_1,13568.519999999999,4.57,1,0,,Friday,0
3144,2021/3/27,Prague_1,13155.449999999999,4.57,1,0,,Saturday,0
3144,2021/3/28,Prague_1,11893.84,4.57,1,0,,Sunday,0
3144,2021/3/29,Prague_1,16063.320000000002,4.57,1,0,,Monday,0
3144,2021/3/30,Prague_1,15798.44,4.57,1,0,,Tuesday,0
3144,2021/3/31,Prague_1,20275.78,4.57,1,0,,Wednesday,0
3144,2021/4/1,Prague_1,16698.36,4.57,1,0,,Thursday,0
3144,2021/4/2,Prague_1,11687.480000000001,4.57,1,1,Good Friday,Friday,0
3144,2021/4/3,Prague_1,12630.31,4.57,1,1,,Saturday,0
3144,2021/4/4,Prague_1,9535.82,4.57,1,1,,Sunday,0
3144,2021/4/5,Prague_1,8576.050000000001,4.57,0.92,1,Easter Monday,Monday,0
3144,2021/4/6,Prague_1,14288.68,4.57,0.32,0,,Tuesday,0
3144,2021/4/7,Prague_1,16119.460000000001,4.57,1,0,,Wednesday,0
3144,2021/4/8,Prague_1,13686.54,4.57,1,0,,Thursday,0
3144,2021/4/9,Prague_1,12643.61,4.57,1,0,,Friday,0
3144,2021/4/10,Prague_1,10535.56,4.57,1,0,,Saturday,0
3144,2021/4/11,Prague_1,9165.800000000001,4.57,1,0,,Sunday,0
3144,2021/4/12,Prague_1,17429.3,4.57,1,0,,Monday,0
3144,2021/4/13,Prague_1,12026.14,4.57,1,0,,Tuesday,0
3144,2021/4/14,Prague_1,13067.6,4.57,1,0,,Wednesday,0
3144,2021/4/15,Prague_1,14429.869999999999,4.57,1,0,,Thursday,0
3144,2021/4/16,Prague_1,13264.230000000001,4.57,1,0,Memorial Day for the Victims of the Holocaust,Friday,0
3144,2021/4/17,Prague_1,9372.300000000001,4.57,1,0,,Saturday,0
3144,2021/4/18,Prague_1,10286.220000000001,4.57,1,0,,Sunday,0
3144,2021/4/19,Prague_1,10990.35,4.57,1,0,,Monday,0
3144,2021/4/20,Prague_1,13144.04,4.57,1,0,,Tuesday,0
3144,2021/4/21,Prague_1,12314.82,4.57,1,0,,Wednesday,0
3144,2021/4/22,Prague_1,12369.699999999999,4.57,1,0,,Thursday,0
3144,2021/4/23,Prague_1,12292.699999999999,4.57,1,0,,Friday,0
3144,2021/4/24,Prague_1,8168.79,4.57,1,0,,Saturday,0
3144,2021/4/25,Prague_1,11287.57,4.57,1,0,,Sunday,0
3144,2021/4/26,Prague_1,10665.550000000001,4.57,1,0,,Monday,0
3144,2021/4/27,Prague_1,12800.550000000001,4.57,1,0,,Tuesday,0
3144,2021/4/28,Prague_1,11648.980000000001,4.57,1,0,,Wednesday,0
3144,2021/4/29,Prague_1,14396.130000000001,4.57,1,0,,Thursday,0
3144,2021/4/30,Prague_1,10285.38,4.57,1,0,,Friday,0
3144,2021/5/1,Prague_1,11004.699999999999,4.57,1,1,Labour Day,Saturday,0
3144,2021/5/2,Prague_1,10618.16,4.57,1,0,,Sunday,0
3144,2021/5/3,Prague_1,10468.99,4.57,1,0,,Monday,0
3144,2021/5/4,Prague_1,11004.42,4.57,1,0,,Tuesday,0
3144,2021/5/5,Prague_1,12933.970000000001,4.57,1,0,,Wednesday,0
3144,2021/5/6,Prague_1,14711.83,4.57,1,0,,Thursday,0
3144,2021/5/7,Prague_1,16101.259999999998,4.57,1,0,,Friday,0
3144,2021/5/8,Prague_1,12460.42,4.57,1,1,Den osvobozeni,Saturday,0
3144,2021/5/9,Prague_1,8377.529999999999,4.57,1,0,,Sunday,0
3144,2021/5/10,Prague_1,9726.99,4.57,1,0,,Monday,0
3144,2021/5/11,Prague_1,11972.59,4.57,1,0,,Tuesday,0
3144,2021/5/12,Prague_1,11380.32,4.57,1,0,,Wednesday,0
3144,2021/5/13,Prague_1,15743.14,4.57,1,1,Ascension day,Thursday,0
3144,2021/5/14,Prague_1,14033.529999999999,4.57,1,0,,Friday,0
3144,2021/5/15,Prague_1,11299.050000000001,4.57,1,0,,Saturday,0
3144,2021/5/16,Prague_1,9768.57,4.57,1,0,,Sunday,0
3144,2021/5/17,Prague_1,9874.970000000001,4.57,1,0,,Monday,0
3144,2021/5/18,Prague_1,9857.75,4.57,1,0,,Tuesday,0
3144,2021/5/19,Prague_1,11995.34,4.57,1,0,,Wednesday,0
3144,2021/5/20,Prague_1,11482.24,4.57,1,0,,Thursday,0
3144,2021/5/21,Prague_1,10114.37,4.57,1,0,National Defense Day,Friday,0
3144,2021/5/22,Prague_1,9405.480000000001,4.57,1,0,,Saturday,0
3144,2021/5/23,Prague_1,10173.029999999999,4.57,1,1,Whit sunday,Sunday,0
3144,2021/5/24,Prague_1,10753.4,4.57,1,1,Whit monday,Monday,0
3144,2021/5/25,Prague_1,13190.519999999999,4.57,1,0,,Tuesday,0
3144,2021/5/26,Prague_1,10410.96,4.57,1,0,,Wednesday,0
3144,2021/5/27,Prague_1,12113.92,4.57,1,0,,Thursday,0
3144,2021/5/28,Prague_1,12331.83,4.57,1,0,,Friday,0
3144,2021/5/29,Prague_1,9483.67,4.57,1,0,,Saturday,0
3144,2021/5/30,Prague_1,10140.970000000001,4.57,1,0,,Sunday,0
3144,2021/5/31,Prague_1,10585.26,4.57,1,0,,Monday,0
3144,2021/6/1,Prague_1,10517.36,4.57,1,0,,Tuesday,0
3144,2021/6/2,Prague_1,10423.699999999999,4.57,1,0,,Wednesday,0
3144,2021/6/3,Prague_1,11287.43,4.57,1,1,Corpus Christi,Thursday,0
3144,2021/6/4,Prague_1,12991.37,4.57,1,0,Day of National Unity,Friday,0
3144,2021/6/5,Prague_1,9733.15,4.57,1,0,,Saturday,0
3144,2021/6/6,Prague_1,10405.57,4.57,1,0,,Sunday,0
3144,2021/6/7,Prague_1,10911.18,4.57,1,0,,Monday,0
3144,2021/6/8,Prague_1,10809.89,4.57,1,0,,Tuesday,0
3144,2021/6/9,Prague_1,12306.769999999999,4.57,1,0,,Wednesday,0
3144,2021/6/10,Prague_1,12393.29,4.57,1,0,,Thursday,0
3144,2021/6/11,Prague_1,11573.94,4.57,1,0,,Friday,0
3144,2021/6/12,Prague_1,10026.17,4.57,1,0,,Saturday,0
3144,2021/6/13,Prague_1,10683.19,4.57,1,0,,Sunday,0
3144,2021/6/14,Prague_1,10713.71,4.57,1,0,,Monday,0
3144,2021/6/15,Prague_1,12361.019999999999,4.57,1,0,,Tuesday,0
3144,2021/6/16,Prague_1,11039.769999999999,4.57,1,0,,Wednesday,0
3144,2021/6/17,Prague_1,13139.84,4.57,1,0,,Thursday,0
3144,2021/6/18,Prague_1,12462.800000000001,4.57,1,0,,Friday,0
3144,2021/6/19,Prague_1,10330.949999999999,4.57,1,0,Independent Hungary Day,Saturday,0
3144,2021/6/20,Prague_1,10838.24,4.57,1,0,,Sunday,0
3144,2021/6/21,Prague_1,11362.19,4.57,1,0,,Monday,0
3144,2021/6/22,Prague_1,10610.04,4.57,1,0,,Tuesday,0
3144,2021/6/23,Prague_1,10617.529999999999,4.57,1,0,,Wednesday,0
3144,2021/6/24,Prague_1,12194.14,4.57,1,0,,Thursday,0
3144,2021/6/25,Prague_1,8823.36,4.57,1,0,,Friday,0
3144,2021/6/26,Prague_1,8294.44,4.57,1,0,,Saturday,0
3144,2021/6/27,Prague_1,8979.949999999999,4.57,1,0,,Sunday,0
3144,2021/6/28,Prague_1,10346.14,4.57,1,0,,Monday,0
3144,2021/6/29,Prague_1,9793.49,4.57,1,0,,Tuesday,0
3144,2021/6/30,Prague_1,9405.13,4.57,1,0,,Wednesday,0
3144,2021/7/1,Prague_1,10936.449999999999,4.57,1,0,,Thursday,0
3144,2021/7/2,Prague_1,10718.54,4.57,1,0,,Friday,0
3144,2021/7/3,Prague_1,8315.09,4.57,1,0,,Saturday,0
3144,2021/7/4,Prague_1,8013.46,4.57,1,0,,Sunday,0
3144,2021/7/5,Prague_1,8902.88,4.57,1,1,Cyrila a Metodej,Monday,0
3144,2021/7/6,Prague_1,9469.46,4.57,1,1,Jan Hus,Tuesday,0
3144,2021/7/7,Prague_1,9535.4,4.57,1,0,,Wednesday,0
3144,2021/7/8,Prague_1,9761.57,4.57,1,0,,Thursday,0
3144,2021/7/9,Prague_1,10223.71,4.57,1,0,,Friday,0
3144,2021/7/10,Prague_1,6284.04,4.57,1,0,,Saturday,0
3144,2021/7/11,Prague_1,11685.66,4.57,1,0,,Sunday,0
3144,2021/7/12,Prague_1,10595.970000000001,4.57,1,0,,Monday,0
3144,2021/7/13,Prague_1,10934.699999999999,4.57,1,0,,Tuesday,0
3144,2021/7/14,Prague_1,9752.61,4.57,1,0,,Wednesday,0
3144,2021/7/15,Prague_1,11561.480000000001,4.57,1,0,,Thursday,0
3144,2021/7/16,Prague_1,9226.91,4.57,1,0,,Friday,0
3144,2021/7/17,Prague_1,9247.42,4.57,1,0,,Saturday,0
3144,2021/7/18,Prague_1,10055.15,4.57,1,0,,Sunday,0
3144,2021/7/19,Prague_1,8569.61,4.57,1,0,,Monday,0
3144,2021/7/20,Prague_1,11098.85,4.57,1,0,,Tuesday,0
3144,2021/7/21,Prague_1,10156.65,4.57,1,0,,Wednesday,0
3144,2021/7/22,Prague_1,8747.13,4.57,1,0,,Thursday,0
3144,2021/7/23,Prague_1,10679.269999999999,4.57,1,0,,Friday,0
3144,2021/7/24,Prague_1,7748.4400000000005,4.57,1,0,,Saturday,0
3144,2021/7/25,Prague_1,9289.980000000001,4.57,1,0,,Sunday,0
3144,2021/7/26,Prague_1,10974.11,4.57,1,0,,Monday,0
3144,2021/7/27,Prague_1,9117.71,4.57,1,0,,Tuesday,0
3144,2021/7/28,Prague_1,9151.24,4.57,1,0,,Wednesday,0
3144,2021/7/29,Prague_1,11117.470000000001,4.57,1,0,,Thursday,0
3144,2021/7/30,Prague_1,11292.050000000001,4.57,1,0,,Friday,0
3144,2021/7/31,Prague_1,9326.87,4.57,1,0,,Saturday,0
3144,2021/8/1,Prague_1,7282.379999999999,4.57,1,0,,Sunday,0
3144,2021/8/2,Prague_1,8174.949999999999,4.57,1,0,,Monday,0
3144,2021/8/3,Prague_1,8812.720000000001,4.57,1,0,,Tuesday,0
3144,2021/8/4,Prague_1,10332.769999999999,4.57,1,0,,Wednesday,0
3144,2021/8/5,Prague_1,10556.84,4.57,1,0,,Thursday,0
3144,2021/8/6,Prague_1,8783.39,4.57,1,0,,Friday,0
3144,2021/8/7,Prague_1,8072.610000000001,4.57,1,0,,Saturday,0
3144,2021/8/8,Prague_1,8886.99,4.57,1,1,Peace Festival in Augsburg,Sunday,0
3144,2021/8/9,Prague_1,7553.839999999999,4.57,1,0,,Monday,0
3144,2021/8/10,Prague_1,8966.86,4.57,1,0,,Tuesday,0
3144,2021/8/11,Prague_1,7509.599999999999,4.57,1,0,,Wednesday,0
3144,2021/8/12,Prague_1,8818.949999999999,4.57,1,0,,Thursday,0
3144,2021/8/13,Prague_1,9820.37,4.57,1,0,,Friday,0
3144,2021/8/14,Prague_1,9230.199999999999,4.57,1,0,,Saturday,0
3144,2021/8/15,Prague_1,10606.470000000001,4.57,1,1,Assumption of the Virgin Mary,Sunday,0
3144,2021/8/16,Prague_1,10599.470000000001,4.57,1,0,,Monday,0
3144,2021/8/17,Prague_1,9649.5,4.57,1,0,,Tuesday,0
3144,2021/8/18,Prague_1,9227.61,4.57,1,0,,Wednesday,0
3144,2021/8/19,Prague_1,10060.75,4.57,1,0,,Thursday,0
3144,2021/8/20,Prague_1,9076.34,4.57,1,1,State Foundation Day,Friday,0
3144,2021/8/21,Prague_1,10363.43,4.57,1,0,,Saturday,0
3144,2021/8/22,Prague_1,9640.75,4.57,1,0,,Sunday,0
3144,2021/8/23,Prague_1,9993.76,4.57,1,0,,Monday,0
3144,2021/8/24,Prague_1,9220.54,4.57,1,0,,Tuesday,0
3144,2021/8/25,Prague_1,9766.68,4.57,1,0,,Wednesday,0
3144,2021/8/26,Prague_1,12734.75,4.57,1,0,,Thursday,0
3144,2021/8/27,Prague_1,12595.730000000001,4.57,1,0,,Friday,0
3144,2021/8/28,Prague_1,10230.01,4.57,1,0,,Saturday,0
3144,2021/8/29,Prague_1,9738.54,4.57,1,0,,Sunday,0
3144,2021/8/30,Prague_1,11978.26,4.57,1,0,,Monday,0
3144,2021/8/31,Prague_1,13451.69,4.57,1,0,,Tuesday,0
3144,2021/9/1,Prague_1,10523.17,4.57,1,0,,Wednesday,0
3144,2021/9/2,Prague_1,11777.15,4.57,1,0,,Thursday,0
3144,2021/9/3,Prague_1,11213.09,4.57,1,0,,Friday,0
3144,2021/9/4,Prague_1,8951.529999999999,4.57,1,0,,Saturday,0
3144,2021/9/5,Prague_1,10900.4,4.57,1,0,,Sunday,0
3144,2021/9/6,Prague_1,9066.050000000001,4.57,1,0,,Monday,0
3144,2021/9/7,Prague_1,11376.75,4.57,1,0,,Tuesday,0
3144,2021/9/8,Prague_1,10703.14,4.57,1,0,,Wednesday,0
3144,2021/9/9,Prague_1,11730.67,4.57,1,0,,Thursday,0
3144,2021/9/10,Prague_1,10788.470000000001,4.57,1,0,,Friday,0
3144,2021/9/11,Prague_1,9268,4.57,1,0,,Saturday,0
3144,2021/9/12,Prague_1,11727.730000000001,4.57,1,0,,Sunday,0
3144,2021/9/13,Prague_1,9766.33,4.57,1,0,,Monday,0
3144,2021/9/14,Prague_1,11275.88,4.57,1,0,,Tuesday,0
3144,2021/9/15,Prague_1,11833.36,4.57,1,0,,Wednesday,0
3144,2021/9/16,Prague_1,11696.93,4.57,1,0,,Thursday,0
3144,2021/9/17,Prague_1,13479.269999999999,4.57,1,0,,Friday,0
3144,2021/9/18,Prague_1,11014.71,4.57,1,0,,Saturday,0
3144,2021/9/19,Prague_1,12281.71,4.57,1,0,,Sunday,0
3144,2021/9/20,Prague_1,11117.33,4.57,1,0,,Monday,0
3144,2021/9/21,Prague_1,11423.93,4.57,1,0,,Tuesday,0
3144,2021/9/22,Prague_1,13251.14,4.57,1,0,,Wednesday,0
3144,2021/9/23,Prague_1,12761.980000000001,4.57,1,0,,Thursday,0
3144,2021/9/24,Prague_1,12412.61,4.57,1,0,,Friday,0
3144,2021/9/25,Prague_1,12568.29,4.57,1,0,,Saturday,0
3144,2021/9/26,Prague_1,11590.04,4.57,1,0,,Sunday,0
3144,2021/9/27,Prague_1,17395.350000000002,4.57,1,0,,Monday,0
3144,2021/9/28,Prague_1,17592.89,4.57,1,1,Den ceske statnosti,Tuesday,0
3144,2021/9/29,Prague_1,14507.149999999998,4.57,1,0,,Wednesday,0
3144,2021/9/30,Prague_1,14442.399999999998,4.57,1,0,,Thursday,0
3144,2021/10/1,Prague_1,12272.19,4.57,1,0,,Friday,0
3144,2021/10/2,Prague_1,10089.59,4.57,1,0,,Saturday,0
3144,2021/10/3,Prague_1,12175.029999999999,4.57,1,1,German Unity Day,Sunday,0
3144,2021/10/4,Prague_1,12305.16,4.57,1,0,,Monday,0
3144,2021/10/5,Prague_1,10550.89,4.57,1,0,,Tuesday,0
3144,2021/10/6,Prague_1,11868.71,4.57,1,0,Memorial Day for the Martyrs of Arad,Wednesday,0
3144,2021/10/7,Prague_1,15518.58,4.57,1,0,,Thursday,0
3144,2021/10/8,Prague_1,12922.84,4.57,1,0,,Friday,0
3144,2021/10/9,Prague_1,11350.85,4.57,1,0,,Saturday,0
3144,2021/10/10,Prague_1,12283.81,4.57,1,0,,Sunday,0
3144,2021/10/11,Prague_1,15774.5,4.57,1,0,,Monday,0
3144,2021/10/12,Prague_1,14269.99,4.57,1,0,,Tuesday,0
3144,2021/10/13,Prague_1,13873.16,4.57,1,0,,Wednesday,0
3144,2021/10/14,Prague_1,15426.039999999999,4.57,1,0,,Thursday,0
3144,2021/10/15,Prague_1,15019.619999999999,4.57,1,0,,Friday,0
3144,2021/10/16,Prague_1,12580.26,4.57,1,0,,Saturday,0
3144,2021/10/17,Prague_1,13300,4.57,1,0,,Sunday,0
3144,2021/10/18,Prague_1,12577.67,4.57,1,0,,Monday,0
3144,2021/10/19,Prague_1,12721.800000000001,4.57,1,0,,Tuesday,0
3144,2021/10/20,Prague_1,13154.54,4.57,1,0,,Wednesday,0
3144,2021/10/21,Prague_1,13472.550000000001,4.57,1,0,,Thursday,0
3144,2021/10/22,Prague_1,14651.91,4.57,1,0,,Friday,0
3144,2021/10/23,Prague_1,13268.71,4.57,1,1,Memorial day of the 1956 Revolution,Saturday,0
3144,2021/10/24,Prague_1,13063.33,4.57,1,0,,Sunday,0
3144,2021/10/25,Prague_1,14070.35,4.57,1,0,,Monday,0
3144,2021/10/26,Prague_1,12910.38,4.57,1,0,,Tuesday,0
3144,2021/10/27,Prague_1,19037.899999999998,4.57,1,0,,Wednesday,0
3144,2021/10/28,Prague_1,14802.899999999998,4.57,1,1,Den vzniku samostatneho ceskoslovenskeho statu,Thursday,0
3144,2021/10/29,Prague_1,12297.25,4.57,1,0,,Friday,0
3144,2021/10/30,Prague_1,12428.220000000001,4.57,1,0,,Saturday,0
3144,2021/10/31,Prague_1,14487.970000000001,4.57,1,1,Reformation Day,Sunday,0
3144,2021/11/1,Prague_1,15564.779999999999,4.57,1,1,All Saints Day,Monday,0
3144,2021/11/2,Prague_1,15595.720000000001,4.57,1,0,,Tuesday,0
3144,2021/11/3,Prague_1,13857.9,4.57,1,0,,Wednesday,0
3144,2021/11/4,Prague_1,15694.77,4.57,1,0,,Thursday,0
3144,2021/11/5,Prague_1,14222.67,4.57,1,0,,Friday,0
3144,2021/11/6,Prague_1,12705.56,4.57,1,0,,Saturday,0
3144,2021/11/7,Prague_1,13203.19,4.57,1,0,,Sunday,0
3144,2021/11/8,Prague_1,14581.84,4.57,1,0,,Monday,0
3144,2021/11/9,Prague_1,14816.759999999998,4.57,1,0,,Tuesday,0
3144,2021/11/10,Prague_1,15286.11,4.57,1,0,,Wednesday,0
3144,2021/11/11,Prague_1,15829.17,5.2700000000000005,1,0,,Thursday,0
3144,2021/11/12,Prague_1,13341.93,5.2700000000000005,1,0,,Friday,0
3144,2021/11/13,Prague_1,11808.230000000001,5.2700000000000005,1,0,,Saturday,0
3144,2021/11/14,Prague_1,13553.19,5.2700000000000005,1,0,,Sunday,0
3144,2021/11/15,Prague_1,15596.279999999999,5.2700000000000005,1,0,,Monday,0
3144,2021/11/16,Prague_1,14059.64,5.2700000000000005,1,0,,Tuesday,0
3144,2021/11/17,Prague_1,11496.59,5.2700000000000005,1,1,Den boje za svobodu a demokracii,Wednesday,0
3144,2021/11/18,Prague_1,12804.33,5.2700000000000005,1,0,,Thursday,0
3144,2021/11/19,Prague_1,13840.68,5.2700000000000005,1,0,,Friday,0
3144,2021/11/20,Prague_1,12846.54,5.2700000000000005,1,0,,Saturday,0
3144,2021/11/21,Prague_1,14937.23,5.2700000000000005,1,0,,Sunday,0
3144,2021/11/22,Prague_1,13579.019999999999,5.2700000000000005,1,0,,Monday,0
3144,2021/11/23,Prague_1,13186.11,5.2700000000000005,1,0,,Tuesday,0
3144,2021/11/24,Prague_1,13779.220000000001,5.2700000000000005,1,0,,Wednesday,0
3144,2021/11/25,Prague_1,14900.899999999998,5.2700000000000005,1,0,,Thursday,0
3144,2021/11/26,Prague_1,16159.08,5.2700000000000005,1,0,,Friday,0
3144,2021/11/27,Prague_1,14389.899999999998,5.2700000000000005,1,0,,Saturday,0
3144,2021/11/28,Prague_1,14097.58,5.2700000000000005,1,0,,Sunday,0
3144,2021/11/29,Prague_1,12639.550000000001,5.2700000000000005,1,0,,Monday,0
3144,2021/11/30,Prague_1,13384.769999999999,5.2700000000000005,1,0,,Tuesday,0
3144,2021/12/1,Prague_1,14712.529999999999,5.2700000000000005,1,0,,Wednesday,0
3144,2021/12/2,Prague_1,15361.92,5.2700000000000005,1,0,,Thursday,0
3144,2021/12/3,Prague_1,14114.029999999999,5.2700000000000005,1,0,,Friday,0
3144,2021/12/4,Prague_1,13126.82,5.2700000000000005,1,0,,Saturday,0
3144,2021/12/5,Prague_1,9535.75,5.2700000000000005,1,0,,Sunday,0
3144,2021/12/6,Prague_1,12545.68,5.2700000000000005,1,0,,Monday,0
3144,2021/12/7,Prague_1,12768.279999999999,5.2700000000000005,1,0,,Tuesday,0
3144,2021/12/8,Prague_1,14026.25,5.2700000000000005,1,0,,Wednesday,0
3144,2021/12/9,Prague_1,15476.23,5.2700000000000005,1,0,,Thursday,0
3144,2021/12/10,Prague_1,14828.449999999999,5.2700000000000005,1,0,,Friday,0
3144,2021/12/11,Prague_1,13479.06,5.2700000000000005,1,0,,Saturday,0
3144,2021/12/12,Prague_1,11624.06,5.2700000000000005,1,0,,Sunday,0
3144,2021/12/13,Prague_1,12906.25,5.2700000000000005,1,0,,Monday,0
3144,2021/12/14,Prague_1,11342.87,5.2700000000000005,1,0,,Tuesday,0
3144,2021/12/15,Prague_1,13324.29,5.2700000000000005,1,0,,Wednesday,0
3144,2021/12/16,Prague_1,13170.57,5.2700000000000005,1,0,,Thursday,0
3144,2021/12/17,Prague_1,12430.04,5.2700000000000005,1,0,,Friday,0
3144,2021/12/18,Prague_1,11816.42,5.2700000000000005,1,0,,Saturday,0
3144,2021/12/19,Prague_1,14296.17,5.2700000000000005,1,0,,Sunday,0
3144,2021/12/20,Prague_1,12664.75,5.2700000000000005,1,0,,Monday,0
3144,2021/12/21,Prague_1,13957.86,5.2700000000000005,1,0,,Tuesday,0
3144,2021/12/22,Prague_1,11216.59,5.2700000000000005,1,0,,Wednesday,0
3144,2021/12/23,Prague_1,5761.349999999999,5.2700000000000005,1,0,,Thursday,0
3144,2021/12/24,Prague_1,2503.6200000000003,5.2700000000000005,1,1,Christmas Eve,Friday,0
3144,2021/12/25,Prague_1,7222.53,5.2700000000000005,1,1,1st Christmas Day,Saturday,0
3144,2021/12/26,Prague_1,10360.42,5.2700000000000005,1,1,2nd Christmas Day,Sunday,0
3144,2021/12/27,Prague_1,12909.75,5.2700000000000005,1,0,,Monday,0
3144,2021/12/28,Prague_1,12474.84,5.2700000000000005,1,0,,Tuesday,0
3144,2021/12/29,Prague_1,13752.34,5.2700000000000005,0.99,0,,Wednesday,0
3144,2021/12/30,Prague_1,11132.029999999999,5.2700000000000005,1,0,,Thursday,0
3144,2021/12/31,Prague_1,4279.17,5.2700000000000005,1,0,,Friday,0
3144,2022/1/1,Prague_1,11456.83,5.2700000000000005,1,1,New Years Day,Saturday,0
3144,2022/1/2,Prague_1,14058.87,5.2700000000000005,1,0,,Sunday,0
3144,2022/1/3,Prague_1,13776.63,5.2700000000000005,1,0,,Monday,0
3144,2022/1/4,Prague_1,15324.539999999999,5.2700000000000005,1,0,,Tuesday,0
3144,2022/1/5,Prague_1,14912.100000000002,5.2700000000000005,1,0,,Wednesday,0
3144,2022/1/6,Prague_1,14824.600000000002,5.2700000000000005,1,1,Epiphany,Thursday,0
3144,2022/1/7,Prague_1,15034.740000000002,5.2700000000000005,1,0,,Friday,0
3144,2022/1/8,Prague_1,14141.54,5.2700000000000005,1,0,,Saturday,0
3144,2022/1/9,Prague_1,14840.91,5.2700000000000005,1,0,,Sunday,0
3144,2022/1/10,Prague_1,15260.14,5.2700000000000005,1,0,,Monday,0
3144,2022/1/11,Prague_1,12160.19,5.2700000000000005,1,0,,Tuesday,0
3144,2022/1/12,Prague_1,12519.36,5.2700000000000005,1,0,,Wednesday,0
3144,2022/1/13,Prague_1,15962.869999999999,5.2700000000000005,1,0,,Thursday,0
3144,2022/1/14,Prague_1,15206.869999999999,5.2700000000000005,1,0,,Friday,0
3144,2022/1/15,Prague_1,11105.5,5.2700000000000005,1,0,,Saturday,0
3144,2022/1/16,Prague_1,14104.79,5.2700000000000005,1,0,,Sunday,0
3144,2022/1/17,Prague_1,13915.93,5.2700000000000005,1,0,,Monday,0
3144,2022/1/18,Prague_1,13890.24,5.2700000000000005,1,0,,Tuesday,0
3144,2022/1/19,Prague_1,14911.679999999998,5.2700000000000005,1,0,,Wednesday,0
3144,2022/1/20,Prague_1,15650.179999999998,5.2700000000000005,1,0,,Thursday,0
3144,2022/1/21,Prague_1,14845.039999999999,5.2700000000000005,1,0,,Friday,0
3144,2022/1/22,Prague_1,14614.039999999999,5.2700000000000005,1,0,,Saturday,0
3144,2022/1/23,Prague_1,13495.44,5.2700000000000005,1,0,,Sunday,0
3144,2022/1/24,Prague_1,15090.460000000001,5.2700000000000005,1,0,,Monday,0
3144,2022/1/25,Prague_1,16237.970000000001,5.2700000000000005,1,0,,Tuesday,0
3144,2022/1/26,Prague_1,17497.41,5.2700000000000005,1,0,,Wednesday,0
3144,2022/1/27,Prague_1,16569.559999999998,5.2700000000000005,1,0,,Thursday,0
3144,2022/1/28,Prague_1,15782.550000000001,5.2700000000000005,1,0,,Friday,0
3144,2022/1/29,Prague_1,13557.74,5.2700000000000005,1,0,,Saturday,0
3144,2022/1/30,Prague_1,16639.350000000002,5.2700000000000005,1,0,,Sunday,0
3144,2022/1/31,Prague_1,14516.67,5.2700000000000005,1,0,,Monday,0
3144,2022/2/1,Prague_1,17330.600000000002,5.2700000000000005,1,0,Memorial Day of the Republic,Tuesday,0
3144,2022/2/2,Prague_1,14590.029999999999,5.2700000000000005,1,0,,Wednesday,0
3144,2022/2/3,Prague_1,16171.820000000002,5.2700000000000005,1,0,,Thursday,0
3144,2022/2/4,Prague_1,15678.039999999999,5.2700000000000005,1,0,,Friday,0
3144,2022/2/5,Prague_1,12640.67,5.2700000000000005,1,0,,Saturday,0
3144,2022/2/6,Prague_1,12064.64,5.2700000000000005,1,0,,Sunday,0
3144,2022/2/7,Prague_1,15117.619999999999,5.2700000000000005,1,0,,Monday,0
3144,2022/2/8,Prague_1,13612.06,5.2700000000000005,1,0,,Tuesday,0
3144,2022/2/9,Prague_1,12387.269999999999,5.2700000000000005,1,0,,Wednesday,0
3144,2022/2/10,Prague_1,15918.210000000001,5.2700000000000005,1,0,,Thursday,0
3144,2022/2/11,Prague_1,15208.759999999998,5.2700000000000005,1,0,,Friday,0
3144,2022/2/12,Prague_1,13068.93,5.2700000000000005,1,0,,Saturday,0
3144,2022/2/13,Prague_1,13672.54,5.2700000000000005,1,0,,Sunday,0
3144,2022/2/14,Prague_1,13189.19,5.2700000000000005,1,0,,Monday,0
3144,2022/2/15,Prague_1,12084.59,5.2700000000000005,1,0,,Tuesday,0
3144,2022/2/16,Prague_1,14611.100000000002,5.2700000000000005,1,0,,Wednesday,0
3144,2022/2/17,Prague_1,15157.17,5.2700000000000005,1,0,,Thursday,0
3144,2022/2/18,Prague_1,15894.41,5.2700000000000005,1,0,,Friday,0
3144,2022/2/19,Prague_1,11034.94,5.2700000000000005,1,0,,Saturday,0
3144,2022/2/20,Prague_1,13890.730000000001,5.2700000000000005,1,0,,Sunday,0
3144,2022/2/21,Prague_1,13192.269999999999,5.2700000000000005,1,0,,Monday,0
3144,2022/2/22,Prague_1,11676.14,5.2700000000000005,1,0,,Tuesday,0
3144,2022/2/23,Prague_1,13164.550000000001,5.2700000000000005,1,0,,Wednesday,0
3144,2022/2/24,Prague_1,13918.94,5.2700000000000005,1,0,,Thursday,0
3144,2022/2/25,Prague_1,13519.59,5.2700000000000005,1,0,Memorial Day for the Victims of the Communist Dictatorships,Friday,0
3144,2022/2/26,Prague_1,13232.449999999999,5.2700000000000005,1,0,,Saturday,0
3144,2022/2/27,Prague_1,11156.46,5.2700000000000005,1,0,,Sunday,0
3144,2022/2/28,Prague_1,13610.17,5.2700000000000005,1,0,,Monday,0
3144,2022/3/1,Prague_1,12749.31,5.2700000000000005,1,0,,Tuesday,0
3144,2022/3/2,Prague_1,13047.230000000001,5.2700000000000005,1,0,,Wednesday,0
3144,2022/3/3,Prague_1,15930.11,5.2700000000000005,1,0,,Thursday,0
3144,2022/3/4,Prague_1,16400.58,5.2700000000000005,1,0,,Friday,0
3144,2022/3/5,Prague_1,14161.49,5.2700000000000005,1,0,,Saturday,0
3144,2022/3/6,Prague_1,12598.67,5.2700000000000005,1,0,,Sunday,0
3144,2022/3/7,Prague_1,12487.44,5.2700000000000005,1,0,,Monday,0
3144,2022/3/8,Prague_1,11926.04,5.2700000000000005,1,0,International womens day,Tuesday,0
3144,2022/3/9,Prague_1,11095.769999999999,5.2700000000000005,1,0,,Wednesday,0
3144,2022/3/10,Prague_1,12997.67,5.2700000000000005,1,0,,Thursday,0
3144,2022/3/11,Prague_1,13975.99,5.2700000000000005,1,0,,Friday,0
3144,2022/3/12,Prague_1,12004.65,5.2700000000000005,1,0,,Saturday,0
3144,2022/3/13,Prague_1,14106.33,5.2700000000000005,1,0,,Sunday,0
3144,2022/3/14,Prague_1,11887.89,5.2700000000000005,1,1,1848 Revolution Memorial Day (Extra holiday),Monday,0
3144,2022/3/15,Prague_1,12867.4,5.2700000000000005,1,1,Memorial Day for the Victims of the Holocaust,Tuesday,0
3144,2022/3/16,Prague_1,11961.18,5.2700000000000005,1,0,,Wednesday,0
3144,2022/3/17,Prague_1,13691.16,5.2700000000000005,1,0,,Thursday,0
3144,2022/3/18,Prague_1,14981.119999999999,5.2700000000000005,1,0,,Friday,0
3144,2022/3/19,Prague_1,12927.74,5.2700000000000005,1,0,,Saturday,0
3144,2022/3/20,Prague_1,12965.19,5.2700000000000005,1,0,,Sunday,0
3144,2022/3/21,Prague_1,13781.32,5.2700000000000005,1,0,,Monday,0
3144,2022/3/22,Prague_1,11949.769999999999,5.2700000000000005,1,0,,Tuesday,0
3144,2022/3/23,Prague_1,13960.730000000001,5.2700000000000005,1,0,,Wednesday,0
3144,2022/3/24,Prague_1,16683.45,5.2700000000000005,1,0,,Thursday,0
3144,2022/3/25,Prague_1,14939.470000000001,5.2700000000000005,1,0,,Friday,0
3144,2022/3/26,Prague_1,11024.44,5.2700000000000005,1,0,,Saturday,0
3144,2022/3/27,Prague_1,10209.5,5.2700000000000005,1,0,,Sunday,0
3144,2022/3/28,Prague_1,14008.89,5.2700000000000005,1,0,,Monday,0
3144,2022/3/29,Prague_1,12126.24,5.2700000000000005,1,0,,Tuesday,0
3144,2022/3/30,Prague_1,14823.619999999999,5.2700000000000005,1,0,,Wednesday,0
3144,2022/3/31,Prague_1,14981.75,5.2700000000000005,1,0,,Thursday,0
3144,2022/4/1,Prague_1,15512.350000000002,5.2700000000000005,1,0,,Friday,0
3144,2022/4/2,Prague_1,13829.550000000001,5.2700000000000005,1,0,,Saturday,0
3144,2022/4/3,Prague_1,13964.86,5.2700000000000005,1,0,,Sunday,0
3144,2022/4/4,Prague_1,11111.59,5.2700000000000005,1,0,,Monday,0
3144,2022/4/5,Prague_1,13590.01,5.2700000000000005,1,0,,Tuesday,0
3144,2022/4/6,Prague_1,13561.800000000001,5.2700000000000005,1,0,,Wednesday,0
3144,2022/4/7,Prague_1,14482.509999999998,5.2700000000000005,1,0,,Thursday,0
3144,2022/4/8,Prague_1,16078.649999999998,5.2700000000000005,1,0,,Friday,0
3144,2022/4/9,Prague_1,12168.87,5.2700000000000005,1,0,,Saturday,0
3144,2022/4/10,Prague_1,13478.85,5.2700000000000005,1,0,,Sunday,0
3144,2022/4/11,Prague_1,14084.91,5.2700000000000005,1,0,,Monday,0
3144,2022/4/12,Prague_1,13560.82,5.2700000000000005,1,0,,Tuesday,0
3144,2022/4/13,Prague_1,16304.470000000001,5.2700000000000005,1,0,,Wednesday,0
3144,2022/4/14,Prague_1,16401.350000000002,5.2700000000000005,1,0,,Thursday,0
3144,2022/4/15,Prague_1,11682.09,5.2700000000000005,1,1,Good Friday,Friday,0
3144,2022/4/16,Prague_1,9410.24,5.2700000000000005,1,1,Memorial Day for the Victims of the Holocaust,Saturday,0
3144,2022/4/17,Prague_1,12369.42,5.2700000000000005,1,1,,Sunday,0
3144,2022/4/18,Prague_1,13680.24,5.2700000000000005,1,1,Easter Monday,Monday,0
3144,2022/4/19,Prague_1,13153.49,5.2700000000000005,1,0,,Tuesday,0
3144,2022/4/20,Prague_1,12403.230000000001,5.2700000000000005,1,0,,Wednesday,0
3144,2022/4/21,Prague_1,14025.199999999999,5.2700000000000005,1,0,,Thursday,0
3144,2022/4/22,Prague_1,15050.630000000001,5.2700000000000005,1,0,,Friday,0
3144,2022/4/23,Prague_1,10563.35,5.2700000000000005,1,0,,Saturday,0
3144,2022/4/24,Prague_1,12879.65,5.2700000000000005,1,0,,Sunday,0
3144,2022/4/25,Prague_1,11440.800000000001,5.2700000000000005,1,0,,Monday,0
3144,2022/4/26,Prague_1,11954.46,5.2700000000000005,1,0,,Tuesday,0
3144,2022/4/27,Prague_1,10765.93,5.2700000000000005,1,0,,Wednesday,0
3144,2022/4/28,Prague_1,13919.64,5.2700000000000005,1,0,,Thursday,0
3144,2022/4/29,Prague_1,13793.15,5.2700000000000005,1,0,,Friday,0
3144,2022/4/30,Prague_1,11433.449999999999,5.2700000000000005,1,0,,Saturday,0
3144,2022/5/1,Prague_1,12568.779999999999,5.2700000000000005,1,1,Labour Day,Sunday,0
3144,2022/5/2,Prague_1,14382.69,5.2700000000000005,1,0,,Monday,0
3144,2022/5/3,Prague_1,11432.4,5.2700000000000005,1,0,,Tuesday,0
3144,2022/5/4,Prague_1,12065.550000000001,5.2700000000000005,1,0,,Wednesday,0
3144,2022/5/5,Prague_1,13974.66,5.2700000000000005,1,0,,Thursday,0
3144,2022/5/6,Prague_1,15647.800000000001,5.2700000000000005,1,0,,Friday,0
3144,2022/5/7,Prague_1,12551,5.2700000000000005,1,0,,Saturday,0
3144,2022/5/8,Prague_1,18400.97,5.2700000000000005,1,1,Den osvobozeni,Sunday,0
3144,2022/5/9,Prague_1,16191.42,5.2700000000000005,1,0,,Monday,0
3144,2022/5/10,Prague_1,12367.949999999999,5.2700000000000005,1,0,,Tuesday,0
3144,2022/5/11,Prague_1,12181.82,5.2700000000000005,1,0,,Wednesday,0
3144,2022/5/12,Prague_1,13339.13,5.2700000000000005,1,0,,Thursday,0
3144,2022/5/13,Prague_1,14910.84,5.2700000000000005,1,0,,Friday,0
3144,2022/5/14,Prague_1,11380.529999999999,5.2700000000000005,1,0,,Saturday,0
3144,2022/5/15,Prague_1,12828.34,5.2700000000000005,1,0,,Sunday,0
3144,2022/5/16,Prague_1,13920.970000000001,5.2700000000000005,1,0,,Monday,0
3144,2022/5/17,Prague_1,13785.029999999999,5.2700000000000005,1,0,,Tuesday,0
3144,2022/5/18,Prague_1,14074.06,5.2700000000000005,1,0,,Wednesday,0
3144,2022/5/19,Prague_1,13747.720000000001,5.2700000000000005,1,0,,Thursday,0
3144,2022/5/20,Prague_1,13784.4,5.2700000000000005,1,0,,Friday,0
3144,2022/5/21,Prague_1,13084.12,5.2700000000000005,1,0,National Defense Day,Saturday,0
3144,2022/5/22,Prague_1,12173.07,5.2700000000000005,1,0,,Sunday,0
3144,2022/5/23,Prague_1,12982.34,5.2700000000000005,1,0,,Monday,0
3144,2022/5/24,Prague_1,12381.32,5.2700000000000005,1,0,,Tuesday,0
3144,2022/5/25,Prague_1,11952.99,5.2700000000000005,1,0,,Wednesday,0
3144,2022/5/26,Prague_1,14626.220000000001,5.2700000000000005,1,1,Ascension day,Thursday,0
3144,2022/5/27,Prague_1,15503.949999999999,5.2700000000000005,1,0,,Friday,0
3144,2022/5/28,Prague_1,10787.84,5.2700000000000005,1,0,,Saturday,0
3144,2022/5/29,Prague_1,10806.6,5.2700000000000005,1,0,,Sunday,0
3144,2022/5/30,Prague_1,12494.230000000001,5.74,1,0,,Monday,0
3144,2022/5/31,Prague_1,11127.9,5.74,1,0,,Tuesday,0
3144,2022/6/1,Prague_1,12195.75,5.74,1,0,,Wednesday,0
3144,2022/6/2,Prague_1,11190.06,5.74,1,0,,Thursday,0
3144,2022/6/3,Prague_1,16359.630000000001,5.74,1,0,,Friday,0
3144,2022/6/4,Prague_1,11196.92,5.74,1,0,Day of National Unity,Saturday,0
3144,2022/6/5,Prague_1,12924.17,5.74,1,1,Whit sunday,Sunday,0
3144,2022/6/6,Prague_1,11782.96,5.74,1,1,Whit monday,Monday,0
3144,2022/6/7,Prague_1,13844.88,5.74,1,0,,Tuesday,0
3144,2022/6/8,Prague_1,13727.07,5.74,1,0,,Wednesday,0
3144,2022/6/9,Prague_1,14747.67,5.74,1,0,,Thursday,0
3144,2022/6/10,Prague_1,13803.93,5.74,1,0,,Friday,0
3144,2022/6/11,Prague_1,10886.33,5.74,1,0,,Saturday,0
3144,2022/6/12,Prague_1,12678.82,5.74,1,0,,Sunday,0
3144,2022/6/13,Prague_1,13191.15,5.74,1,0,,Monday,0
3144,2022/6/14,Prague_1,12275.69,5.74,1,0,,Tuesday,0
3144,2022/6/15,Prague_1,12482.050000000001,5.74,1,0,,Wednesday,0
3144,2022/6/16,Prague_1,14633.429999999998,5.74,1,1,Corpus Christi,Thursday,0
3144,2022/6/17,Prague_1,16736.37,5.74,1,0,,Friday,0
3144,2022/6/18,Prague_1,10228.19,5.74,1,0,,Saturday,0
3144,2022/6/19,Prague_1,14928.759999999998,5.74,1,0,Independent Hungary Day,Sunday,0
3144,2022/6/20,Prague_1,13812.61,5.74,1,0,,Monday,0
3144,2022/6/21,Prague_1,10874.99,5.74,1,0,,Tuesday,0
3144,2022/6/22,Prague_1,11038.44,5.74,1,0,,Wednesday,0
3144,2022/6/23,Prague_1,13796.300000000001,5.74,1,0,,Thursday,0
3144,2022/6/24,Prague_1,15217.300000000001,5.74,1,0,,Friday,0
3144,2022/6/25,Prague_1,9940.84,5.74,1,0,,Saturday,0
3144,2022/6/26,Prague_1,10956.4,5.74,1,0,,Sunday,0
3144,2022/6/27,Prague_1,11897.9,5.74,1,0,,Monday,0
3144,2022/6/28,Prague_1,9800.980000000001,5.74,1,0,,Tuesday,0
3144,2022/6/29,Prague_1,11909.17,5.74,1,0,,Wednesday,0
3144,2022/6/30,Prague_1,11312.49,5.74,1,0,,Thursday,0
3144,2022/7/1,Prague_1,13787.41,5.74,1,0,,Friday,0
3144,2022/7/2,Prague_1,9210.949999999999,5.74,1,0,,Saturday,0
3144,2022/7/3,Prague_1,9395.82,5.74,1,0,,Sunday,0
3144,2022/7/4,Prague_1,12442.57,5.74,1,0,,Monday,0
3144,2022/7/5,Prague_1,9902.480000000001,5.74,1,1,Cyrila a Metodej,Tuesday,0
3144,2022/7/6,Prague_1,10250.59,5.74,1,1,Jan Hus,Wednesday,0
3144,2022/7/7,Prague_1,10629.92,5.74,1,0,,Thursday,0
3144,2022/7/8,Prague_1,10946.81,5.74,1,0,,Friday,0
3144,2022/7/9,Prague_1,9981.019999999999,5.74,1,0,,Saturday,0
3144,2022/7/10,Prague_1,11205.46,5.74,1,0,,Sunday,0
3144,2022/7/11,Prague_1,11870.81,5.74,1,0,,Monday,0
3144,2022/7/12,Prague_1,10260.88,5.74,1,0,,Tuesday,0
3144,2022/7/13,Prague_1,11910.57,5.74,1,0,,Wednesday,0
3144,2022/7/14,Prague_1,12286.54,5.74,1,0,,Thursday,0
3144,2022/7/15,Prague_1,12708.99,5.74,1,0,,Friday,0
3144,2022/7/16,Prague_1,10084.13,5.74,1,0,,Saturday,0
3144,2022/7/17,Prague_1,11629.24,5.74,1,0,,Sunday,0
3144,2022/7/18,Prague_1,13077.68,5.74,1,0,,Monday,0
3144,2022/7/19,Prague_1,11796.54,5.74,1,0,,Tuesday,0
3144,2022/7/20,Prague_1,11375.35,5.74,1,0,,Wednesday,0
3144,2022/7/21,Prague_1,10437.84,5.74,1,0,,Thursday,0
3144,2022/7/22,Prague_1,13227.83,5.74,1,0,,Friday,0
3144,2022/7/23,Prague_1,10574.269999999999,5.74,1,0,,Saturday,0
3144,2022/7/24,Prague_1,10608.99,5.74,1,0,,Sunday,0
3144,2022/7/25,Prague_1,11228.699999999999,5.74,1,0,,Monday,0
3144,2022/7/26,Prague_1,11241.65,5.74,1,0,,Tuesday,0
3144,2022/7/27,Prague_1,11767.279999999999,5.74,1,0,,Wednesday,0
3144,2022/7/28,Prague_1,10616.76,5.74,1,0,,Thursday,0
3144,2022/7/29,Prague_1,13428.17,5.74,1,0,,Friday,0
3144,2022/7/30,Prague_1,10490.970000000001,5.74,1,0,,Saturday,0
3144,2022/7/31,Prague_1,11263.279999999999,5.74,1,0,,Sunday,0
3144,2022/8/1,Prague_1,10951.220000000001,5.74,1,0,,Monday,0
3144,2022/8/2,Prague_1,11240.6,5.74,1,0,,Tuesday,0
3144,2022/8/3,Prague_1,10898.44,5.74,1,0,,Wednesday,0
3144,2022/8/4,Prague_1,11940.74,5.74,1,0,,Thursday,0
3144,2022/8/5,Prague_1,15067.429999999998,5.74,1,0,,Friday,0
3144,2022/8/6,Prague_1,10287.199999999999,5.74,1,0,,Saturday,0
3144,2022/8/7,Prague_1,12076.12,5.74,1,0,,Sunday,0
3144,2022/8/8,Prague_1,10027.220000000001,5.74,1,1,Peace Festival in Augsburg,Monday,0
3144,2022/8/9,Prague_1,10199.49,5.74,1,0,,Tuesday,0
3144,2022/8/10,Prague_1,11568.550000000001,5.74,1,0,,Wednesday,0
3144,2022/8/11,Prague_1,11667.04,5.74,1,0,,Thursday,0
3144,2022/8/12,Prague_1,12151.300000000001,5.74,1,0,,Friday,0
3144,2022/8/13,Prague_1,10910.13,5.74,1,0,,Saturday,0
3144,2022/8/14,Prague_1,12086.550000000001,5.74,1,0,,Sunday,0
3144,2022/8/15,Prague_1,11062.800000000001,5.74,1,1,Assumption of the Virgin Mary,Monday,0
3144,2022/8/16,Prague_1,11410.769999999999,5.74,1,0,,Tuesday,0
3144,2022/8/17,Prague_1,11852.4,5.74,1,0,,Wednesday,0
3144,2022/8/18,Prague_1,11236.26,5.74,1,0,,Thursday,0
3144,2022/8/19,Prague_1,12446.49,5.74,1,0,,Friday,0
3144,2022/8/20,Prague_1,13838.16,5.74,1,1,State Foundation Day,Saturday,0
3144,2022/8/21,Prague_1,10963.33,5.74,1,0,,Sunday,0
3144,2022/8/22,Prague_1,11030.46,5.74,1,0,,Monday,0
3144,2022/8/23,Prague_1,12377.68,5.74,1,0,,Tuesday,0
3144,2022/8/24,Prague_1,11225.199999999999,5.74,1,0,,Wednesday,0
3144,2022/8/25,Prague_1,12401.199999999999,5.74,1,0,,Thursday,0
3144,2022/8/26,Prague_1,12512.08,5.74,1,0,,Friday,0
3144,2022/8/27,Prague_1,10582.11,5.74,1,0,,Saturday,0
3144,2022/8/28,Prague_1,13914.25,5.74,1,0,,Sunday,0
3144,2022/8/29,Prague_1,12721.1,5.74,1,0,,Monday,0
3144,2022/8/30,Prague_1,12644.66,5.74,1,0,,Tuesday,0
3144,2022/8/31,Prague_1,11832.59,5.74,1,0,,Wednesday,0
3144,2022/9/1,Prague_1,14483.490000000002,5.74,1,0,,Thursday,0
3144,2022/9/2,Prague_1,14653.800000000001,5.74,1,0,,Friday,0
3144,2022/9/3,Prague_1,11561.34,5.74,1,0,,Saturday,0
3144,2022/9/4,Prague_1,12843.529999999999,5.74,1,0,,Sunday,0
3144,2022/9/5,Prague_1,12998.93,5.74,1,0,,Monday,0
3144,2022/9/6,Prague_1,13595.4,5.74,1,0,,Tuesday,0
3144,2022/9/7,Prague_1,11965.38,5.74,1,0,,Wednesday,0
3144,2022/9/8,Prague_1,14560.279999999999,5.74,1,0,,Thursday,0
3144,2022/9/9,Prague_1,15052.100000000002,5.74,1,0,,Friday,0
3144,2022/9/10,Prague_1,12469.94,5.74,1,0,,Saturday,0
3144,2022/9/11,Prague_1,15117.970000000001,5.74,1,0,,Sunday,0
3144,2022/9/12,Prague_1,14284.550000000001,5.74,1,0,,Monday,0
3144,2022/9/13,Prague_1,13693.26,5.74,1,0,,Tuesday,0
3144,2022/9/14,Prague_1,15786.539999999999,5.74,1,0,,Wednesday,0
3144,2022/9/15,Prague_1,16224.179999999998,5.74,1,0,,Thursday,0
3144,2022/9/16,Prague_1,16925.02,5.74,1,0,,Friday,0
3144,2022/9/17,Prague_1,12555.269999999999,5.74,1,0,,Saturday,0
3144,2022/9/18,Prague_1,15164.17,5.74,1,0,,Sunday,0
3144,2022/9/19,Prague_1,12448.87,5.74,1,0,,Monday,0
3144,2022/9/20,Prague_1,12799.220000000001,5.74,1,0,,Tuesday,0
3144,2022/9/21,Prague_1,14740.39,5.74,1,0,,Wednesday,0
3144,2022/9/22,Prague_1,12571.79,5.74,1,0,,Thursday,0
3144,2022/9/23,Prague_1,15791.720000000001,5.74,1,0,,Friday,0
3144,2022/9/24,Prague_1,11925.69,5.74,1,0,,Saturday,0
3144,2022/9/25,Prague_1,12732.86,5.74,1,0,,Sunday,0
3144,2022/9/26,Prague_1,15835.470000000001,5.74,1,0,,Monday,0
3144,2022/9/27,Prague_1,18590.67,5.74,1,0,,Tuesday,0
3144,2022/9/28,Prague_1,16320.570000000002,5.74,1,1,Den ceske statnosti,Wednesday,0
3144,2022/9/29,Prague_1,13712.720000000001,5.74,1,0,,Thursday,0
3144,2022/9/30,Prague_1,12511.1,5.74,1,0,,Friday,0
3144,2022/10/1,Prague_1,11518.64,5.74,1,0,,Saturday,0
3144,2022/10/2,Prague_1,13135.92,5.74,1,0,,Sunday,0
3144,2022/10/3,Prague_1,13133.470000000001,5.74,1,1,German Unity Day,Monday,0
3144,2022/10/4,Prague_1,10452.61,5.74,0.9799999999999999,0,,Tuesday,0
3144,2022/10/5,Prague_1,14678.86,5.74,1,0,,Wednesday,0
3144,2022/10/6,Prague_1,14699.649999999998,5.74,1,0,Memorial Day for the Martyrs of Arad,Thursday,0
3144,2022/10/7,Prague_1,15238.02,5.74,1,0,,Friday,0
3144,2022/10/8,Prague_1,11582.69,5.74,1,0,,Saturday,0
3144,2022/10/9,Prague_1,12575.779999999999,5.74,1,0,,Sunday,0
3144,2022/10/10,Prague_1,11340.35,5.74,1,0,,Monday,0
3144,2022/10/11,Prague_1,12356.96,5.74,1,0,,Tuesday,0
3144,2022/10/12,Prague_1,12192.25,5.74,1,0,,Wednesday,0
3144,2022/10/13,Prague_1,14099.68,5.74,1,0,,Thursday,0
3144,2022/10/14,Prague_1,14275.31,5.74,1,0,,Friday,0
3144,2022/10/15,Prague_1,13285.37,5.74,1,0,,Saturday,0
3144,2022/10/16,Prague_1,12399.730000000001,5.74,1,0,,Sunday,0
3144,2022/10/17,Prague_1,11989.74,5.74,1,0,,Monday,0
3144,2022/10/18,Prague_1,10819.269999999999,5.74,1,0,,Tuesday,0
3144,2022/10/19,Prague_1,12455.449999999999,5.74,1,0,,Wednesday,0
3144,2022/10/20,Prague_1,14349.300000000001,5.74,1,0,,Thursday,0
3144,2022/10/21,Prague_1,16270.449999999999,5.74,1,0,,Friday,0
3144,2022/10/22,Prague_1,14522.34,5.74,1,0,,Saturday,0
3144,2022/10/23,Prague_1,9138.43,5.74,1,1,Memorial day of the 1956 Revolution,Sunday,0
3144,2022/10/24,Prague_1,10434.34,5.74,1,0,,Monday,0
3144,2022/10/25,Prague_1,11080.16,5.74,1,0,,Tuesday,0
3144,2022/10/26,Prague_1,13972.14,5.74,1,0,,Wednesday,0
3144,2022/10/27,Prague_1,15341.199999999999,5.74,1,0,,Thursday,0
3144,2022/10/28,Prague_1,10412.5,5.74,1,1,Den vzniku samostatneho ceskoslovenskeho statu,Friday,0
3144,2022/10/29,Prague_1,10538.220000000001,5.74,1,0,,Saturday,0
3144,2022/10/30,Prague_1,12992,5.74,1,0,,Sunday,0
3144,2022/10/31,Prague_1,12188.19,5.74,1,1,Reformation Day,Monday,0
3144,2022/11/1,Prague_1,14986.929999999998,5.74,1,1,All Saints Day,Tuesday,0
3144,2022/11/2,Prague_1,13801.199999999999,5.74,1,0,,Wednesday,0
3144,2022/11/3,Prague_1,12873.279999999999,5.74,1,0,,Thursday,0
3144,2022/11/4,Prague_1,16695.77,5.74,1,0,,Friday,0
3144,2022/11/5,Prague_1,11544.050000000001,5.74,1,0,,Saturday,0
3144,2022/11/6,Prague_1,11115.09,5.74,1,0,,Sunday,0
3144,2022/11/7,Prague_1,11046.980000000001,5.74,1,0,,Monday,0
3144,2022/11/8,Prague_1,11842.18,5.74,1,0,,Tuesday,0
3144,2022/11/9,Prague_1,12298.16,5.74,1,0,,Wednesday,0
3144,2022/11/10,Prague_1,11620,5.74,1,0,,Thursday,0
3144,2022/11/11,Prague_1,13708.66,5.74,1,0,,Friday,0
3144,2022/11/12,Prague_1,10957.800000000001,5.74,1,0,,Saturday,0
3144,2022/11/13,Prague_1,11390.12,5.74,1,0,,Sunday,0
3144,2022/11/14,Prague_1,11398.1,5.74,1,0,,Monday,0
3144,2022/11/15,Prague_1,11131.75,5.74,1,0,,Tuesday,0
3144,2022/11/16,Prague_1,15725.220000000001,5.74,1,0,,Wednesday,0
3144,2022/11/17,Prague_1,10954.86,5.74,1,1,Den boje za svobodu a demokracii,Thursday,0
3144,2022/11/18,Prague_1,12502.35,5.74,1,0,,Friday,0
3144,2022/11/19,Prague_1,10974.39,5.74,1,0,,Saturday,0
3144,2022/11/20,Prague_1,11999.470000000001,5.74,1,0,,Sunday,0
3144,2022/11/21,Prague_1,12439.91,5.74,1,0,,Monday,0
3144,2022/11/22,Prague_1,11123.21,5.74,1,0,,Tuesday,0
3144,2022/11/23,Prague_1,11884.6,5.74,1,0,,Wednesday,0
3144,2022/11/24,Prague_1,12906.25,5.74,1,0,,Thursday,0
3144,2022/11/25,Prague_1,13485.5,5.74,1,0,,Friday,0
3144,2022/11/26,Prague_1,12731.46,5.74,1,0,,Saturday,0
3144,2022/11/27,Prague_1,11348.68,5.74,1,0,,Sunday,0
3144,2022/11/28,Prague_1,12299.07,5.74,1,0,,Monday,0
3144,2022/11/29,Prague_1,11259.220000000001,5.74,1,0,,Tuesday,0
3144,2022/11/30,Prague_1,12055.050000000001,5.74,1,0,,Wednesday,0
3144,2022/12/1,Prague_1,11801.51,5.74,1,0,,Thursday,0
3144,2022/12/2,Prague_1,15617.56,5.74,1,0,,Friday,0
3144,2022/12/3,Prague_1,12683.93,5.74,1,0,,Saturday,0
3144,2022/12/4,Prague_1,13447.980000000001,6.44,1,0,,Sunday,0
3144,2022/12/5,Prague_1,10182.83,6.44,1,0,,Monday,0
3144,2022/12/6,Prague_1,10865.61,6.44,1,0,,Tuesday,0
3144,2022/12/7,Prague_1,14141.54,6.44,1,0,,Wednesday,0
3144,2022/12/8,Prague_1,12895.26,6.44,1,0,,Thursday,0
3144,2022/12/9,Prague_1,16179.240000000002,6.44,1,0,,Friday,0
3144,2022/12/10,Prague_1,12714.029999999999,6.44,1,0,,Saturday,0
3144,2022/12/11,Prague_1,11799.199999999999,6.44,1,0,,Sunday,0
3144,2022/12/12,Prague_1,13399.12,6.44,1,0,,Monday,0
3144,2022/12/13,Prague_1,12070.87,6.44,1,0,,Tuesday,0
3144,2022/12/14,Prague_1,14631.820000000002,6.44,1,0,,Wednesday,0
3144,2022/12/15,Prague_1,13726.44,6.44,1,0,,Thursday,0
3144,2022/12/16,Prague_1,14791.56,6.44,1,0,,Friday,0
3144,2022/12/17,Prague_1,11529.279999999999,6.44,1,0,,Saturday,0
3144,2022/12/18,Prague_1,11440.519999999999,6.44,1,0,,Sunday,0
3144,2022/12/19,Prague_1,12640.46,6.44,1,0,,Monday,0
3144,2022/12/20,Prague_1,16868.88,6.44,1,0,,Tuesday,0
3144,2022/12/21,Prague_1,14575.119999999999,6.44,1,0,,Wednesday,0
3144,2022/12/22,Prague_1,11956.91,6.44,1,0,,Thursday,0
3144,2022/12/23,Prague_1,3849.37,6.44,1,0,,Friday,0
3144,2022/12/24,Prague_1,2230.83,6.44,1,1,Christmas Eve,Saturday,0
3144,2022/12/25,Prague_1,4975.81,6.44,1,1,1st Christmas Day,Sunday,0
3144,2022/12/26,Prague_1,8872.36,6.44,1,1,2nd Christmas Day,Monday,0
3144,2022/12/27,Prague_1,10603.25,6.44,1,0,,Tuesday,0
3144,2022/12/28,Prague_1,12354.09,6.44,1,0,,Wednesday,0
3144,2022/12/29,Prague_1,11369.19,6.44,1,0,,Thursday,0
3144,2022/12/30,Prague_1,11987.29,6.44,1,0,,Friday,0
3144,2022/12/31,Prague_1,6988.59,6.44,1,0,,Saturday,0
3144,2023/1/1,Prague_1,11483.29,6.44,1,1,New Years Day,Sunday,0
3144,2023/1/2,Prague_1,13733.230000000001,6.44,1,0,,Monday,0
3144,2023/1/3,Prague_1,9950.01,6.44,1,0,,Tuesday,0
3144,2023/1/4,Prague_1,13072.57,6.44,1,0,,Wednesday,0
3144,2023/1/5,Prague_1,11527.39,6.44,1,0,,Thursday,0
3144,2023/1/6,Prague_1,13298.88,6.44,1,1,Epiphany,Friday,0
3144,2023/1/7,Prague_1,11608.59,6.44,1,0,,Saturday,0
3144,2023/1/8,Prague_1,12626.529999999999,6.44,1,0,,Sunday,0
3144,2023/1/9,Prague_1,12525.730000000001,6.44,1,0,,Monday,0
3144,2023/1/10,Prague_1,12777.029999999999,6.44,1,0,,Tuesday,0
3144,2023/1/11,Prague_1,14894.460000000001,6.44,1,0,,Wednesday,0
3144,2023/1/12,Prague_1,13216.14,6.44,1,0,,Thursday,0
3144,2023/1/13,Prague_1,16028.880000000001,6.44,1,0,,Friday,0
3144,2023/1/14,Prague_1,14369.320000000002,6.44,1,0,,Saturday,0
3144,2023/1/15,Prague_1,15049.86,6.44,1,0,,Sunday,0
3144,2023/1/16,Prague_1,10920.14,6.44,1,0,,Monday,0
3144,2023/1/17,Prague_1,13784.96,6.44,1,0,,Tuesday,0
3144,2023/1/18,Prague_1,11643.17,6.44,1,0,,Wednesday,0
3144,2023/1/19,Prague_1,13656.79,6.44,1,0,,Thursday,0
3144,2023/1/20,Prague_1,15396.08,6.44,1,0,,Friday,0
3144,2023/1/21,Prague_1,14470.470000000001,6.44,1,0,,Saturday,0
3144,2023/1/22,Prague_1,15013.529999999999,6.44,1,0,,Sunday,0
3144,2023/1/23,Prague_1,13352.779999999999,6.44,1,0,,Monday,0
3144,2023/1/24,Prague_1,11135.949999999999,6.44,1,0,,Tuesday,0
3144,2023/1/25,Prague_1,13988.94,6.44,1,0,,Wednesday,0
3144,2023/1/26,Prague_1,16237.27,6.44,1,0,,Thursday,0
3144,2023/1/27,Prague_1,15292.27,6.44,1,0,,Friday,0
3144,2023/1/28,Prague_1,13415.85,6.44,1,0,,Saturday,0
3144,2023/1/29,Prague_1,12788.86,6.44,1,0,,Sunday,0
3144,2023/1/30,Prague_1,14321.720000000001,6.44,1,0,,Monday,0
3144,2023/1/31,Prague_1,14816.06,6.44,1,0,,Tuesday,0
3144,2023/2/1,Prague_1,16485.49,6.910000000000001,0.96,0,Memorial Day of the Republic,Wednesday,0
3144,2023/2/2,Prague_1,16053.31,6.910000000000001,1,0,,Thursday,0
3144,2023/2/3,Prague_1,16708.58,6.910000000000001,1,0,,Friday,0
3144,2023/2/4,Prague_1,12138.21,6.910000000000001,1,0,,Saturday,0
3144,2023/2/5,Prague_1,12356.68,6.910000000000001,1,0,,Sunday,0
3144,2023/2/6,Prague_1,14699.58,6.910000000000001,1,0,,Monday,0
3144,2023/2/7,Prague_1,11990.09,6.910000000000001,1,0,,Tuesday,0
3144,2023/2/8,Prague_1,11578.42,6.910000000000001,1,0,,Wednesday,0
3144,2023/2/9,Prague_1,16438.59,6.910000000000001,1,0,,Thursday,0
3144,2023/2/10,Prague_1,19378.59,6.910000000000001,1,0,,Friday,0
3144,2023/2/11,Prague_1,16276.679999999998,6.910000000000001,1,0,,Saturday,0
3144,2023/2/12,Prague_1,14393.259999999998,6.910000000000001,1,0,,Sunday,0
3144,2023/2/13,Prague_1,14959.279999999999,6.910000000000001,1,0,,Monday,0
3144,2023/2/14,Prague_1,13231.26,6.910000000000001,1,0,,Tuesday,0
3144,2023/2/15,Prague_1,14322.91,6.910000000000001,1,0,,Wednesday,0
3144,2023/2/16,Prague_1,14896,6.910000000000001,1,0,,Thursday,0
3144,2023/2/17,Prague_1,17224.76,6.910000000000001,1,0,,Friday,0
3144,2023/2/18,Prague_1,13236.37,6.910000000000001,1,0,,Saturday,0
3144,2023/2/19,Prague_1,14994.490000000002,6.910000000000001,1,0,,Sunday,0
3144,2023/2/20,Prague_1,12518.730000000001,6.910000000000001,1,0,,Monday,0
3144,2023/2/21,Prague_1,13113.800000000001,6.910000000000001,1,0,,Tuesday,0
3144,2023/2/22,Prague_1,13932.029999999999,6.910000000000001,1,0,,Wednesday,0
3144,2023/2/23,Prague_1,15113.84,6.910000000000001,1,0,,Thursday,0
3144,2023/2/24,Prague_1,16431.100000000002,6.910000000000001,1,0,,Friday,0
3144,2023/2/25,Prague_1,15145.130000000001,6.910000000000001,1,0,Memorial Day for the Victims of the Communist Dictatorships,Saturday,0
3144,2023/2/26,Prague_1,15136.66,6.910000000000001,1,0,,Sunday,0
3144,2023/2/27,Prague_1,13588.26,6.910000000000001,1,0,,Monday,0
3144,2023/2/28,Prague_1,15224.44,6.910000000000001,1,0,,Tuesday,0
3144,2023/3/1,Prague_1,14527.380000000001,6.910000000000001,1,0,,Wednesday,0
3144,2023/3/2,Prague_1,16593.08,6.910000000000001,1,0,,Thursday,0
3144,2023/3/3,Prague_1,18709.18,6.910000000000001,1,0,,Friday,0
3144,2023/3/4,Prague_1,13768.230000000001,6.910000000000001,1,0,,Saturday,0
3144,2023/3/5,Prague_1,16933.84,6.910000000000001,1,0,,Sunday,0
3144,2023/3/6,Prague_1,15154.509999999998,6.910000000000001,0.93,0,,Monday,0
3144,2023/3/7,Prague_1,11116.21,6.910000000000001,1,0,,Tuesday,0
3144,2023/3/8,Prague_1,13923,6.910000000000001,1,0,International womens day,Wednesday,0
3144,2023/3/9,Prague_1,17066.07,6.910000000000001,1,0,,Thursday,0
3144,2023/3/10,Prague_1,18042.850000000002,6.910000000000001,1,0,,Friday,0
3144,2023/3/11,Prague_1,15692.11,6.910000000000001,1,0,,Saturday,0
3144,2023/3/12,Prague_1,15588.649999999998,6.910000000000001,1,0,,Sunday,0
3144,2023/3/13,Prague_1,15137.36,6.910000000000001,1,0,,Monday,0
3144,2023/3/14,Prague_1,15254.539999999999,6.910000000000001,1,0,,Tuesday,0
3144,2023/3/15,Prague_1,14060.970000000001,6.910000000000001,1,1,Memorial Day for the Victims of the Holocaust,Wednesday,0
3144,2023/3/16,Prague_1,15687.210000000001,6.910000000000001,1,0,,Thursday,0
3144,2023/3/17,Prague_1,15203.23,6.910000000000001,1,0,,Friday,0
3144,2023/3/18,Prague_1,12979.470000000001,6.910000000000001,1,0,,Saturday,0
3144,2023/3/19,Prague_1,14816.48,6.910000000000001,1,0,,Sunday,0
3144,2023/3/20,Prague_1,15717.31,6.910000000000001,1,0,,Monday,0
3144,2023/3/21,Prague_1,14140.63,6.910000000000001,1,0,,Tuesday,0
3144,2023/3/22,Prague_1,13209.56,6.910000000000001,1,0,,Wednesday,0
3144,2023/3/23,Prague_1,14423.779999999999,6.910000000000001,1,0,,Thursday,0
3144,2023/3/24,Prague_1,17489.99,6.910000000000001,1,0,,Friday,0
3144,2023/3/25,Prague_1,12175.38,6.910000000000001,1,0,,Saturday,0
3144,2023/3/26,Prague_1,15179.64,6.910000000000001,1,0,,Sunday,0
3144,2023/3/27,Prague_1,15532.929999999998,6.910000000000001,1,0,,Monday,0
3144,2023/3/28,Prague_1,11623.64,6.910000000000001,1,0,,Tuesday,0
3144,2023/3/29,Prague_1,12232.29,6.910000000000001,1,0,,Wednesday,0
3144,2023/3/30,Prague_1,16433.059999999998,6.910000000000001,1,0,,Thursday,0
3144,2023/3/31,Prague_1,18794.72,6.910000000000001,1,0,,Friday,0
3144,2023/4/1,Prague_1,11289.74,6.910000000000001,1,0,,Saturday,0
3144,2023/4/2,Prague_1,13835.15,6.910000000000001,1,0,,Sunday,0
3144,2023/4/3,Prague_1,12860.33,6.910000000000001,1,0,,Monday,0
3144,2023/4/4,Prague_1,13214.18,6.910000000000001,1,0,,Tuesday,0
3144,2023/4/5,Prague_1,20003.41,6.910000000000001,1,0,,Wednesday,0
3144,2023/4/6,Prague_1,17677.38,6.910000000000001,1,0,,Thursday,0
3144,2023/4/7,Prague_1,12167.26,6.910000000000001,1,1,Good Friday,Friday,0
3144,2023/4/8,Prague_1,11079.529999999999,6.910000000000001,1,1,,Saturday,0
3144,2023/4/9,Prague_1,10022.25,6.910000000000001,0.79,1,,Sunday,0
3144,2023/4/11,Prague_1,16891.84,6.910000000000001,0.87,0,,Tuesday,0
3144,2023/4/12,Prague_1,15634.570000000002,6.910000000000001,0.88,0,,Wednesday,0
3144,2023/4/13,Prague_1,16422.91,6.910000000000001,1,0,,Thursday,0
3144,2023/4/14,Prague_1,19782.07,6.910000000000001,1,0,,Friday,0
3144,2023/4/15,Prague_1,13809.32,6.910000000000001,1,0,,Saturday,0
3144,2023/4/16,Prague_1,16167.130000000001,6.910000000000001,1,0,Memorial Day for the Victims of the Holocaust,Sunday,0
3144,2023/4/17,Prague_1,14620.970000000001,6.910000000000001,1,0,,Monday,0
3144,2023/4/18,Prague_1,15645.210000000001,6.910000000000001,1,0,,Tuesday,0
3144,2023/4/19,Prague_1,15943.199999999999,6.910000000000001,1,0,,Wednesday,0
3144,2023/4/20,Prague_1,16644.460000000003,6.910000000000001,1,0,,Thursday,0
3144,2023/4/21,Prague_1,17683.89,6.910000000000001,1,0,,Friday,0
3144,2023/4/22,Prague_1,11721.92,6.910000000000001,1,0,,Saturday,0
3144,2023/4/23,Prague_1,16486.68,6.910000000000001,0.97,0,,Sunday,0
3144,2023/4/24,Prague_1,13581.12,6.910000000000001,0.9799999999999999,0,,Monday,0
3144,2023/4/25,Prague_1,14650.649999999998,6.910000000000001,0.97,0,,Tuesday,0
3144,2023/4/26,Prague_1,13472.550000000001,6.910000000000001,0.97,0,,Wednesday,0
3144,2023/4/27,Prague_1,14555.800000000001,6.910000000000001,1,0,,Thursday,0
3144,2023/4/28,Prague_1,16222.64,6.910000000000001,1,0,,Friday,0
3144,2023/4/29,Prague_1,12926.9,6.910000000000001,0.96,0,,Saturday,0
3144,2023/4/30,Prague_1,12410.09,6.910000000000001,0.96,0,,Sunday,0
3144,2023/5/1,Prague_1,14566.09,6.910000000000001,1,1,Labour Day,Monday,0
3144,2023/5/2,Prague_1,17210.76,6.910000000000001,1,0,,Tuesday,0
3144,2023/5/3,Prague_1,11857.16,6.910000000000001,1,0,,Wednesday,0
3144,2023/5/4,Prague_1,16303.350000000002,6.910000000000001,1,0,,Thursday,0
3144,2023/5/5,Prague_1,18294.64,6.910000000000001,1,0,,Friday,0
3144,2023/5/6,Prague_1,13391.21,6.910000000000001,1,0,,Saturday,0
3144,2023/5/7,Prague_1,16933.77,6.910000000000001,1,0,,Sunday,0
3144,2023/5/8,Prague_1,19256.93,6.910000000000001,1,1,Den osvobozeni,Monday,0
3144,2023/5/9,Prague_1,19541.41,6.910000000000001,1,0,,Tuesday,0
3144,2023/5/10,Prague_1,15521.029999999999,6.910000000000001,1,0,,Wednesday,0
3144,2023/5/11,Prague_1,16872.940000000002,6.910000000000001,1,0,,Thursday,0
3144,2023/5/12,Prague_1,17641.190000000002,6.910000000000001,1,0,,Friday,0
3144,2023/5/13,Prague_1,15505.42,6.910000000000001,1,0,,Saturday,0
3144,2023/5/14,Prague_1,12783.96,6.910000000000001,1,0,,Sunday,0
3144,2023/5/15,Prague_1,14307.58,6.910000000000001,1,0,,Monday,0
3144,2023/5/16,Prague_1,14103.11,6.910000000000001,1,0,,Tuesday,0
3144,2023/5/17,Prague_1,13647.62,6.910000000000001,1,0,,Wednesday,0
3144,2023/5/18,Prague_1,17545.710000000003,6.910000000000001,1,1,Ascension day,Thursday,0
3144,2023/5/19,Prague_1,17414.39,6.910000000000001,1,0,,Friday,0
3144,2023/5/20,Prague_1,10931.41,6.910000000000001,1,0,,Saturday,0
3144,2023/5/21,Prague_1,12020.82,6.910000000000001,1,0,National Defense Day,Sunday,0
3144,2023/5/22,Prague_1,13477.519999999999,6.910000000000001,1,0,,Monday,0
3144,2023/5/23,Prague_1,15794.869999999999,6.910000000000001,1,0,,Tuesday,0
3144,2023/5/24,Prague_1,15219.539999999999,6.910000000000001,1,0,,Wednesday,0
3144,2023/5/25,Prague_1,13807.85,6.910000000000001,1,0,,Thursday,0
3144,2023/5/26,Prague_1,16105.320000000002,6.910000000000001,1,0,,Friday,0
3144,2023/5/27,Prague_1,11076.31,6.910000000000001,1,0,,Saturday,0
3144,2023/5/28,Prague_1,13429.220000000001,6.910000000000001,1,1,Whit sunday,Sunday,0
3144,2023/5/29,Prague_1,12025.58,6.910000000000001,1,1,Whit monday,Monday,0
3144,2023/5/30,Prague_1,12312.09,6.910000000000001,1,0,,Tuesday,0
3144,2023/5/31,Prague_1,13691.230000000001,6.910000000000001,1,0,,Wednesday,0
3144,2023/6/1,Prague_1,15898.399999999998,6.910000000000001,1,0,,Thursday,0
3144,2023/6/2,Prague_1,15766.869999999999,6.910000000000001,1,0,,Friday,0
3144,2023/6/3,Prague_1,9587.199999999999,6.910000000000001,1,0,,Saturday,0
3144,2023/6/4,Prague_1,13708.730000000001,6.910000000000001,1,0,Day of National Unity,Sunday,0
3144,2023/6/5,Prague_1,14488.11,6.910000000000001,1,0,,Monday,0
3144,2023/6/6,Prague_1,15044.61,6.910000000000001,1,0,,Tuesday,0
3144,2023/6/7,Prague_1,12418.769999999999,6.910000000000001,1,0,,Wednesday,0
3144,2023/6/8,Prague_1,15415.61,6.910000000000001,1,1,Corpus Christi,Thursday,0
3144,2023/6/9,Prague_1,15940.539999999999,6.910000000000001,1,0,,Friday,0
3144,2023/6/10,Prague_1,12022.779999999999,6.910000000000001,1,0,,Saturday,0
3144,2023/6/11,Prague_1,15315.649999999998,6.910000000000001,1,0,,Sunday,0
3144,2023/6/12,Prague_1,13615.63,6.910000000000001,1,0,,Monday,0
3144,2023/6/13,Prague_1,13616.19,6.910000000000001,1,0,,Tuesday,0
3144,2023/6/14,Prague_1,13650.279999999999,6.910000000000001,1,0,,Wednesday,0
3144,2023/6/15,Prague_1,13429.36,6.910000000000001,1,0,,Thursday,0
3144,2023/6/16,Prague_1,17984.190000000002,6.910000000000001,1,0,,Friday,0
3144,2023/6/17,Prague_1,11344.06,6.910000000000001,1,0,,Saturday,0
3144,2023/6/18,Prague_1,12236.07,6.910000000000001,1,0,,Sunday,0
3144,2023/6/19,Prague_1,16025.31,6.910000000000001,1,0,Independent Hungary Day,Monday,0
3144,2023/6/20,Prague_1,12209.75,6.910000000000001,1,0,,Tuesday,0
3144,2023/6/21,Prague_1,13078.24,6.910000000000001,1,0,,Wednesday,0
3144,2023/6/22,Prague_1,13613.949999999999,6.910000000000001,1,0,,Thursday,0
3144,2023/6/23,Prague_1,13077.89,6.910000000000001,1,0,,Friday,0
3144,2023/6/24,Prague_1,11285.470000000001,6.910000000000001,1,0,,Saturday,0
3144,2023/6/25,Prague_1,12756.730000000001,6.910000000000001,1,0,,Sunday,0
3144,2023/6/26,Prague_1,13586.86,6.910000000000001,1,0,,Monday,0
3144,2023/6/27,Prague_1,12723.41,6.910000000000001,1,0,,Tuesday,0
3144,2023/6/28,Prague_1,11444.79,6.910000000000001,1,0,,Wednesday,0
3144,2023/6/29,Prague_1,12857.529999999999,6.910000000000001,1,0,,Thursday,0
3144,2023/6/30,Prague_1,13389.32,6.910000000000001,1,0,,Friday,0
3144,2023/7/1,Prague_1,12828.41,6.910000000000001,1,0,,Saturday,0
3144,2023/7/2,Prague_1,9567.25,6.910000000000001,1,0,,Sunday,0
3144,2023/7/3,Prague_1,9214.1,6.910000000000001,1,0,,Monday,0
3144,2023/7/4,Prague_1,11496.730000000001,6.910000000000001,1,0,,Tuesday,0
3144,2023/7/5,Prague_1,10874.08,6.910000000000001,1,1,Cyrila a Metodej,Wednesday,0
3144,2023/7/6,Prague_1,8344.769999999999,6.910000000000001,1,1,Jan Hus,Thursday,0
3144,2023/7/7,Prague_1,12340.720000000001,6.910000000000001,1,0,,Friday,0
3144,2023/7/8,Prague_1,12341.49,6.910000000000001,1,0,,Saturday,0
3144,2023/7/9,Prague_1,14022.33,6.910000000000001,1,0,,Sunday,0
3144,2023/7/10,Prague_1,11826.29,6.910000000000001,1,0,,Monday,0
3144,2023/7/11,Prague_1,12350.800000000001,6.910000000000001,1,0,,Tuesday,0
3144,2023/7/12,Prague_1,11619.720000000001,6.910000000000001,1,0,,Wednesday,0
3144,2023/7/13,Prague_1,13181.980000000001,6.910000000000001,1,0,,Thursday,0
3144,2023/7/14,Prague_1,14851.619999999999,6.910000000000001,1,0,,Friday,0
3144,2023/7/15,Prague_1,16111.34,6.910000000000001,1,0,,Saturday,0
3144,2023/7/16,Prague_1,13596.029999999999,6.910000000000001,1,0,,Sunday,0
3144,2023/7/17,Prague_1,12324.480000000001,6.910000000000001,1,0,,Monday,0
3144,2023/7/18,Prague_1,11380.46,6.910000000000001,1,0,,Tuesday,0
3144,2023/7/19,Prague_1,11153.31,6.910000000000001,1,0,,Wednesday,0
3144,2023/7/20,Prague_1,13083.769999999999,6.910000000000001,1,0,,Thursday,0
3144,2023/7/21,Prague_1,13902.91,6.910000000000001,1,0,,Friday,0
3144,2023/7/22,Prague_1,11156.32,6.910000000000001,1,0,,Saturday,0
3144,2023/7/23,Prague_1,11446.19,6.910000000000001,1,0,,Sunday,0
3144,2023/7/24,Prague_1,11978.19,6.910000000000001,1,0,,Monday,0
3144,2023/7/25,Prague_1,12329.730000000001,6.910000000000001,0.89,0,,Tuesday,0
3144,2023/7/26,Prague_1,12879.300000000001,6.910000000000001,1,0,,Wednesday,0
3144,2023/7/27,Prague_1,11779.04,6.910000000000001,1,0,,Thursday,0
3144,2023/7/28,Prague_1,13887.019999999999,6.910000000000001,1,0,,Friday,0
3144,2023/7/29,Prague_1,13149.99,6.910000000000001,1,0,,Saturday,0
3144,2023/7/30,Prague_1,12360.32,6.910000000000001,1,0,,Sunday,0
3144,2023/7/31,Prague_1,13510.91,6.910000000000001,1,0,,Monday,0
3144,2023/8/1,Prague_1,10616.550000000001,6.910000000000001,1,0,,Tuesday,0
3144,2023/8/2,Prague_1,12370.4,6.910000000000001,1,0,,Wednesday,0
3144,2023/8/3,Prague_1,11137.07,6.910000000000001,1,0,,Thursday,0
3144,2023/8/4,Prague_1,14945.77,6.910000000000001,1,0,,Friday,0
3144,2023/8/5,Prague_1,11444.720000000001,6.910000000000001,1,0,,Saturday,0
3144,2023/8/6,Prague_1,11210.08,6.910000000000001,1,0,,Sunday,0
3144,2023/8/7,Prague_1,13535.62,6.910000000000001,1,0,,Monday,0
3144,2023/8/8,Prague_1,10169.81,6.910000000000001,1,1,Peace Festival in Augsburg,Tuesday,0
3144,2023/8/9,Prague_1,12778.220000000001,6.910000000000001,1,0,,Wednesday,0
3144,2023/8/10,Prague_1,11843.230000000001,6.910000000000001,1,0,,Thursday,0
3144,2023/8/11,Prague_1,12287.87,6.910000000000001,1,0,,Friday,0
3144,2023/8/12,Prague_1,12724.04,6.910000000000001,1,0,,Saturday,0
3144,2023/8/13,Prague_1,12704.720000000001,6.910000000000001,1,0,,Sunday,0
3144,2023/8/14,Prague_1,11989.46,6.910000000000001,1,0,,Monday,0
3144,2023/8/15,Prague_1,10903.41,6.910000000000001,1,1,Assumption of the Virgin Mary,Tuesday,0
3144,2023/8/16,Prague_1,12423.949999999999,6.910000000000001,1,0,,Wednesday,0
3144,2023/8/17,Prague_1,13110.09,6.910000000000001,1,0,,Thursday,0
3144,2023/8/18,Prague_1,12568.43,6.910000000000001,1,0,,Friday,0
3144,2023/8/19,Prague_1,9763.88,6.910000000000001,1,0,,Saturday,0
3144,2023/8/20,Prague_1,10327.38,6.910000000000001,1,1,State Foundation Day,Sunday,0
3144,2023/8/21,Prague_1,10779.16,6.910000000000001,1,0,,Monday,0
3144,2023/8/22,Prague_1,10951.43,6.910000000000001,1,0,,Tuesday,0
3144,2023/8/23,Prague_1,9584.19,6.910000000000001,1,0,,Wednesday,0
3144,2023/8/24,Prague_1,11204.13,6.910000000000001,1,0,,Thursday,0
3144,2023/8/25,Prague_1,12217.17,6.910000000000001,1,0,,Friday,0
3144,2023/8/26,Prague_1,10366.51,6.910000000000001,1,0,,Saturday,0
3144,2023/8/27,Prague_1,11771.76,6.910000000000001,1,0,,Sunday,0
3144,2023/8/28,Prague_1,10921.96,6.910000000000001,1,0,,Monday,0
3144,2023/8/29,Prague_1,13352.5,6.910000000000001,1,0,,Tuesday,0
3144,2023/8/30,Prague_1,12552.4,6.910000000000001,1,0,,Wednesday,0
3144,2023/8/31,Prague_1,11098.01,6.910000000000001,1,0,,Thursday,0
3144,2023/9/1,Prague_1,13096.93,6.910000000000001,1,0,,Friday,0
3144,2023/9/2,Prague_1,11163.32,6.910000000000001,1,0,,Saturday,0
3144,2023/9/3,Prague_1,11533.76,6.910000000000001,1,0,,Sunday,0
3144,2023/9/4,Prague_1,11775.33,6.910000000000001,1,0,,Monday,0
3144,2023/9/5,Prague_1,11125.449999999999,6.910000000000001,1,0,,Tuesday,0
3144,2023/9/6,Prague_1,12131.63,6.910000000000001,1,0,,Wednesday,0
3144,2023/9/7,Prague_1,14375.83,6.910000000000001,1,0,,Thursday,0
3144,2023/9/8,Prague_1,12882.31,6.910000000000001,1,0,,Friday,0
3144,2023/9/9,Prague_1,9452.38,6.910000000000001,1,0,,Saturday,0
3144,2023/9/10,Prague_1,12618.9,6.910000000000001,1,0,,Sunday,0
3144,2023/9/11,Prague_1,12740.84,6.910000000000001,1,0,,Monday,0
3144,2023/9/12,Prague_1,12444.32,6.910000000000001,1,0,,Tuesday,0
3144,2023/9/13,Prague_1,13185.13,6.910000000000001,1,0,,Wednesday,0
3144,2023/9/14,Prague_1,15392.509999999998,6.910000000000001,1,0,,Thursday,0
3144,2023/9/15,Prague_1,12488,6.910000000000001,1,0,,Friday,0
3144,2023/9/16,Prague_1,10303.58,6.910000000000001,1,0,,Saturday,0
3144,2023/9/17,Prague_1,12449.92,6.910000000000001,1,0,,Sunday,0
3144,2023/9/18,Prague_1,11741.31,6.910000000000001,1,0,,Monday,0
3144,2023/9/19,Prague_1,13788.74,6.910000000000001,1,0,,Tuesday,0
3144,2023/9/20,Prague_1,9503.41,6.910000000000001,1,0,,Wednesday,0
3144,2023/9/21,Prague_1,13148.24,6.910000000000001,1,0,,Thursday,0
3144,2023/9/22,Prague_1,14430.429999999998,6.910000000000001,1,0,,Friday,0
3144,2023/9/23,Prague_1,10068.1,6.910000000000001,1,0,,Saturday,0
3144,2023/9/24,Prague_1,10810.94,6.910000000000001,1,0,,Sunday,0
3144,2023/9/25,Prague_1,11521.44,6.910000000000001,1,0,,Monday,0
3144,2023/9/26,Prague_1,11959.36,6.910000000000001,1,0,,Tuesday,0
3144,2023/9/27,Prague_1,20317.78,6.910000000000001,1,0,,Wednesday,0
3144,2023/9/28,Prague_1,12585.300000000001,6.910000000000001,1,1,Den ceske statnosti,Thursday,0
3144,2023/9/29,Prague_1,12258.050000000001,6.910000000000001,1,0,,Friday,0
3144,2023/9/30,Prague_1,9590.56,6.910000000000001,1,0,,Saturday,0
3144,2023/10/1,Prague_1,12827.85,6.910000000000001,1,0,,Sunday,0
3144,2023/10/2,Prague_1,11271.33,6.910000000000001,1,0,,Monday,0
3144,2023/10/3,Prague_1,9896.529999999999,6.910000000000001,1,1,German Unity Day,Tuesday,0
3144,2023/10/4,Prague_1,11368.56,6.910000000000001,1,0,,Wednesday,0
3144,2023/10/5,Prague_1,14159.81,6.910000000000001,1,0,,Thursday,0
3144,2023/10/6,Prague_1,12724.32,6.910000000000001,1,0,Memorial Day for the Martyrs of Arad,Friday,0
3144,2023/10/7,Prague_1,10790.29,6.910000000000001,1,0,,Saturday,0
3144,2023/10/8,Prague_1,11128.88,6.910000000000001,1,0,,Sunday,0
3144,2023/10/9,Prague_1,11480.63,6.910000000000001,1,0,,Monday,0
3144,2023/10/10,Prague_1,13299.65,6.910000000000001,1,0,,Tuesday,0
3144,2023/10/11,Prague_1,12404.699999999999,6.910000000000001,1,0,,Wednesday,0
3144,2023/10/12,Prague_1,14530.39,6.910000000000001,1,0,,Thursday,0
3144,2023/10/13,Prague_1,12843.6,6.910000000000001,1,0,,Friday,0
3144,2023/10/14,Prague_1,9891.35,6.910000000000001,1,0,,Saturday,0
3144,2023/10/15,Prague_1,10775.800000000001,6.910000000000001,1,0,,Sunday,0
3144,2023/10/16,Prague_1,12994.519999999999,6.910000000000001,1,0,,Monday,0
3144,2023/10/17,Prague_1,10932.25,6.910000000000001,1,0,,Tuesday,0
3144,2023/10/18,Prague_1,11203.08,6.910000000000001,1,0,,Wednesday,0
3144,2023/10/19,Prague_1,11824.26,6.910000000000001,1,0,,Thursday,0
3144,2023/10/20,Prague_1,14548.240000000002,6.910000000000001,1,0,,Friday,0
3144,2023/10/21,Prague_1,9876.65,6.910000000000001,1,0,,Saturday,0
3144,2023/10/22,Prague_1,11657.24,6.910000000000001,1,0,,Sunday,0
3144,2023/10/23,Prague_1,9086.07,6.910000000000001,1,1,Memorial day of the 1956 Revolution,Monday,0
3144,2023/10/24,Prague_1,10979.29,6.910000000000001,1,0,,Tuesday,0
3144,2023/10/25,Prague_1,11934.37,6.910000000000001,1,0,,Wednesday,0
3144,2023/10/26,Prague_1,11334.82,6.910000000000001,1,0,,Thursday,0
3144,2023/10/27,Prague_1,14740.880000000001,6.910000000000001,1,0,,Friday,0
3144,2023/10/28,Prague_1,12459.93,6.910000000000001,1,1,Den vzniku samostatneho ceskoslovenskeho statu,Saturday,0
3144,2023/10/29,Prague_1,14126.63,6.910000000000001,1,0,,Sunday,0
3144,2023/10/30,Prague_1,10437.14,6.910000000000001,1,0,,Monday,0
3144,2023/10/31,Prague_1,11561.41,6.910000000000001,1,1,Reformation Day,Tuesday,0
3144,2023/11/1,Prague_1,10363.29,6.910000000000001,1,1,All Saints Day,Wednesday,0
3144,2023/11/2,Prague_1,12284.58,6.910000000000001,1,0,,Thursday,0
3144,2023/11/3,Prague_1,13939.59,6.910000000000001,1,0,,Friday,0
3144,2023/11/4,Prague_1,8606.92,6.910000000000001,1,0,,Saturday,0
3144,2023/11/5,Prague_1,10439.730000000001,6.910000000000001,1,0,,Sunday,0
3144,2023/11/6,Prague_1,9854.949999999999,6.910000000000001,1,0,,Monday,0
3144,2023/11/7,Prague_1,9883.44,6.910000000000001,1,0,,Tuesday,0
3144,2023/11/8,Prague_1,11071.06,6.910000000000001,1,0,,Wednesday,0
3144,2023/11/9,Prague_1,11493.65,6.910000000000001,1,0,,Thursday,0
3144,2023/11/10,Prague_1,13225.17,6.910000000000001,1,0,,Friday,0
3144,2023/11/11,Prague_1,10373.51,6.910000000000001,1,0,,Saturday,0
3144,2023/11/12,Prague_1,9743.720000000001,6.910000000000001,1,0,,Sunday,0
3144,2023/11/13,Prague_1,11808.93,6.910000000000001,1,0,,Monday,0
3144,2023/11/14,Prague_1,11329.43,6.910000000000001,1,0,,Tuesday,0
3144,2023/11/15,Prague_1,13922.44,6.910000000000001,1,0,,Wednesday,0
3144,2023/11/16,Prague_1,14231.980000000001,6.910000000000001,1,0,,Thursday,0
3144,2023/11/17,Prague_1,10855.46,6.910000000000001,1,1,Den boje za svobodu a demokracii,Friday,0
3144,2023/11/18,Prague_1,10317.720000000001,6.910000000000001,1,0,,Saturday,0
3144,2023/11/19,Prague_1,12132.470000000001,6.910000000000001,1,0,,Sunday,0
3144,2023/11/20,Prague_1,11491.41,6.910000000000001,1,0,,Monday,0
3144,2023/11/21,Prague_1,10633.07,6.910000000000001,1,0,,Tuesday,0
3144,2023/11/22,Prague_1,11123.279999999999,6.910000000000001,1,0,,Wednesday,0
3144,2023/11/23,Prague_1,13080.480000000001,6.910000000000001,1,0,,Thursday,0
3144,2023/11/24,Prague_1,13292.65,6.910000000000001,1,0,,Friday,0
3144,2023/11/25,Prague_1,9885.12,6.910000000000001,1,0,,Saturday,0
3144,2023/11/26,Prague_1,11957.96,6.910000000000001,1,0,,Sunday,0
3144,2023/11/27,Prague_1,12828.34,6.910000000000001,1,0,,Monday,0
3144,2023/11/28,Prague_1,12737.13,6.910000000000001,1,0,,Tuesday,0
3144,2023/11/29,Prague_1,14716.66,6.910000000000001,1,0,,Wednesday,0
3144,2023/11/30,Prague_1,15815.869999999999,6.910000000000001,1,0,,Thursday,0
3144,2023/12/1,Prague_1,15955.52,6.910000000000001,1,0,,Friday,0
3144,2023/12/2,Prague_1,12822.46,6.910000000000001,1,0,,Saturday,0
3144,2023/12/3,Prague_1,11647.79,6.910000000000001,1,0,,Sunday,0
3144,2023/12/4,Prague_1,13314.279999999999,6.910000000000001,1,0,,Monday,0
3144,2023/12/5,Prague_1,12397.84,6.910000000000001,1,0,,Tuesday,0
3144,2023/12/6,Prague_1,12790.12,6.910000000000001,1,0,,Wednesday,0
3144,2023/12/7,Prague_1,15341.27,6.910000000000001,1,0,,Thursday,0
3144,2023/12/8,Prague_1,14631.75,6.910000000000001,1,0,,Friday,0
3144,2023/12/9,Prague_1,11568.550000000001,6.910000000000001,1,0,,Saturday,0
3144,2023/12/10,Prague_1,12411.279999999999,6.910000000000001,1,0,,Sunday,0
3144,2023/12/11,Prague_1,11755.449999999999,6.910000000000001,1,0,,Monday,0
3144,2023/12/12,Prague_1,11486.51,6.910000000000001,1,0,,Tuesday,0
3144,2023/12/13,Prague_1,13016.43,6.910000000000001,1,0,,Wednesday,0
3144,2023/12/14,Prague_1,13478.57,6.910000000000001,1,0,,Thursday,0
3144,2023/12/15,Prague_1,13974.1,6.910000000000001,1,0,,Friday,0
3144,2023/12/16,Prague_1,11789.89,6.910000000000001,1,0,,Saturday,0
3144,2023/12/17,Prague_1,10378.13,6.910000000000001,1,0,,Sunday,0
3144,2023/12/18,Prague_1,11950.26,6.910000000000001,1,0,,Monday,0
3144,2023/12/19,Prague_1,13802.88,6.910000000000001,1,0,,Tuesday,0
3144,2023/12/20,Prague_1,16613.8,6.910000000000001,1,0,,Wednesday,0
3144,2023/12/21,Prague_1,15272.39,6.910000000000001,1,0,,Thursday,0
3144,2023/12/22,Prague_1,13489.980000000001,6.910000000000001,1,0,,Friday,0
3144,2023/12/23,Prague_1,6433.63,6.910000000000001,0.92,0,,Saturday,0
3144,2023/12/24,Prague_1,2313.5699999999997,6.910000000000001,1,1,Christmas Eve,Sunday,0
3144,2023/12/25,Prague_1,6979.07,6.910000000000001,1,1,1st Christmas Day,Monday,0
3144,2023/12/26,Prague_1,12159.91,6.910000000000001,1,1,2nd Christmas Day,Tuesday,0
3144,2023/12/27,Prague_1,14187.6,6.910000000000001,1,0,,Wednesday,0
3144,2023/12/28,Prague_1,13400.800000000001,6.910000000000001,1,0,,Thursday,0
3144,2023/12/29,Prague_1,12841.08,6.910000000000001,1,0,,Friday,0
3144,2023/12/30,Prague_1,12825.12,6.910000000000001,1,0,,Saturday,0
3144,2023/12/31,Prague_1,6864.900000000001,6.910000000000001,1,0,,Sunday,0
3144,2024/1/1,Prague_1,10593.87,6.67,1,1,New Years Day,Monday,0
3144,2024/1/2,Prague_1,14260.26,6.67,1,0,,Tuesday,0
3144,2024/1/3,Prague_1,13874.49,6.67,1,0,,Wednesday,0
3144,2024/1/4,Prague_1,13494.88,6.67,1,0,,Thursday,0
3144,2024/1/5,Prague_1,14232.89,6.67,1,0,,Friday,0
3144,2024/1/6,Prague_1,10103.31,6.67,1,1,Epiphany,Saturday,0
3144,2024/1/7,Prague_1,13293.21,6.67,1,0,,Sunday,0
3144,2024/1/8,Prague_1,14531.23,6.67,1,0,,Monday,0
3144,2024/1/9,Prague_1,13055.42,6.67,1,0,,Tuesday,0
3144,2024/1/10,Prague_1,15333.08,6.67,1,0,,Wednesday,0
3144,2024/1/11,Prague_1,16950.08,6.67,1,0,,Thursday,0
3144,2024/1/12,Prague_1,15090.880000000001,6.67,1,0,,Friday,0
3144,2024/1/13,Prague_1,12595.87,6.67,1,0,,Saturday,0
3144,2024/1/14,Prague_1,14193.62,6.67,1,0,,Sunday,0
3144,2024/1/15,Prague_1,11634.56,6.67,1,0,,Monday,0
3144,2024/1/16,Prague_1,14070.84,6.67,1,0,,Tuesday,0
3144,2024/1/17,Prague_1,15738.31,6.67,1,0,,Wednesday,0
3144,2024/1/18,Prague_1,17452.89,6.67,1,0,,Thursday,0
3144,2024/1/19,Prague_1,16246.44,6.67,1,0,,Friday,0
3144,2024/1/20,Prague_1,11581.08,6.67,1,0,,Saturday,0
3144,2024/1/21,Prague_1,15006.320000000002,6.67,1,0,,Sunday,0
3144,2024/1/22,Prague_1,14112.49,6.67,1,0,,Monday,0
3144,2024/1/23,Prague_1,11041.66,6.67,1,0,,Tuesday,0
3144,2024/1/24,Prague_1,15407.699999999999,6.67,1,0,,Wednesday,0
3144,2024/1/25,Prague_1,14964.039999999999,6.67,1,0,,Thursday,0
3144,2024/1/26,Prague_1,15736.56,6.67,1,0,,Friday,0
3144,2024/1/27,Prague_1,10206.49,6.67,1,0,,Saturday,0
3144,2024/1/28,Prague_1,11367.09,6.67,1,0,,Sunday,0
3144,2024/1/29,Prague_1,11384.59,6.67,1,0,,Monday,0
3144,2024/1/30,Prague_1,13783.49,6.67,1,0,,Tuesday,0
3144,2024/1/31,Prague_1,13653.29,6.67,1,0,,Wednesday,0
3144,2024/2/1,Prague_1,14292.39,6.67,1,0,Memorial Day of the Republic,Thursday,0
3144,2024/2/2,Prague_1,13774.39,6.67,1,0,,Friday,0
3144,2024/2/3,Prague_1,11507.37,6.67,1,0,,Saturday,0
3144,2024/2/4,Prague_1,12436.76,6.67,1,0,,Sunday,0
3144,2024/2/5,Prague_1,11194.89,6.67,1,0,,Monday,0
3144,2024/2/6,Prague_1,13326.88,6.67,1,0,,Tuesday,0
3144,2024/2/7,Prague_1,13101.69,6.67,1,0,,Wednesday,0
3144,2024/2/8,Prague_1,15094.380000000001,6.67,1,0,,Thursday,0
3144,2024/2/9,Prague_1,15672.44,6.67,1,0,,Friday,0
3144,2024/2/10,Prague_1,11039.07,6.67,1,0,,Saturday,0
3144,2024/2/11,Prague_1,13906.41,6.67,1,0,,Sunday,0
3144,2024/2/12,Prague_1,10803.87,6.67,1,0,,Monday,0
3144,2024/2/13,Prague_1,10983.21,6.67,1,0,,Tuesday,0
3144,2024/2/14,Prague_1,10731,6.67,1,0,,Wednesday,0
3144,2024/2/15,Prague_1,13763.050000000001,6.67,1,0,,Thursday,0
3144,2024/2/16,Prague_1,13455.050000000001,6.67,1,0,,Friday,0
3144,2024/2/17,Prague_1,11310.74,6.67,1,0,,Saturday,0
3144,2024/2/18,Prague_1,12523.42,6.67,1,0,,Sunday,0
3144,2024/2/19,Prague_1,12894.14,6.67,1,0,,Monday,0
3144,2024/2/20,Prague_1,11276.51,6.67,1,0,,Tuesday,0
3144,2024/2/21,Prague_1,10216.43,6.67,1,0,,Wednesday,0
3144,2024/2/22,Prague_1,14477.539999999999,6.67,1,0,,Thursday,0
3144,2024/2/23,Prague_1,13438.39,6.67,1,0,,Friday,0
3144,2024/2/24,Prague_1,10476.69,6.67,1,0,,Saturday,0
3144,2024/2/25,Prague_1,11544.26,6.67,1,0,Memorial Day for the Victims of the Communist Dictatorships,Sunday,0
3144,2024/2/26,Prague_1,11553.779999999999,6.67,1,0,,Monday,0
3144,2024/2/27,Prague_1,9546.46,6.67,1,0,,Tuesday,0
3144,2024/2/28,Prague_1,12176.64,6.67,1,0,,Wednesday,0
3144,2024/2/29,Prague_1,14043.19,6.67,1,0,,Thursday,0
3144,2024/3/1,Prague_1,14387.66,6.67,1,0,,Friday,0
3144,2024/3/2,Prague_1,10598.769999999999,6.67,1,0,,Saturday,0
3144,2024/3/3,Prague_1,10187.31,6.67,1,0,,Sunday,0
3144,2024/3/4,Prague_1,12991.79,6.67,1,0,,Monday,0
3144,2024/3/5,Prague_1,11555.04,6.67,1,0,,Tuesday,0
3144,2024/3/6,Prague_1,10840.83,6.67,1,0,,Wednesday,0
3144,2024/3/7,Prague_1,13009.15,6.67,1,0,,Thursday,0
3144,2024/3/8,Prague_1,16245.67,6.67,1,0,International womens day,Friday,0
3144,2024/3/9,Prague_1,10680.88,6.67,1,0,,Saturday,0
3144,2024/3/10,Prague_1,12242.09,6.67,1,0,,Sunday,0
3144,2024/3/11,Prague_1,12466.51,6.67,1,0,,Monday,0
3144,2024/3/12,Prague_1,11978.19,6.67,1,0,,Tuesday,0
3144,2024/3/13,Prague_1,13247.71,6.67,1,0,,Wednesday,0
3144,2024/3/14,Prague_1,13735.75,6.67,1,0,,Thursday,0
3144,2024/3/15,Prague_1,14180.11,6.67,1,1,Memorial Day for the Victims of the Holocaust,Friday,0
3144,2024/3/16,Prague_1,11678.449999999999,6.67,1,0,,Saturday,0
3144,2024/3/17,Prague_1,10932.46,6.67,1,0,,Sunday,0
3144,2024/3/18,Prague_1,11481.82,6.67,1,0,,Monday,0
3144,2024/3/19,Prague_1,11469.85,6.67,1,0,,Tuesday,0
3144,2024/3/20,Prague_1,13198.01,6.67,1,0,,Wednesday,0
3144,2024/3/21,Prague_1,14309.19,6.67,1,0,,Thursday,0
3144,2024/3/22,Prague_1,15089.199999999999,6.67,1,0,,Friday,0
3144,2024/3/23,Prague_1,10802.82,6.67,1,0,,Saturday,0
3144,2024/3/24,Prague_1,12361.019999999999,6.67,1,0,,Sunday,0
3144,2024/3/25,Prague_1,11459.980000000001,6.67,1,0,,Monday,0
3144,2024/3/26,Prague_1,12386.779999999999,6.67,1,0,,Tuesday,0
3144,2024/3/27,Prague_1,15846.740000000002,6.67,1,0,,Wednesday,0
3144,2024/3/28,Prague_1,16144.029999999999,6.67,1,0,,Thursday,0
3144,2024/3/29,Prague_1,11467.33,6.67,1,1,Good Friday,Friday,0
3144,2024/3/30,Prague_1,9295.37,6.67,1,1,,Saturday,0
3144,2024/3/31,Prague_1,12111.33,6.67,1,1,,Sunday,0
3144,2024/4/1,Prague_1,11401.529999999999,6.67,1,1,Easter Monday,Monday,0
3144,2024/4/2,Prague_1,13669.6,6.67,1,0,,Tuesday,0
3144,2024/4/3,Prague_1,11215.89,6.67,1,0,,Wednesday,0
3144,2024/4/4,Prague_1,13451.62,6.67,1,0,,Thursday,0
3144,2024/4/5,Prague_1,17162.039999999997,6.67,1,0,,Friday,0
3144,2024/4/6,Prague_1,11818.17,6.67,1,0,,Saturday,0
3144,2024/4/7,Prague_1,11458.019999999999,6.67,1,0,,Sunday,0
3144,2024/4/8,Prague_1,12596.36,6.67,1,0,,Monday,0
3144,2024/4/9,Prague_1,12807.480000000001,5.5,1,0,,Tuesday,0
3144,2024/4/10,Prague_1,15370.320000000002,5.5,1,0,,Wednesday,0
3144,2024/4/11,Prague_1,12766.04,5.5,1,0,,Thursday,0
3144,2024/4/12,Prague_1,16818.41,5.5,1,0,,Friday,0
3144,2024/4/13,Prague_1,11537.54,5.5,1,0,,Saturday,0
3144,2024/4/14,Prague_1,11370.730000000001,5.5,1,0,,Sunday,0
3144,2024/4/15,Prague_1,14260.050000000001,5.5,1,0,,Monday,0
3144,2024/4/16,Prague_1,13011.11,5.5,1,0,Memorial Day for the Victims of the Holocaust,Tuesday,0
3144,2024/4/17,Prague_1,12727.96,5.5,1,0,,Wednesday,0
3144,2024/4/18,Prague_1,14764.61,5.5,1,0,,Thursday,0
3144,2024/4/19,Prague_1,16957.289999999997,5.5,1,0,,Friday,0
3144,2024/4/20,Prague_1,12280.24,5.5,1,0,,Saturday,0
3144,2024/4/21,Prague_1,12351.779999999999,5.5,1,0,,Sunday,0
3144,2024/4/22,Prague_1,13028.82,5.5,1,0,,Monday,0
3144,2024/4/23,Prague_1,13709.779999999999,5.5,1,0,,Tuesday,0
3144,2024/4/24,Prague_1,11548.74,5.5,1,0,,Wednesday,0
3144,2024/4/25,Prague_1,14401.240000000002,5.5,1,0,,Thursday,0
3144,2024/4/26,Prague_1,15668.800000000001,5.5,1,0,,Friday,0
3144,2024/4/27,Prague_1,11125.1,5.5,1,0,,Saturday,0
3144,2024/4/28,Prague_1,13462.050000000001,5.5,1,0,,Sunday,0
3144,2024/4/29,Prague_1,15690.92,5.74,1,0,,Monday,0
3144,2024/4/30,Prague_1,14980.56,5.5,1,0,,Tuesday,0
3144,2024/5/1,Prague_1,12099.36,5.5,1,1,Labour Day,Wednesday,0
3144,2024/5/2,Prague_1,11962.230000000001,5.5,1,0,,Thursday,0
3144,2024/5/3,Prague_1,15437.380000000001,5.5,1,0,,Friday,0
3144,2024/5/4,Prague_1,11658.71,5.5,1,0,,Saturday,0
3144,2024/5/5,Prague_1,10812.76,5.5,1,0,,Sunday,0
3144,2024/5/6,Prague_1,14070.35,5.5,1,0,,Monday,0
3144,2024/5/7,Prague_1,18943.26,5.5,1,0,,Tuesday,0
3144,2024/5/8,Prague_1,16051.91,5.5,1,1,Den osvobozeni,Wednesday,0
3144,2024/5/9,Prague_1,16205.77,5.5,1,1,Ascension day,Thursday,0
3144,2024/5/10,Prague_1,15094.59,5.5,1,0,,Friday,0
3144,2024/5/11,Prague_1,10298.68,5.5,1,0,,Saturday,0
3144,2024/5/12,Prague_1,12805.31,5.5,1,0,,Sunday,0
3144,2024/5/13,Prague_1,12908.63,5.5,1,0,,Monday,0
3144,2024/5/14,Prague_1,12940.83,5.5,1,0,,Tuesday,0
3144,2024/5/15,Prague_1,14741.23,5.5,1,0,,Wednesday,0
3144,2024/5/16,Prague_1,15395.100000000002,5.5,1,0,,Thursday,0
3144,2024/5/17,Prague_1,15687.699999999999,5.5,1,0,,Friday,0
3144,2024/5/18,Prague_1,9671.550000000001,5.5,1,0,,Saturday,0
3144,2024/5/19,Prague_1,11473,5.5,1,1,Whit sunday,Sunday,0
3144,2024/5/20,Prague_1,11425.82,5.5,1,1,Whit monday,Monday,0
3144,2024/5/21,Prague_1,12990.11,5.5,1,0,National Defense Day,Tuesday,0
3144,2024/5/22,Prague_1,11732.91,5.5,1,0,,Wednesday,0
3144,2024/5/23,Prague_1,12840.24,5.5,1,0,,Thursday,0
3144,2024/5/24,Prague_1,15383.619999999999,5.5,1,0,,Friday,0
3144,2024/5/25,Prague_1,11893.42,5.5,1,0,,Saturday,0
3144,2024/5/26,Prague_1,11232.550000000001,5.5,1,0,,Sunday,0
3144,2024/5/27,Prague_1,11236.96,5.5,1,0,,Monday,0
3144,2024/5/28,Prague_1,12309.220000000001,5.62,1,0,,Tuesday,0
3144,2024/5/29,Prague_1,10701.32,5.62,1,0,,Wednesday,0
3144,2024/5/30,Prague_1,14686.42,5.62,1,1,Corpus Christi,Thursday,0
3144,2024/5/31,Prague_1,14656.320000000002,5.62,1,0,,Friday,0
3144,2024/6/1,Prague_1,10096.66,5.62,1,0,,Saturday,0
3144,2024/6/2,Prague_1,12320.42,5.62,1,0,,Sunday,0
3616,2020/8/1,Prague_1,1744.61,2.8,0.63,0,,Saturday,0
3616,2020/8/2,Prague_1,2170.0699999999997,2.8,0.59,0,,Sunday,0
3616,2020/8/3,Prague_1,1862.98,2.8,0.64,0,,Monday,0
3616,2020/8/4,Prague_1,1881.25,2.8,0.6,0,,Tuesday,0
3616,2020/8/5,Prague_1,1908.76,2.8,0.52,0,,Wednesday,0
3616,2020/8/6,Prague_1,1610.3500000000001,2.8,0.45,0,,Thursday,0
3616,2020/8/7,Prague_1,1561.28,2.8,0.52,0,,Friday,0
3616,2020/8/8,Prague_1,1804.5300000000002,2.8,0.56,1,Peace Festival in Augsburg,Saturday,0
3616,2020/8/9,Prague_1,2252.81,2.8,0.56,0,,Sunday,0
3616,2020/8/10,Prague_1,1886.3600000000001,2.8,0.6,0,,Monday,0
3616,2020/8/11,Prague_1,1644.23,2.8,0.61,0,,Tuesday,0
3616,2020/8/12,Prague_1,1707.0900000000001,2.8,0.52,0,,Wednesday,0
3616,2020/8/13,Prague_1,1928.43,2.8,0.5,0,,Thursday,0
3616,2020/8/14,Prague_1,2433.34,2.8,0.5,0,,Friday,0
3616,2020/8/15,Prague_1,2003.82,2.8,0.5,1,Assumption of the Virgin Mary,Saturday,0
3616,2020/8/16,Prague_1,1182.1599999999999,2.8,0.46,0,,Sunday,0
3616,2020/8/17,Prague_1,2083.27,2.8,0.47000000000000003,0,,Monday,0
3616,2020/8/18,Prague_1,1765.96,2.8,0.5,0,,Tuesday,0
3616,2020/8/19,Prague_1,1809.7099999999998,2.8,0.48,0,,Wednesday,0
3616,2020/8/20,Prague_1,2786.77,2.8,0.45,1,State Foundation Day,Thursday,0
3616,2020/8/21,Prague_1,1806.2099999999998,2.8,0.47000000000000003,1,Hungary National Day Holiday,Friday,0
3616,2020/8/22,Prague_1,1167.53,2.8,0.48,0,,Saturday,0
3616,2020/8/23,Prague_1,1459.43,2.8,0.47000000000000003,0,,Sunday,0
3616,2020/8/24,Prague_1,1324.61,2.8,0.47000000000000003,0,,Monday,0
3616,2020/8/25,Prague_1,2079.49,2.8,0.47000000000000003,0,,Tuesday,0
3616,2020/8/26,Prague_1,1998.7800000000002,2.8,0.47000000000000003,0,,Wednesday,0
3616,2020/8/27,Prague_1,2341.22,2.8,0.47000000000000003,0,,Thursday,0
3616,2020/8/28,Prague_1,1518.79,2.8,0.48,0,,Friday,0
3616,2020/8/29,Prague_1,2234.19,2.8,0.46,0,,Saturday,0
3616,2020/8/30,Prague_1,1461.46,2.8,0.46,0,,Sunday,0
3616,2020/8/31,Prague_1,2013.83,2.8,0.56,0,,Monday,0
3616,2020/9/1,Prague_1,1932.42,2.8,0.57,0,,Tuesday,0
3616,2020/9/2,Prague_1,982.1000000000001,2.8,0.54,0,,Wednesday,0
3616,2020/9/3,Prague_1,2128.0699999999997,2.8,0.55,0,,Thursday,0
3616,2020/9/4,Prague_1,2968.98,2.8,0.61,0,,Friday,0
3616,2020/9/5,Prague_1,2196.9500000000003,2.8,0.57,0,,Saturday,0
3616,2020/9/6,Prague_1,2049.04,2.8,0.56,0,,Sunday,0
3616,2020/9/7,Prague_1,1558.3400000000001,2.8,0.57,0,,Monday,0
3616,2020/9/8,Prague_1,2125.41,2.8,0.61,0,,Tuesday,0
3616,2020/9/9,Prague_1,1649.27,2.8,0.54,0,,Wednesday,0
3616,2020/9/10,Prague_1,1630.58,2.8,0.59,0,,Thursday,0
3616,2020/9/11,Prague_1,1567.79,2.8,0.75,0,,Friday,0
3616,2020/9/12,Prague_1,1819.3700000000001,2.8,0.75,0,,Saturday,0
3616,2020/9/13,Prague_1,1779.26,2.8,0.76,0,,Sunday,0
3616,2020/9/14,Prague_1,1246.28,2.8,0.7700000000000001,0,,Monday,0
3616,2020/9/15,Prague_1,1830.2199999999998,2.8,0.8099999999999999,0,,Tuesday,0
3616,2020/9/16,Prague_1,1201.55,2.8,0.76,0,,Wednesday,0
3616,2020/9/17,Prague_1,1975.0499999999997,2.8,0.7299999999999999,0,,Thursday,0
3616,2020/9/18,Prague_1,1893.1499999999999,2.8,0.76,0,,Friday,0
3616,2020/9/19,Prague_1,1845.48,2.8,0.74,0,,Saturday,0
3616,2020/9/20,Prague_1,2004.52,2.8,0.68,0,,Sunday,0
3616,2020/9/21,Prague_1,1739.22,2.8,0.61,0,,Monday,0
3616,2020/9/22,Prague_1,2502.78,2.8,0.56,0,,Tuesday,0
3616,2020/9/23,Prague_1,2429.28,2.8,0.46,0,,Wednesday,0
3616,2020/9/24,Prague_1,3313.17,2.8,0.48,0,,Thursday,0
3616,2020/9/25,Prague_1,3094.98,2.8,0.56,0,,Friday,0
3616,2020/9/26,Prague_1,1717.87,2.8,0.57,0,,Saturday,0
3616,2020/9/27,Prague_1,1628.55,2.8,0.52,0,,Sunday,0
3616,2020/9/28,Prague_1,191.59,2.8,0.46,1,Den ceske statnosti,Monday,0
3616,2020/9/29,Prague_1,2152.29,2.8,0.5,0,,Tuesday,0
3616,2020/9/30,Prague_1,1856.6100000000001,2.8,0.52,0,,Wednesday,0
3616,2020/10/1,Prague_1,2621.5699999999997,2.8,0.52,0,,Thursday,0
3616,2020/10/2,Prague_1,1066.8,2.8,0.58,0,,Friday,0
3616,2020/10/3,Prague_1,2821.21,2.8,0.55,1,German Unity Day,Saturday,0
3616,2020/10/4,Prague_1,2330.65,2.8,0.47000000000000003,0,,Sunday,0
3616,2020/10/5,Prague_1,2121.6299999999997,2.8,0.47000000000000003,0,,Monday,0
3616,2020/10/6,Prague_1,2724.6800000000003,2.8,0.47000000000000003,0,Memorial Day for the Martyrs of Arad,Tuesday,0
3616,2020/10/7,Prague_1,1722.28,2.8,0.46,0,,Wednesday,0
3616,2020/10/8,Prague_1,3499.02,2.8,0.47000000000000003,0,,Thursday,0
3616,2020/10/9,Prague_1,2572.15,2.8,0.59,0,,Friday,0
3616,2020/10/10,Prague_1,2041.06,2.8,0.64,0,,Saturday,0
3616,2020/10/11,Prague_1,2943.15,2.8,0.79,0,,Sunday,0
3616,2020/10/12,Prague_1,1788.43,2.8,0.76,0,,Monday,0
3616,2020/10/13,Prague_1,1337.3500000000001,2.8,0.8,0,,Tuesday,0
3616,2020/10/14,Prague_1,2056.8799999999997,2.8,0.8,0,,Wednesday,0
3616,2020/10/15,Prague_1,1683.5,2.8,0.86,0,,Thursday,0
3616,2020/10/16,Prague_1,3416.0699999999997,2.8,0.82,0,,Friday,0
3616,2020/10/17,Prague_1,4295.34,2.8,0.83,0,,Saturday,0
3616,2020/10/18,Prague_1,2803.5,2.8,0.86,0,,Sunday,0
3616,2020/10/19,Prague_1,3632.7200000000003,2.8,0.76,0,,Monday,0
3616,2020/10/20,Prague_1,2562.14,2.8,0.7299999999999999,0,,Tuesday,0
3616,2020/10/21,Prague_1,3217.83,2.8,0.65,0,,Wednesday,0
3616,2020/10/22,Prague_1,2164.89,2.8,0.87,0,,Thursday,0
3616,2020/10/23,Prague_1,3219.86,2.8,0.8099999999999999,1,Memorial day of the 1956 Revolution,Friday,0
3616,2020/10/24,Prague_1,2251.9,2.8,0.8099999999999999,0,,Saturday,0
3616,2020/10/25,Prague_1,3654.21,2.8,0.62,0,,Sunday,0
3616,2020/10/26,Prague_1,2703.96,2.8,0.54,0,,Monday,0
3616,2020/10/27,Prague_1,3723.86,2.8,0.59,0,,Tuesday,0
3616,2020/10/28,Prague_1,3412.5699999999997,2.8,0.59,1,Den vzniku samostatneho ceskoslovenskeho statu,Wednesday,0
3616,2020/10/29,Prague_1,3502.3799999999997,2.8,0.56,0,,Thursday,0
3616,2020/10/30,Prague_1,3828.16,2.8,0.57,0,,Friday,0
3616,2020/10/31,Prague_1,2460.22,2.8,0.52,1,Reformation Day,Saturday,0
3616,2020/11/1,Prague_1,3894.0999999999995,2.8,0.46,1,All Saints Day,Sunday,0
3616,2020/11/2,Prague_1,3963.12,2.8,0.5,0,,Monday,0
3616,2020/11/3,Prague_1,3008.9500000000003,2.8,0.54,0,,Tuesday,0
3616,2020/11/4,Prague_1,2825.1299999999997,2.8,0.5,0,,Wednesday,0
3616,2020/11/5,Prague_1,2544.78,2.8,0.51,0,,Thursday,0
3616,2020/11/6,Prague_1,3174.92,2.8,0.55,0,,Friday,0
3616,2020/11/7,Prague_1,2782.15,2.8,0.51,0,,Saturday,0
3616,2020/11/8,Prague_1,2476.1800000000003,2.8,0.47000000000000003,0,,Sunday,0
3616,2020/11/9,Prague_1,4163.53,2.8,0.52,0,,Monday,0
3616,2020/11/10,Prague_1,3674.09,2.8,0.51,0,,Tuesday,0
3616,2020/11/11,Prague_1,3296.86,2.8,0.52,0,,Wednesday,0
3616,2020/11/12,Prague_1,2674.49,2.8,0.54,0,,Thursday,0
3616,2020/11/13,Prague_1,4471.67,2.8,0.57,0,,Friday,0
3616,2020/11/14,Prague_1,3643.4300000000003,2.8,0.55,0,,Saturday,0
3616,2020/11/15,Prague_1,2478.98,2.8,0.5,0,,Sunday,0
3616,2020/11/16,Prague_1,3853.0800000000004,2.8,0.55,0,,Monday,0
3616,2020/11/17,Prague_1,3546.9,2.8,0.6,1,Den boje za svobodu a demokracii,Tuesday,0
3616,2020/11/18,Prague_1,3961.09,2.8,0.55,0,,Wednesday,0
3616,2020/11/19,Prague_1,4450.599999999999,2.8,0.62,0,,Thursday,0
3616,2020/11/20,Prague_1,4559.17,2.8,0.67,0,,Friday,0
3616,2020/11/21,Prague_1,3217.48,2.8,0.65,0,,Saturday,0
3616,2020/11/22,Prague_1,3576.16,2.8,0.64,0,,Sunday,0
3616,2020/11/23,Prague_1,3615.5,2.8,0.62,0,,Monday,0
3616,2020/11/24,Prague_1,4142.67,2.8,0.58,0,,Tuesday,0
3616,2020/11/25,Prague_1,3446.03,2.8,0.6,0,,Wednesday,0
3616,2020/11/26,Prague_1,3734.2200000000003,2.8,0.57,0,,Thursday,0
3616,2020/11/27,Prague_1,4042.64,2.8,0.57,0,,Friday,0
3616,2020/11/28,Prague_1,4340.07,2.8,0.52,0,,Saturday,0
3616,2020/11/29,Prague_1,2882.04,2.8,0.48,0,,Sunday,0
3616,2020/11/30,Prague_1,3204.74,2.8,0.51,0,,Monday,0
3616,2020/12/1,Prague_1,3231.69,2.8,0.5,0,,Tuesday,0
3616,2020/12/2,Prague_1,3751.5800000000004,2.8,0.48,0,,Wednesday,0
3616,2020/12/3,Prague_1,4061.8199999999997,2.8,0.54,0,,Thursday,0
3616,2020/12/4,Prague_1,2926.7000000000003,2.8,0.66,0,,Friday,0
3616,2020/12/5,Prague_1,3719.52,2.8,0.66,0,,Saturday,0
3616,2020/12/6,Prague_1,2946.2999999999997,2.8,0.55,0,,Sunday,0
3616,2020/12/7,Prague_1,5320.56,2.8,0.48999999999999994,0,,Monday,0
3616,2020/12/8,Prague_1,3980.6899999999996,2.8,0.48999999999999994,0,,Tuesday,0
3616,2020/12/9,Prague_1,3502.1,2.8,0.48,0,,Wednesday,0
3616,2020/12/10,Prague_1,3464.86,2.8,0.51,0,,Thursday,0
3616,2020/12/11,Prague_1,3579.24,2.8,0.53,0,,Friday,0
3616,2020/12/12,Prague_1,3071.9500000000003,2.8,0.53,0,,Saturday,0
3616,2020/12/13,Prague_1,2896.53,2.8,0.48999999999999994,0,,Sunday,0
3616,2020/12/14,Prague_1,3711.0499999999997,2.8,0.5,0,,Monday,0
3616,2020/12/15,Prague_1,4790.87,2.8,0.51,0,,Tuesday,0
3616,2020/12/16,Prague_1,2750.23,2.8,0.51,0,,Wednesday,0
3616,2020/12/17,Prague_1,3904.7400000000002,2.8,0.54,0,,Thursday,0
3616,2020/12/18,Prague_1,3485.44,2.8,0.58,0,,Friday,0
3616,2020/12/19,Prague_1,3428.9500000000003,2.8,0.6,0,,Saturday,0
3616,2020/12/20,Prague_1,5114.48,2.8,0.57,0,,Sunday,0
3616,2020/12/21,Prague_1,4592.349999999999,2.8,0.57,0,,Monday,0
3616,2020/12/22,Prague_1,4545.73,2.8,0.76,0,,Tuesday,0
3616,2020/12/23,Prague_1,7102.69,2.8,0.89,0,,Wednesday,0
3616,2020/12/24,Prague_1,2649.92,2.8,0.97,1,Christmas Eve,Thursday,0
3616,2020/12/26,Prague_1,4342.03,2.8,0.63,1,2nd Christmas Day,Saturday,0
3616,2020/12/27,Prague_1,3603.8100000000004,2.8,0.53,0,,Sunday,0
3616,2020/12/28,Prague_1,4522.63,2.8,0.47000000000000003,0,,Monday,0
3616,2020/12/29,Prague_1,4357.71,2.8,0.48,0,,Tuesday,0
3616,2020/12/30,Prague_1,3983.77,2.8,0.7,0,,Wednesday,0
3616,2020/12/31,Prague_1,3311.42,2.8,0.92,0,,Thursday,0
3616,2021/1/1,Prague_1,3720.8499999999995,2.8,1,1,New Years Day,Friday,0
3616,2021/1/2,Prague_1,3069.22,2.8,0.7299999999999999,0,,Saturday,0
3616,2021/1/3,Prague_1,3051.09,2.8,0.83,0,,Sunday,0
3616,2021/1/4,Prague_1,5504.66,2.8,0.7700000000000001,0,,Monday,0
3616,2021/1/5,Prague_1,3587.0099999999998,2.8,1,0,,Tuesday,0
3616,2021/1/6,Prague_1,3814.5800000000004,2.8,0.88,1,Epiphany,Wednesday,0
3616,2021/1/7,Prague_1,3588.0600000000004,2.8,0.74,0,,Thursday,0
3616,2021/1/8,Prague_1,3680.5999999999995,2.8,0.88,0,,Friday,0
3616,2021/1/9,Prague_1,3894.9399999999996,2.8,0.91,0,,Saturday,0
3616,2021/1/10,Prague_1,3738.2799999999997,2.8,1,0,,Sunday,0
3616,2021/1/11,Prague_1,3813.11,2.8,0.95,0,,Monday,0
3616,2021/1/12,Prague_1,4976.16,2.8,0.9400000000000001,0,,Tuesday,0
3616,2021/1/13,Prague_1,3692.5699999999997,2.8,0.78,0,,Wednesday,0
3616,2021/1/14,Prague_1,4481.05,2.8,1,0,,Thursday,0
3616,2021/1/15,Prague_1,3883.7400000000002,2.8,0.78,0,,Friday,0
3616,2021/1/16,Prague_1,4242.139999999999,2.8,1,0,,Saturday,0
3616,2021/1/17,Prague_1,4047.4700000000003,2.8,1,0,,Sunday,0
3616,2021/1/18,Prague_1,4924.08,2.8,1,0,,Monday,0
3616,2021/1/19,Prague_1,3705.87,2.8,1,0,,Tuesday,0
3616,2021/1/20,Prague_1,3955.14,2.8,1,0,,Wednesday,0
3616,2021/1/21,Prague_1,5036.29,2.8,1,0,,Thursday,0
3616,2021/1/22,Prague_1,4582.41,2.8,0.85,0,,Friday,0
3616,2021/1/23,Prague_1,4336.639999999999,2.8,1,0,,Saturday,0
3616,2021/1/24,Prague_1,3808.14,2.8,1,0,,Sunday,0
3616,2021/1/25,Prague_1,3072.58,2.8,1,0,,Monday,0
3616,2021/1/26,Prague_1,3412.08,2.8,1,0,,Tuesday,0
3616,2021/1/27,Prague_1,4489.73,2.8,1,0,,Wednesday,0
3616,2021/1/28,Prague_1,4491.13,2.8,0.83,0,,Thursday,0
3616,2021/1/29,Prague_1,4837.07,2.8,0.99,0,,Friday,0
3616,2021/1/30,Prague_1,4955.79,2.8,1,0,,Saturday,0
3616,2021/1/31,Prague_1,3873.2400000000002,2.8,1,0,,Sunday,0
3616,2021/2/1,Prague_1,3212.9300000000003,2.8,0.99,0,Memorial Day of the Republic,Monday,0
3616,2021/2/2,Prague_1,4783.52,2.8,0.86,0,,Tuesday,0
3616,2021/2/3,Prague_1,3924.2000000000003,2.8,1,0,,Wednesday,0
3616,2021/2/4,Prague_1,3969.3499999999995,2.8,0.95,0,,Thursday,0
3616,2021/2/5,Prague_1,5082.91,2.8,1,0,,Friday,0
3616,2021/2/6,Prague_1,4515.139999999999,2.8,1,0,,Saturday,0
3616,2021/2/7,Prague_1,4076.0999999999995,2.8,0.82,0,,Sunday,0
3616,2021/2/8,Prague_1,3933.09,2.8,0.9400000000000001,0,,Monday,0
3616,2021/2/9,Prague_1,4079.39,2.8,0.76,0,,Tuesday,0
3616,2021/2/10,Prague_1,4670.400000000001,2.8,0.89,0,,Wednesday,0
3616,2021/2/11,Prague_1,5026.28,2.8,0.89,0,,Thursday,0
3616,2021/2/12,Prague_1,5215.28,2.8,0.87,0,,Friday,0
3616,2021/2/13,Prague_1,4428.27,2.8,0.9400000000000001,0,,Saturday,0
3616,2021/2/14,Prague_1,4770.22,2.8,0.9799999999999999,0,,Sunday,0
3616,2021/2/15,Prague_1,5000.099999999999,2.8,1,0,,Monday,0
3616,2021/2/16,Prague_1,4672.849999999999,2.8,0.88,0,,Tuesday,0
3616,2021/2/17,Prague_1,5694.43,2.8,0.87,0,,Wednesday,0
3616,2021/2/18,Prague_1,4679.43,2.8,1,0,,Thursday,0
3616,2021/2/19,Prague_1,4541.25,2.8,0.93,0,,Friday,0
3616,2021/2/20,Prague_1,5009.97,2.8,0.92,0,,Saturday,0
3616,2021/2/21,Prague_1,4300.17,2.8,0.96,0,,Sunday,0
3616,2021/2/22,Prague_1,4953.27,2.8,0.96,0,,Monday,0
3616,2021/2/23,Prague_1,5425.42,2.8,0.86,0,,Tuesday,0
3616,2021/2/24,Prague_1,5119.45,2.8,0.91,0,,Wednesday,0
3616,2021/2/25,Prague_1,4629.59,2.8,0.86,0,Memorial Day for the Victims of the Communist Dictatorships,Thursday,0
3616,2021/2/26,Prague_1,4504.43,2.8,0.82,0,,Friday,0
3616,2021/2/27,Prague_1,4767.84,2.8,1,0,,Saturday,0
3616,2021/2/28,Prague_1,5670.139999999999,2.8,0.95,0,,Sunday,0
3616,2021/3/1,Prague_1,3653.37,2.8,0.92,0,,Monday,0
3616,2021/3/2,Prague_1,2958.48,2.8,0.9400000000000001,0,,Tuesday,0
3616,2021/3/3,Prague_1,5299.77,2.8,0.9,0,,Wednesday,0
3616,2021/3/4,Prague_1,4236.400000000001,2.8,0.96,0,,Thursday,0
3616,2021/3/5,Prague_1,3979.5699999999997,2.8,0.95,0,,Friday,0
3616,2021/3/6,Prague_1,3288.11,2.8,0.97,0,,Saturday,0
3616,2021/3/7,Prague_1,3864.5600000000004,2.8,0.9400000000000001,0,,Sunday,0
3616,2021/3/8,Prague_1,2582.3700000000003,2.8,0.76,0,International womens day,Monday,0
3616,2021/3/9,Prague_1,4064.41,2.8,0.89,0,,Tuesday,0
3616,2021/3/10,Prague_1,4530.75,2.8,0.87,0,,Wednesday,0
3616,2021/3/11,Prague_1,3798.8300000000004,2.8,0.95,0,,Thursday,0
3616,2021/3/12,Prague_1,4415.18,2.8,0.92,0,,Friday,0
3616,2021/3/13,Prague_1,4722.83,2.8,0.9799999999999999,0,,Saturday,0
3616,2021/3/14,Prague_1,4113.13,2.8,0.7700000000000001,0,,Sunday,0
3616,2021/3/15,Prague_1,2903.53,2.8,0.71,1,Memorial Day for the Victims of the Holocaust,Monday,0
3616,2021/3/16,Prague_1,4136.72,2.8,0.78,0,,Tuesday,0
3616,2021/3/17,Prague_1,4601.94,2.8,0.86,0,,Wednesday,0
3616,2021/3/18,Prague_1,3860.7799999999997,2.8,0.71,0,,Thursday,0
3616,2021/3/19,Prague_1,3476.27,2.8,0.6900000000000001,0,,Friday,0
3616,2021/3/20,Prague_1,4475.59,2.8,0.8099999999999999,0,,Saturday,0
3616,2021/3/21,Prague_1,3724.63,2.8,0.78,0,,Sunday,0
3616,2021/3/22,Prague_1,3899.0699999999997,2.8,0.7299999999999999,0,,Monday,0
3616,2021/3/23,Prague_1,3161.1299999999997,2.8,0.7,0,,Tuesday,0
3616,2021/3/24,Prague_1,3793.9300000000003,2.8,0.85,0,,Wednesday,0
3616,2021/3/25,Prague_1,3126.2000000000003,2.8,0.7700000000000001,0,,Thursday,0
3616,2021/3/26,Prague_1,3015.1800000000003,2.8,0.7700000000000001,0,,Friday,0
3616,2021/3/27,Prague_1,3538.64,2.8,0.71,0,,Saturday,0
3616,2021/3/28,Prague_1,2761.5699999999997,2.8,0.83,0,,Sunday,0
3616,2021/3/29,Prague_1,3069.71,2.8,0.63,0,,Monday,0
3616,2021/3/30,Prague_1,3106.6,2.8,0.66,0,,Tuesday,0
3616,2021/3/31,Prague_1,3565.17,2.8,0.67,0,,Wednesday,0
3616,2021/4/1,Prague_1,3734.36,2.8,0.83,0,,Thursday,0
3616,2021/4/2,Prague_1,3759.5600000000004,2.8,0.8,1,Good Friday,Friday,0
3616,2021/4/3,Prague_1,3430.91,2.8,0.8,1,,Saturday,0
3616,2021/4/4,Prague_1,2716.35,2.8,0.79,1,,Sunday,0
3616,2021/4/5,Prague_1,3655.6800000000003,2.8,0.89,1,Easter Monday,Monday,0
3616,2021/4/6,Prague_1,4386.83,2.8,0.75,0,,Tuesday,0
3616,2021/4/7,Prague_1,3452.54,2.8,0.72,0,,Wednesday,0
3616,2021/4/8,Prague_1,3261.44,2.8,0.72,0,,Thursday,0
3616,2021/4/9,Prague_1,3407.9500000000003,2.8,0.79,0,,Friday,0
3616,2021/4/10,Prague_1,3551.7999999999997,2.8,0.64,0,,Saturday,0
3616,2021/4/11,Prague_1,2591.1200000000003,2.8,0.7700000000000001,0,,Sunday,0
3616,2021/4/12,Prague_1,3119.9,2.8,0.6,0,,Monday,0
3616,2021/4/13,Prague_1,3109.19,2.8,0.75,0,,Tuesday,0
3616,2021/4/14,Prague_1,4216.8,2.8,0.76,0,,Wednesday,0
3616,2021/4/15,Prague_1,2569.42,2.8,0.79,0,,Thursday,0
3616,2021/4/16,Prague_1,2757.16,2.8,0.72,0,Memorial Day for the Victims of the Holocaust,Friday,0
3616,2021/4/17,Prague_1,3672.62,2.8,0.76,0,,Saturday,0
3616,2021/4/18,Prague_1,2134.16,2.8,0.78,0,,Sunday,0
3616,2021/4/19,Prague_1,3243.52,2.8,0.84,0,,Monday,0
3616,2021/4/20,Prague_1,3245.97,2.8,0.7700000000000001,0,,Tuesday,0
3616,2021/4/21,Prague_1,3626.84,2.8,1,0,,Wednesday,0
3616,2021/4/22,Prague_1,4170.18,2.8,1,0,,Thursday,0
3616,2021/4/23,Prague_1,5557.23,2.8,1,0,,Friday,0
3616,2021/4/24,Prague_1,4244.240000000001,2.8,0.7299999999999999,0,,Saturday,0
3616,2021/4/25,Prague_1,2856.91,2.8,0.96,0,,Sunday,0
3616,2021/4/26,Prague_1,3438.75,2.8,0.91,0,,Monday,0
3616,2021/4/27,Prague_1,3899.91,2.8,1,0,,Tuesday,0
3616,2021/4/28,Prague_1,3811.5,2.8,1,0,,Wednesday,0
3616,2021/4/29,Prague_1,4687.83,2.8,1,0,,Thursday,0
3616,2021/4/30,Prague_1,4465.72,2.8,0.9,0,,Friday,0
3616,2021/5/1,Prague_1,3684.38,2.8,1,1,Labour Day,Saturday,0
3616,2021/5/2,Prague_1,3152.94,2.8,1,0,,Sunday,0
3616,2021/5/3,Prague_1,4938.990000000001,2.8,1,0,,Monday,0
3616,2021/5/4,Prague_1,3706.8499999999995,2.8,0.95,0,,Tuesday,0
3616,2021/5/5,Prague_1,2511.25,2.8,0.95,0,,Wednesday,0
3616,2021/5/6,Prague_1,5067.58,2.8,1,0,,Thursday,0
3616,2021/5/7,Prague_1,5575.150000000001,2.8,0.8099999999999999,0,,Friday,0
3616,2021/5/8,Prague_1,4063.29,2.8,0.78,1,Den osvobozeni,Saturday,0
3616,2021/5/9,Prague_1,2956.59,2.8,0.86,0,,Sunday,0
3616,2021/5/10,Prague_1,4090.1699999999996,2.8,0.9400000000000001,0,,Monday,0
3616,2021/5/11,Prague_1,3730.02,2.8,0.9400000000000001,0,,Tuesday,0
3616,2021/5/12,Prague_1,4257.889999999999,2.8,0.93,0,,Wednesday,0
3616,2021/5/13,Prague_1,4544.400000000001,2.8,0.78,1,Ascension day,Thursday,0
3616,2021/5/14,Prague_1,4543,2.8,0.78,0,,Friday,0
3616,2021/5/15,Prague_1,5557.509999999999,2.8,0.9400000000000001,0,,Saturday,0
3616,2021/5/16,Prague_1,2974.58,2.8,0.9400000000000001,0,,Sunday,0
3616,2021/5/17,Prague_1,4827.759999999999,2.8,1,0,,Monday,0
3616,2021/5/18,Prague_1,4077.64,2.8,1,0,,Tuesday,0
3616,2021/5/19,Prague_1,4776.59,2.8,0.9,0,,Wednesday,0
3616,2021/5/20,Prague_1,4682.44,2.8,1,0,,Thursday,0
3616,2021/5/21,Prague_1,4360.44,2.8,0.95,0,National Defense Day,Friday,0
3616,2021/5/22,Prague_1,4476.22,2.8,1,0,,Saturday,0
3616,2021/5/23,Prague_1,3468.4300000000003,2.8,0.9799999999999999,1,Whit sunday,Sunday,0
3616,2021/5/24,Prague_1,4123.21,2.8,0.84,1,Whit monday,Monday,0
3616,2021/5/25,Prague_1,3914.6800000000003,2.8,0.88,0,,Tuesday,0
3616,2021/5/26,Prague_1,5057.57,2.8,1,0,,Wednesday,0
3616,2021/5/27,Prague_1,4504.29,2.8,0.84,0,,Thursday,0
3616,2021/5/28,Prague_1,5287.87,2.8,0.9400000000000001,0,,Friday,0
3616,2021/5/29,Prague_1,5100.55,2.8,1,0,,Saturday,0
3616,2021/5/30,Prague_1,2982.7000000000003,2.8,1,0,,Sunday,0
3616,2021/5/31,Prague_1,3384.78,2.8,0.8099999999999999,0,,Monday,0
3616,2021/6/1,Prague_1,2891.0699999999997,2.8,0.89,0,,Tuesday,0
3616,2021/6/2,Prague_1,3802.89,2.8,0.88,0,,Wednesday,0
3616,2021/6/3,Prague_1,4105.22,2.8,1,1,Corpus Christi,Thursday,0
3616,2021/6/4,Prague_1,4693.78,2.8,0.83,0,Day of National Unity,Friday,0
3616,2021/6/5,Prague_1,4530.259999999999,2.8,0.96,0,,Saturday,0
3616,2021/6/6,Prague_1,3781.3300000000004,2.8,1,0,,Sunday,0
3616,2021/6/7,Prague_1,3667.5099999999998,2.8,0.93,0,,Monday,0
3616,2021/6/8,Prague_1,3596.3199999999997,2.8,0.92,0,,Tuesday,0
3616,2021/6/9,Prague_1,4412.240000000001,2.8,1,0,,Wednesday,0
3616,2021/6/10,Prague_1,4229.96,2.8,0.9,0,,Thursday,0
3616,2021/6/11,Prague_1,5306.28,2.8,0.91,0,,Friday,0
3616,2021/6/12,Prague_1,3965.36,2.8,1,0,,Saturday,0
3616,2021/6/13,Prague_1,4032.0699999999997,2.8,0.87,0,,Sunday,0
3616,2021/6/14,Prague_1,3864.2799999999997,2.8,1,0,,Monday,0
3616,2021/6/15,Prague_1,3509.1,2.8,0.96,0,,Tuesday,0
3616,2021/6/16,Prague_1,3801.63,2.8,1,0,,Wednesday,0
3616,2021/6/17,Prague_1,4208.12,2.8,0.76,0,,Thursday,0
3616,2021/6/18,Prague_1,5787.25,2.8,0.84,0,,Friday,0
3616,2021/6/19,Prague_1,3553.83,2.8,1,0,Independent Hungary Day,Saturday,0
3616,2021/6/20,Prague_1,3231.6200000000003,2.8,0.65,0,,Sunday,0
3616,2021/6/21,Prague_1,4365.06,2.8,1,0,,Monday,0
3616,2021/6/22,Prague_1,4449.48,2.8,0.8,0,,Tuesday,0
3616,2021/6/23,Prague_1,4050.9700000000003,2.8,1,0,,Wednesday,0
3616,2021/6/24,Prague_1,4805.5,2.8,1,0,,Thursday,0
3616,2021/6/25,Prague_1,2688.14,2.8,1,0,,Friday,0
3616,2021/6/26,Prague_1,4790.59,2.8,1,0,,Saturday,0
3616,2021/6/27,Prague_1,3245.97,2.8,1,0,,Sunday,0
3616,2021/6/28,Prague_1,3984.61,2.8,1,0,,Monday,0
3616,2021/6/29,Prague_1,3278.1,2.8,1,0,,Tuesday,0
3616,2021/6/30,Prague_1,1949.8500000000001,2.8,0.87,0,,Wednesday,0
3616,2021/7/1,Prague_1,5392.8,2.8,1,0,,Thursday,0
3616,2021/7/2,Prague_1,6239.099999999999,2.8,0.95,0,,Friday,0
3616,2021/7/3,Prague_1,3472.28,2.8,0.83,0,,Saturday,0
3616,2021/7/4,Prague_1,2633.8199999999997,2.8,1,0,,Sunday,0
3616,2021/7/5,Prague_1,4082.6800000000003,2.8,0.86,1,Cyrila a Metodej,Monday,0
3616,2021/7/6,Prague_1,2495.5699999999997,2.8,1,1,Jan Hus,Tuesday,0
3616,2021/7/7,Prague_1,3679.41,2.8,0.95,0,,Wednesday,0
3616,2021/7/8,Prague_1,3833.48,2.8,1,0,,Thursday,0
3616,2021/7/9,Prague_1,3459.96,2.8,1,0,,Friday,0
3616,2021/7/10,Prague_1,3286.85,2.8,1,0,,Saturday,0
3616,2021/7/11,Prague_1,3291.75,2.8,0.9799999999999999,0,,Sunday,0
3616,2021/7/12,Prague_1,3411.66,2.8,1,0,,Monday,0
3616,2021/7/13,Prague_1,3139.85,2.8,0.96,0,,Tuesday,0
3616,2021/7/14,Prague_1,2836.8199999999997,2.8,0.99,0,,Wednesday,0
3616,2021/7/15,Prague_1,2966.9500000000003,2.8,0.89,0,,Thursday,0
3616,2021/7/16,Prague_1,5525.38,2.8,1,0,,Friday,0
3616,2021/7/17,Prague_1,3240.2999999999997,2.8,1,0,,Saturday,0
3616,2021/7/18,Prague_1,2332.8199999999997,2.8,0.87,0,,Sunday,0
3616,2021/7/19,Prague_1,2560.74,2.8,0.91,0,,Monday,0
3616,2021/7/20,Prague_1,4160.73,2.8,0.93,0,,Tuesday,0
3616,2021/7/21,Prague_1,3038.56,2.8,0.9400000000000001,0,,Wednesday,0
3616,2021/7/22,Prague_1,3183.3199999999997,2.8,1,0,,Thursday,0
3616,2021/7/23,Prague_1,4344.41,2.8,1,0,,Friday,0
3616,2021/7/24,Prague_1,3713.0099999999998,2.8,0.96,0,,Saturday,0
3616,2021/7/25,Prague_1,2860.2000000000003,2.8,1,0,,Sunday,0
3616,2021/7/26,Prague_1,4492.04,2.8,1,0,,Monday,0
3616,2021/7/27,Prague_1,3205.2999999999997,2.8,1,0,,Tuesday,0
3616,2021/7/28,Prague_1,3023.65,2.8,0.9,0,,Wednesday,0
3616,2021/7/29,Prague_1,3252.2000000000003,2.8,1,0,,Thursday,0
3616,2021/7/30,Prague_1,4450.18,2.8,1,0,,Friday,0
3616,2021/7/31,Prague_1,3573.71,2.8,0.84,0,,Saturday,0
3616,2021/8/1,Prague_1,4021.36,2.8,1,0,,Sunday,0
3616,2021/8/2,Prague_1,4061.89,2.8,0.99,0,,Monday,0
3616,2021/8/3,Prague_1,3360,2.8,1,0,,Tuesday,0
3616,2021/8/4,Prague_1,3858.54,2.8,1,0,,Wednesday,0
3616,2021/8/5,Prague_1,4808.79,2.8,1,0,,Thursday,0
3616,2021/8/6,Prague_1,4704.42,2.8,1,0,,Friday,0
3616,2021/8/7,Prague_1,2528.61,2.8,1,0,,Saturday,0
3616,2021/8/8,Prague_1,3850.91,2.8,0.78,1,Peace Festival in Augsburg,Sunday,0
3616,2021/8/9,Prague_1,3052.91,2.8,1,0,,Monday,0
3616,2021/8/10,Prague_1,3071.04,2.8,1,0,,Tuesday,0
3616,2021/8/11,Prague_1,4658.639999999999,2.8,1,0,,Wednesday,0
3616,2021/8/12,Prague_1,4024.79,2.8,1,0,,Thursday,0
3616,2021/8/13,Prague_1,4331.67,2.8,1,0,,Friday,0
3616,2021/8/14,Prague_1,3942.96,2.8,0.88,0,,Saturday,0
3616,2021/8/15,Prague_1,2990.89,2.8,1,1,Assumption of the Virgin Mary,Sunday,0
3616,2021/8/16,Prague_1,3334.8700000000003,2.8,0.88,0,,Monday,0
3616,2021/8/17,Prague_1,2824.01,2.8,1,0,,Tuesday,0
3616,2021/8/18,Prague_1,3585.0499999999997,2.8,0.72,0,,Wednesday,0
3616,2021/8/19,Prague_1,3237.5699999999997,2.8,1,0,,Thursday,0
3616,2021/8/20,Prague_1,5039.16,2.8,0.91,1,State Foundation Day,Friday,0
3616,2021/8/21,Prague_1,4040.1899999999996,2.8,1,0,,Saturday,0
3616,2021/8/22,Prague_1,3643.9900000000002,2.8,0.8099999999999999,0,,Sunday,0
3616,2021/8/23,Prague_1,3176.6,2.8,1,0,,Monday,0
3616,2021/8/24,Prague_1,2567.74,2.8,0.82,0,,Tuesday,0
3616,2021/8/25,Prague_1,3671.5699999999997,2.8,1,0,,Wednesday,0
3616,2021/8/26,Prague_1,3686.2000000000003,2.8,0.9400000000000001,0,,Thursday,0
3616,2021/8/27,Prague_1,4052.79,2.8,0.9799999999999999,0,,Friday,0
3616,2021/8/28,Prague_1,4555.67,2.8,0.72,0,,Saturday,0
3616,2021/8/29,Prague_1,3958.64,2.8,1,0,,Sunday,0
3616,2021/8/30,Prague_1,3689.84,2.8,0.78,0,,Monday,0
3616,2021/8/31,Prague_1,3082.4500000000003,2.8,0.93,0,,Tuesday,0
3616,2021/9/1,Prague_1,3149.02,2.8,1,0,,Wednesday,0
3616,2021/9/2,Prague_1,4314.52,2.8,1,0,,Thursday,0
3616,2021/9/3,Prague_1,4781.490000000001,2.8,0.99,0,,Friday,0
3616,2021/9/4,Prague_1,3918.11,2.8,1,0,,Saturday,0
3616,2021/9/5,Prague_1,3703.21,2.8,1,0,,Sunday,0
3616,2021/9/6,Prague_1,3502.1,2.8,1,0,,Monday,0
3616,2021/9/7,Prague_1,2888.06,2.8,1,0,,Tuesday,0
3616,2021/9/8,Prague_1,2485.98,2.8,1,0,,Wednesday,0
3616,2021/9/9,Prague_1,4439.75,2.8,1,0,,Thursday,0
3616,2021/9/10,Prague_1,4138.610000000001,2.8,1,0,,Friday,0
3616,2021/9/11,Prague_1,5932.08,2.8,0.92,0,,Saturday,0
3616,2021/9/12,Prague_1,2991.52,2.8,1,0,,Sunday,0
3616,2021/9/13,Prague_1,3828.37,2.8,0.7700000000000001,0,,Monday,0
3616,2021/9/14,Prague_1,3548.09,2.8,1,0,,Tuesday,0
3616,2021/9/15,Prague_1,4549.37,2.8,0.89,0,,Wednesday,0
3616,2021/9/16,Prague_1,2253.72,2.8,1,0,,Thursday,0
3616,2021/9/17,Prague_1,4319.7,2.8,0.89,0,,Friday,0
3616,2021/9/18,Prague_1,4125.17,2.8,1,0,,Saturday,0
3616,2021/9/19,Prague_1,3590.37,2.8,0.9400000000000001,0,,Sunday,0
3616,2021/9/20,Prague_1,4549.650000000001,2.8,0.93,0,,Monday,0
3616,2021/9/21,Prague_1,4681.04,2.8,0.79,0,,Tuesday,0
3616,2021/9/22,Prague_1,4916.38,2.8,1,0,,Wednesday,0
3616,2021/9/23,Prague_1,4673.13,2.8,1,0,,Thursday,0
3616,2021/9/24,Prague_1,6370.91,2.8,0.86,0,,Friday,0
3616,2021/9/25,Prague_1,5405.96,2.8,0.91,0,,Saturday,0
3616,2021/9/26,Prague_1,3904.1800000000003,2.8,0.91,0,,Sunday,0
3616,2021/9/27,Prague_1,4119.43,2.8,0.86,0,,Monday,0
3616,2021/9/28,Prague_1,3714.9000000000005,2.8,0.66,1,Den ceske statnosti,Tuesday,0
3616,2021/9/29,Prague_1,5579.42,2.8,0.84,0,,Wednesday,0
3616,2021/9/30,Prague_1,5423.599999999999,2.8,1,0,,Thursday,0
3616,2021/10/1,Prague_1,5085.71,2.8,1,0,,Friday,0
3616,2021/10/2,Prague_1,5426.889999999999,2.8,1,0,,Saturday,0
3616,2021/10/3,Prague_1,4336.150000000001,2.8,0.89,1,German Unity Day,Sunday,0
3616,2021/10/4,Prague_1,4489.87,2.8,1,0,,Monday,0
3616,2021/10/5,Prague_1,4018,2.8,0.91,0,,Tuesday,0
3616,2021/10/6,Prague_1,5400.78,2.8,0.96,0,Memorial Day for the Martyrs of Arad,Wednesday,0
3616,2021/10/7,Prague_1,4388.02,2.8,1,0,,Thursday,0
3616,2021/10/8,Prague_1,5701.57,2.8,1,0,,Friday,0
3616,2021/10/9,Prague_1,5004.650000000001,2.8,1,0,,Saturday,0
3616,2021/10/10,Prague_1,4314.17,2.8,0.7700000000000001,0,,Sunday,0
3616,2021/10/11,Prague_1,5274.990000000001,2.8,0.78,0,,Monday,0
3616,2021/10/12,Prague_1,5024.18,2.8,1,0,,Tuesday,0
3616,2021/10/13,Prague_1,6083.7,2.8,1,0,,Wednesday,0
3616,2021/10/14,Prague_1,6008.17,2.8,1,0,,Thursday,0
3616,2021/10/15,Prague_1,6257.37,2.8,0.82,0,,Friday,0
3616,2021/10/16,Prague_1,4749.639999999999,2.8,1,0,,Saturday,0
3616,2021/10/17,Prague_1,5928.72,2.8,0.82,0,,Sunday,0
3616,2021/10/18,Prague_1,4022.48,2.8,1,0,,Monday,0
3616,2021/10/19,Prague_1,4800.81,2.8,1,0,,Tuesday,0
3616,2021/10/20,Prague_1,5355,2.8,1,0,,Wednesday,0
3616,2021/10/21,Prague_1,6131.16,2.8,0.99,0,,Thursday,0
3616,2021/10/22,Prague_1,7378.28,2.8,1,0,,Friday,0
3616,2021/10/23,Prague_1,5827.43,2.8,0.85,1,Memorial day of the 1956 Revolution,Saturday,0
3616,2021/10/24,Prague_1,4692.8,2.8,1,0,,Sunday,0
3616,2021/10/25,Prague_1,5809.509999999999,2.8,1,0,,Monday,0
3616,2021/10/26,Prague_1,5215.84,2.8,1,0,,Tuesday,0
3616,2021/10/27,Prague_1,8201.41,2.8,0.91,0,,Wednesday,0
3616,2021/10/28,Prague_1,6535.69,2.8,1,1,Den vzniku samostatneho ceskoslovenskeho statu,Thursday,0
3616,2021/10/29,Prague_1,6351.52,2.8,1,0,,Friday,0
3616,2021/10/30,Prague_1,4162.83,2.8,0.91,0,,Saturday,0
3616,2021/10/31,Prague_1,5107.48,2.8,0.92,1,Reformation Day,Sunday,0
3616,2021/11/1,Prague_1,5527.27,2.8,1,1,All Saints Day,Monday,0
3616,2021/11/2,Prague_1,5700.31,2.8,0.78,0,,Tuesday,0
3616,2021/11/3,Prague_1,5596.5,2.8,1,0,,Wednesday,0
3616,2021/11/4,Prague_1,7781.620000000001,2.8,1,0,,Thursday,0
3616,2021/11/5,Prague_1,6039.88,2.8,0.64,0,,Friday,0
3616,2021/11/6,Prague_1,5283.25,2.8,1,0,,Saturday,0
3616,2021/11/7,Prague_1,4653.04,2.8,1,0,,Sunday,0
3616,2021/11/8,Prague_1,5820.360000000001,2.8,1,0,,Monday,0
3616,2021/11/9,Prague_1,7569.7300000000005,2.8,0.86,0,,Tuesday,0
3616,2021/11/10,Prague_1,5079.34,2.8,1,0,,Wednesday,0
3616,2021/11/11,Prague_1,6215.72,2.8,1,0,,Thursday,0
3616,2021/11/12,Prague_1,6585.599999999999,2.8,1,0,,Friday,0
3616,2021/11/13,Prague_1,6043.31,2.8,1,0,,Saturday,0
3616,2021/11/14,Prague_1,6459.53,2.8,0.79,0,,Sunday,0
3616,2021/11/15,Prague_1,6663.37,2.8,1,0,,Monday,0
3616,2021/11/16,Prague_1,6952.68,2.8,1,0,,Tuesday,0
3616,2021/11/17,Prague_1,7512.400000000001,2.8,1,1,Den boje za svobodu a demokracii,Wednesday,0
3616,2021/11/18,Prague_1,7539.07,2.8,1,0,,Thursday,0
3616,2021/11/19,Prague_1,9650.83,2.8,0.92,0,,Friday,0
3616,2021/11/20,Prague_1,6865.81,2.8,1,0,,Saturday,0
3616,2021/11/21,Prague_1,5711.02,2.8,0.68,0,,Sunday,0
3616,2021/11/22,Prague_1,6726.509999999999,2.8,0.92,0,,Monday,0
3616,2021/11/23,Prague_1,7238.9800000000005,2.8,1,0,,Tuesday,0
3616,2021/11/24,Prague_1,5614.98,2.8,1,0,,Wednesday,0
3616,2021/11/25,Prague_1,6613.04,2.8,1,0,,Thursday,0
3616,2021/11/26,Prague_1,9277.87,2.8,0.93,0,,Friday,0
3616,2021/11/27,Prague_1,6112.68,2.8,1,0,,Saturday,0
3616,2021/11/28,Prague_1,8295.699999999999,2.8,0.74,0,,Sunday,0
3616,2021/11/29,Prague_1,7050.75,2.8,1,0,,Monday,0
3616,2021/11/30,Prague_1,6667.150000000001,2.8,1,0,,Tuesday,0
3616,2021/12/1,Prague_1,8391.67,2.8,1,0,,Wednesday,0
3616,2021/12/2,Prague_1,7995.050000000001,2.8,0.97,0,,Thursday,0
3616,2021/12/3,Prague_1,7157.78,2.8,1,0,,Friday,0
3616,2021/12/4,Prague_1,9143.19,2.8,0.92,0,,Saturday,0
3616,2021/12/5,Prague_1,5356.33,2.8,1,0,,Sunday,0
3616,2021/12/6,Prague_1,8185.800000000001,2.8,0.88,0,,Monday,0
3616,2021/12/7,Prague_1,6336.889999999999,2.8,1,0,,Tuesday,0
3616,2021/12/8,Prague_1,7491.889999999999,2.8,0.9799999999999999,0,,Wednesday,0
3616,2021/12/9,Prague_1,9407.16,2.8,0.9799999999999999,0,,Thursday,0
3616,2021/12/10,Prague_1,8314.6,2.8,1,0,,Friday,0
3616,2021/12/11,Prague_1,6503.91,2.8,0.91,0,,Saturday,0
3616,2021/12/12,Prague_1,5798.73,2.8,1,0,,Sunday,0
3616,2021/12/13,Prague_1,8191.050000000001,2.8,1,0,,Monday,0
3616,2021/12/14,Prague_1,7997.360000000001,2.8,0.95,0,,Tuesday,0
3616,2021/12/15,Prague_1,5932.360000000001,2.8,1,0,,Wednesday,0
3616,2021/12/16,Prague_1,7277.900000000001,2.8,1,0,,Thursday,0
3616,2021/12/17,Prague_1,7986.370000000001,2.8,1,0,,Friday,0
3616,2021/12/18,Prague_1,8556.519999999999,2.8,1,0,,Saturday,0
3616,2021/12/19,Prague_1,8316.42,2.8,1,0,,Sunday,0
3616,2021/12/20,Prague_1,7319.900000000001,2.8,1,0,,Monday,0
3616,2021/12/21,Prague_1,6742.54,2.8,1,0,,Tuesday,0
3616,2021/12/22,Prague_1,7624.68,2.8,1,0,,Wednesday,0
3616,2021/12/23,Prague_1,9817.71,2.8,1,0,,Thursday,0
3616,2021/12/24,Prague_1,4455.22,2.8,0.9400000000000001,1,Christmas Eve,Friday,0
3616,2021/12/26,Prague_1,4651.639999999999,2.8,1,1,2nd Christmas Day,Sunday,0
3616,2021/12/27,Prague_1,7158.41,2.8,1,0,,Monday,0
3616,2021/12/28,Prague_1,6613.95,2.8,1,0,,Tuesday,0
3616,2021/12/29,Prague_1,5772.759999999999,2.8,0.8099999999999999,0,,Wednesday,0
3616,2021/12/30,Prague_1,8973.230000000001,2.8,1,0,,Thursday,0
3616,2021/12/31,Prague_1,5588.94,2.8,0.99,0,,Friday,0
3616,2022/1/1,Prague_1,6742.12,2.8,1,1,New Years Day,Saturday,0
3616,2022/1/2,Prague_1,7767.76,2.8,0.9,0,,Sunday,0
3616,2022/1/3,Prague_1,6246.240000000001,3.2399999999999998,1,0,,Monday,0
3616,2022/1/4,Prague_1,6583.990000000001,3.2399999999999998,0.99,0,,Tuesday,0
3616,2022/1/5,Prague_1,6359.57,3.2399999999999998,1,0,,Wednesday,0
3616,2022/1/6,Prague_1,8396.85,3.2399999999999998,1,1,Epiphany,Thursday,0
3616,2022/1/7,Prague_1,8639.12,3.2399999999999998,0.9799999999999999,0,,Friday,0
3616,2022/1/8,Prague_1,6880.23,3.2399999999999998,1,0,,Saturday,0
3616,2022/1/9,Prague_1,7793.870000000001,3.2399999999999998,0.66,0,,Sunday,0
3616,2022/1/10,Prague_1,5399.87,3.2399999999999998,1,0,,Monday,0
3616,2022/1/11,Prague_1,8531.25,3.2399999999999998,0.96,0,,Tuesday,0
3616,2022/1/12,Prague_1,5637.52,3.2399999999999998,1,0,,Wednesday,0
3616,2022/1/13,Prague_1,7702.24,3.2399999999999998,1,0,,Thursday,0
3616,2022/1/14,Prague_1,8229.76,3.2399999999999998,0.83,0,,Friday,0
3616,2022/1/15,Prague_1,7284.2699999999995,3.2399999999999998,0.91,0,,Saturday,0
3616,2022/1/16,Prague_1,5675.599999999999,3.2399999999999998,1,0,,Sunday,0
3616,2022/1/17,Prague_1,5642,3.2399999999999998,0.88,0,,Monday,0
3616,2022/1/18,Prague_1,6391.28,3.2399999999999998,0.91,0,,Tuesday,0
3616,2022/1/19,Prague_1,7279.79,3.2399999999999998,0.82,0,,Wednesday,0
3616,2022/1/20,Prague_1,6220.900000000001,3.2399999999999998,0.9400000000000001,0,,Thursday,0
3616,2022/1/21,Prague_1,9149.35,3.2399999999999998,0.95,0,,Friday,0
3616,2022/1/22,Prague_1,8145.4800000000005,3.2399999999999998,0.85,0,,Saturday,0
3616,2022/1/23,Prague_1,7226.5199999999995,3.2399999999999998,0.97,0,,Sunday,0
3616,2022/1/24,Prague_1,6152.16,3.2399999999999998,1,0,,Monday,0
3616,2022/1/25,Prague_1,9140.46,3.2399999999999998,0.85,0,,Tuesday,0
3616,2022/1/26,Prague_1,7459.4800000000005,3.2399999999999998,0.75,0,,Wednesday,0
3616,2022/1/27,Prague_1,8439.41,3.2399999999999998,0.76,0,,Thursday,0
3616,2022/1/28,Prague_1,9143.82,3.2399999999999998,0.83,0,,Friday,0
3616,2022/1/29,Prague_1,9712.85,3.2399999999999998,0.89,0,,Saturday,0
3616,2022/1/30,Prague_1,8063.860000000001,3.2399999999999998,0.78,0,,Sunday,0
3616,2022/1/31,Prague_1,7873.949999999999,3.2399999999999998,0.8099999999999999,0,,Monday,0
3616,2022/2/1,Prague_1,7119.28,3.2399999999999998,0.9799999999999999,0,Memorial Day of the Republic,Tuesday,0
3616,2022/2/2,Prague_1,6719.02,3.2399999999999998,0.84,0,,Wednesday,0
3616,2022/2/3,Prague_1,7583.5199999999995,3.2399999999999998,1,0,,Thursday,0
3616,2022/2/4,Prague_1,10909.220000000001,3.2399999999999998,1,0,,Friday,0
3616,2022/2/5,Prague_1,7728.42,3.2399999999999998,1,0,,Saturday,0
3616,2022/2/6,Prague_1,6671,3.2399999999999998,1,0,,Sunday,0
3616,2022/2/7,Prague_1,7604.03,3.2399999999999998,0.84,0,,Monday,0
3616,2022/2/8,Prague_1,6207.81,3.2399999999999998,1,0,,Tuesday,0
3616,2022/2/9,Prague_1,6937.349999999999,3.2399999999999998,0.8,0,,Wednesday,0
3616,2022/2/10,Prague_1,7472.43,3.2399999999999998,1,0,,Thursday,0
3616,2022/2/11,Prague_1,9377.970000000001,3.2399999999999998,0.95,0,,Friday,0
3616,2022/2/12,Prague_1,6860.77,3.2399999999999998,1,0,,Saturday,0
3616,2022/2/13,Prague_1,6961.360000000001,3.2399999999999998,0.71,0,,Sunday,0
3616,2022/2/14,Prague_1,7075.740000000001,3.2399999999999998,1,0,,Monday,0
3616,2022/2/15,Prague_1,5886.37,3.2399999999999998,1,0,,Tuesday,0
3616,2022/2/16,Prague_1,8331.26,3.2399999999999998,1,0,,Wednesday,0
3616,2022/2/17,Prague_1,7171.360000000001,3.2399999999999998,0.79,0,,Thursday,0
3616,2022/2/18,Prague_1,8164.24,3.2399999999999998,0.95,0,,Friday,0
3616,2022/2/19,Prague_1,7595.349999999999,3.2399999999999998,0.91,0,,Saturday,0
3616,2022/2/20,Prague_1,7283.57,3.2399999999999998,1,0,,Sunday,0
3616,2022/2/21,Prague_1,6808.06,3.2399999999999998,1,0,,Monday,0
3616,2022/2/22,Prague_1,7510.93,3.2399999999999998,1,0,,Tuesday,0
3616,2022/2/23,Prague_1,6381.62,3.2399999999999998,1,0,,Wednesday,0
3616,2022/2/24,Prague_1,6675.83,3.2399999999999998,0.9799999999999999,0,,Thursday,0
3616,2022/2/25,Prague_1,9573.480000000001,3.2399999999999998,1,0,Memorial Day for the Victims of the Communist Dictatorships,Friday,0
3616,2022/2/26,Prague_1,6364.400000000001,3.2399999999999998,0.96,0,,Saturday,0
3616,2022/2/27,Prague_1,7017.990000000001,3.2399999999999998,1,0,,Sunday,0
3616,2022/2/28,Prague_1,8118.67,3.2399999999999998,1,0,,Monday,0
3616,2022/3/1,Prague_1,5716.41,3.2399999999999998,0.9400000000000001,0,,Tuesday,0
3616,2022/3/2,Prague_1,6645.8,3.2399999999999998,0.9799999999999999,0,,Wednesday,0
3616,2022/3/3,Prague_1,6010.900000000001,3.2399999999999998,0.89,0,,Thursday,0
3616,2022/3/4,Prague_1,10181.08,3.2399999999999998,0.95,0,,Friday,0
3616,2022/3/5,Prague_1,7608.4400000000005,3.2399999999999998,0.62,0,,Saturday,0
3616,2022/3/6,Prague_1,7729.96,3.2399999999999998,0.91,0,,Sunday,0
3616,2022/3/7,Prague_1,7302.33,3.2399999999999998,1,0,,Monday,0
3616,2022/3/8,Prague_1,6308.19,3.2399999999999998,0.8,0,International womens day,Tuesday,0
3616,2022/3/9,Prague_1,8484.56,3.2399999999999998,1,0,,Wednesday,0
3616,2022/3/10,Prague_1,7031.08,3.2399999999999998,1,0,,Thursday,0
3616,2022/3/11,Prague_1,8157.7300000000005,3.2399999999999998,1,0,,Friday,0
3616,2022/3/12,Prague_1,7073.5,3.2399999999999998,0.9400000000000001,0,,Saturday,0
3616,2022/3/13,Prague_1,6784.68,3.2399999999999998,0.85,0,,Sunday,0
3616,2022/3/14,Prague_1,6149.990000000001,3.2399999999999998,0.91,1,1848 Revolution Memorial Day (Extra holiday),Monday,0
3616,2022/3/15,Prague_1,4435.83,3.2399999999999998,0.82,1,Memorial Day for the Victims of the Holocaust,Tuesday,0
3616,2022/3/16,Prague_1,5355.91,3.2399999999999998,1,0,,Wednesday,0
3616,2022/3/17,Prague_1,8542.38,3.2399999999999998,0.99,0,,Thursday,0
3616,2022/3/18,Prague_1,8229.69,3.2399999999999998,1,0,,Friday,0
3616,2022/3/19,Prague_1,8644.79,3.2399999999999998,0.83,0,,Saturday,0
3616,2022/3/20,Prague_1,7031.08,3.2399999999999998,0.9400000000000001,0,,Sunday,0
3616,2022/3/21,Prague_1,6643.349999999999,3.2399999999999998,0.9,0,,Monday,0
3616,2022/3/22,Prague_1,6565.09,3.2399999999999998,0.9799999999999999,0,,Tuesday,0
3616,2022/3/23,Prague_1,5887.7,3.2399999999999998,1,0,,Wednesday,0
3616,2022/3/24,Prague_1,7152.599999999999,3.2399999999999998,0.79,0,,Thursday,0
3616,2022/3/25,Prague_1,7353.57,3.2399999999999998,1,0,,Friday,0
3616,2022/3/26,Prague_1,8034.949999999999,3.2399999999999998,1,0,,Saturday,0
3616,2022/3/27,Prague_1,7219.9400000000005,3.2399999999999998,0.84,0,,Sunday,0
3616,2022/3/28,Prague_1,6304.48,3.2399999999999998,0.88,0,,Monday,0
3616,2022/3/29,Prague_1,6493.34,3.2399999999999998,0.9799999999999999,0,,Tuesday,0
3616,2022/3/30,Prague_1,6707.33,3.2399999999999998,0.9,0,,Wednesday,0
3616,2022/3/31,Prague_1,6551.860000000001,3.2399999999999998,0.9799999999999999,0,,Thursday,0
3616,2022/4/1,Prague_1,7159.110000000001,3.2399999999999998,0.84,0,,Friday,0
3616,2022/4/2,Prague_1,5178.95,3.2399999999999998,1,0,,Saturday,0
3616,2022/4/3,Prague_1,7617.75,3.2399999999999998,0.96,0,,Sunday,0
3616,2022/4/4,Prague_1,5189.8,3.2399999999999998,1,0,,Monday,0
3616,2022/4/5,Prague_1,7395.639999999999,3.2399999999999998,0.7,0,,Tuesday,0
3616,2022/4/6,Prague_1,6683.389999999999,3.2399999999999998,0.91,0,,Wednesday,0
3616,2022/4/7,Prague_1,6821.639999999999,3.2399999999999998,0.87,0,,Thursday,0
3616,2022/4/8,Prague_1,8392.44,3.2399999999999998,1,0,,Friday,0
3616,2022/4/9,Prague_1,6582.8,3.2399999999999998,0.91,0,,Saturday,0
3616,2022/4/10,Prague_1,5889.8,3.2399999999999998,1,0,,Sunday,0
3616,2022/4/11,Prague_1,7089.740000000001,3.2399999999999998,0.85,0,,Monday,0
3616,2022/4/12,Prague_1,6473.46,3.2399999999999998,0.91,0,,Tuesday,0
3616,2022/4/13,Prague_1,8325.94,3.2399999999999998,0.97,0,,Wednesday,0
3616,2022/4/14,Prague_1,9645.93,3.2399999999999998,0.7,0,,Thursday,0
3616,2022/4/15,Prague_1,8333.15,3.2399999999999998,0.79,1,Good Friday,Friday,0
3616,2022/4/16,Prague_1,5399.8,3.2399999999999998,0.75,1,Memorial Day for the Victims of the Holocaust,Saturday,0
3616,2022/4/17,Prague_1,5797.12,3.2399999999999998,0.79,1,,Sunday,0
3616,2022/4/18,Prague_1,4368.28,3.2399999999999998,0.8099999999999999,1,Easter Monday,Monday,0
3616,2022/4/19,Prague_1,7286.4400000000005,3.2399999999999998,0.9,0,,Tuesday,0
3616,2022/4/20,Prague_1,5927.88,3.2399999999999998,0.9799999999999999,0,,Wednesday,0
3616,2022/4/21,Prague_1,7325.08,3.2399999999999998,0.9400000000000001,0,,Thursday,0
3616,2022/4/22,Prague_1,8286.949999999999,3.2399999999999998,1,0,,Friday,0
3616,2022/4/23,Prague_1,7201.18,3.2399999999999998,0.87,0,,Saturday,0
3616,2022/4/24,Prague_1,7169.82,3.2399999999999998,0.99,0,,Sunday,0
3616,2022/4/25,Prague_1,6884.29,3.2399999999999998,0.7299999999999999,0,,Monday,0
3616,2022/4/26,Prague_1,5244.610000000001,3.2399999999999998,1,0,,Tuesday,0
3616,2022/4/27,Prague_1,5661.18,3.2399999999999998,0.93,0,,Wednesday,0
3616,2022/4/28,Prague_1,5889.17,3.2399999999999998,0.9,0,,Thursday,0
3616,2022/4/29,Prague_1,7877.7300000000005,3.2399999999999998,0.95,0,,Friday,0
3616,2022/4/30,Prague_1,7733.879999999999,3.2399999999999998,0.92,0,,Saturday,0
3616,2022/5/1,Prague_1,6222.44,3.2399999999999998,1,1,Labour Day,Sunday,0
3616,2022/5/2,Prague_1,6333.81,3.2399999999999998,0.82,0,,Monday,0
3616,2022/5/3,Prague_1,4953.2,3.2399999999999998,1,0,,Tuesday,0
3616,2022/5/4,Prague_1,6263.81,3.2399999999999998,0.71,0,,Wednesday,0
3616,2022/5/5,Prague_1,6255.62,3.2399999999999998,0.86,0,,Thursday,0
3616,2022/5/6,Prague_1,6602.47,3.2399999999999998,1,0,,Friday,0
3616,2022/5/7,Prague_1,7246.96,3.2399999999999998,1,0,,Saturday,0
3616,2022/5/8,Prague_1,7353.78,3.2399999999999998,0.53,1,Den osvobozeni,Sunday,0
3616,2022/5/9,Prague_1,7613.550000000001,3.2399999999999998,1,0,,Monday,0
3616,2022/5/10,Prague_1,7051.38,3.2399999999999998,1,0,,Tuesday,0
3616,2022/5/11,Prague_1,6355.79,3.2399999999999998,0.8099999999999999,0,,Wednesday,0
3616,2022/5/12,Prague_1,5867.889999999999,3.2399999999999998,0.78,0,,Thursday,0
3616,2022/5/13,Prague_1,6746.95,3.2399999999999998,0.97,0,,Friday,0
3616,2022/5/14,Prague_1,5039.509999999999,3.2399999999999998,1,0,,Saturday,0
3616,2022/5/15,Prague_1,7253.33,3.2399999999999998,0.75,0,,Sunday,0
3616,2022/5/16,Prague_1,5969.88,3.2399999999999998,0.91,0,,Monday,0
3616,2022/5/17,Prague_1,5926.97,3.2399999999999998,0.8,0,,Tuesday,0
3616,2022/5/18,Prague_1,5215.21,3.2399999999999998,0.9400000000000001,0,,Wednesday,0
3616,2022/5/19,Prague_1,6354.389999999999,3.2399999999999998,0.6900000000000001,0,,Thursday,0
3616,2022/5/20,Prague_1,6562.5,3.2399999999999998,1,0,,Friday,0
3616,2022/5/21,Prague_1,5592.44,3.2399999999999998,0.96,0,National Defense Day,Saturday,0
3616,2022/5/22,Prague_1,5899.95,3.2399999999999998,0.85,0,,Sunday,0
3616,2022/5/23,Prague_1,6224.19,3.2399999999999998,0.9,0,,Monday,0
3616,2022/5/24,Prague_1,5515.72,3.2399999999999998,1,0,,Tuesday,0
3616,2022/5/25,Prague_1,5234.46,3.2399999999999998,0.8,0,,Wednesday,0
3616,2022/5/26,Prague_1,6094.759999999999,3.2399999999999998,0.9400000000000001,1,Ascension day,Thursday,0
3616,2022/5/27,Prague_1,6964.44,3.2399999999999998,0.82,0,,Friday,0
3616,2022/5/28,Prague_1,5173.84,3.2399999999999998,0.83,0,,Saturday,0
3616,2022/5/29,Prague_1,6361.46,3.2399999999999998,0.9400000000000001,0,,Sunday,0
3616,2022/5/30,Prague_1,6430.34,3.2399999999999998,0.95,0,,Monday,0
3616,2022/5/31,Prague_1,5574.59,3.2399999999999998,0.72,0,,Tuesday,0
3616,2022/6/1,Prague_1,6239.17,3.2399999999999998,0.66,0,,Wednesday,0
3616,2022/6/2,Prague_1,4544.19,3.2399999999999998,1,0,,Thursday,0
3616,2022/6/3,Prague_1,7167.37,3.2399999999999998,0.74,0,,Friday,0
3616,2022/6/4,Prague_1,4718.139999999999,3.2399999999999998,0.66,0,Day of National Unity,Saturday,0
3616,2022/6/5,Prague_1,4902.03,3.2399999999999998,1,1,Whit sunday,Sunday,0
3616,2022/6/6,Prague_1,6638.59,3.2399999999999998,0.9,1,Whit monday,Monday,0
3616,2022/6/7,Prague_1,5813.009999999999,3.2399999999999998,0.9,0,,Tuesday,0
3616,2022/6/8,Prague_1,5100.48,3.2399999999999998,1,0,,Wednesday,0
3616,2022/6/9,Prague_1,7081.83,3.2399999999999998,0.8099999999999999,0,,Thursday,0
3616,2022/6/10,Prague_1,6097.349999999999,3.2399999999999998,0.9799999999999999,0,,Friday,0
3616,2022/6/11,Prague_1,5665.66,3.2399999999999998,0.97,0,,Saturday,0
3616,2022/6/12,Prague_1,5922.84,3.2399999999999998,0.75,0,,Sunday,0
3616,2022/6/13,Prague_1,7184.9400000000005,3.2399999999999998,0.9,0,,Monday,0
3616,2022/6/14,Prague_1,6444.48,3.2399999999999998,0.86,0,,Tuesday,0
3616,2022/6/15,Prague_1,5858.37,3.2399999999999998,0.91,0,,Wednesday,0
3616,2022/6/16,Prague_1,6217.68,3.2399999999999998,0.97,1,Corpus Christi,Thursday,0
3616,2022/6/17,Prague_1,7749.629999999999,3.2399999999999998,0.95,0,,Friday,0
3616,2022/6/18,Prague_1,6369.09,3.2399999999999998,0.88,0,,Saturday,0
3616,2022/6/19,Prague_1,5802.58,3.2399999999999998,0.93,0,Independent Hungary Day,Sunday,0
3616,2022/6/20,Prague_1,6704.88,3.2399999999999998,1,0,,Monday,0
3616,2022/6/21,Prague_1,6712.93,3.2399999999999998,0.9,0,,Tuesday,0
3616,2022/6/22,Prague_1,6214.389999999999,3.2399999999999998,0.9400000000000001,0,,Wednesday,0
3616,2022/6/23,Prague_1,6888.63,3.2399999999999998,0.9400000000000001,0,,Thursday,0
3616,2022/6/24,Prague_1,8366.26,3.2399999999999998,0.9,0,,Friday,0
3616,2022/6/25,Prague_1,5112.52,3.2399999999999998,1,0,,Saturday,0
3616,2022/6/26,Prague_1,7330.47,3.2399999999999998,0.9799999999999999,0,,Sunday,0
3616,2022/6/27,Prague_1,7383.04,3.2399999999999998,1,0,,Monday,0
3616,2022/6/28,Prague_1,6572.37,3.2399999999999998,1,0,,Tuesday,0
3616,2022/6/29,Prague_1,5351.360000000001,3.2399999999999998,1,0,,Wednesday,0
3616,2022/6/30,Prague_1,5950.07,3.2399999999999998,0.82,0,,Thursday,0
3616,2022/7/1,Prague_1,6954.57,3.2399999999999998,0.9799999999999999,0,,Friday,0
3616,2022/7/2,Prague_1,5224.31,3.2399999999999998,0.87,0,,Saturday,0
3616,2022/7/3,Prague_1,5389.72,3.2399999999999998,1,0,,Sunday,0
3616,2022/7/4,Prague_1,6780.759999999999,3.2399999999999998,0.7700000000000001,0,,Monday,0
3616,2022/7/5,Prague_1,4216.94,3.2399999999999998,0.67,1,Cyrila a Metodej,Tuesday,0
3616,2022/7/6,Prague_1,4653.25,3.2399999999999998,0.93,1,Jan Hus,Wednesday,0
3616,2022/7/7,Prague_1,5540.08,3.2399999999999998,0.74,0,,Thursday,0
3616,2022/7/8,Prague_1,6673.17,3.2399999999999998,0.96,0,,Friday,0
3616,2022/7/9,Prague_1,5290.04,3.2399999999999998,0.85,0,,Saturday,0
3616,2022/7/10,Prague_1,6291.88,3.2399999999999998,0.97,0,,Sunday,0
3616,2022/7/11,Prague_1,7401.17,3.2399999999999998,0.93,0,,Monday,0
3616,2022/7/12,Prague_1,5466.44,3.2399999999999998,0.92,0,,Tuesday,0
3616,2022/7/13,Prague_1,4936.68,3.2399999999999998,0.86,0,,Wednesday,0
3616,2022/7/14,Prague_1,5372.57,3.2399999999999998,0.91,0,,Thursday,0
3616,2022/7/15,Prague_1,6468.28,3.2399999999999998,0.87,0,,Friday,0
3616,2022/7/16,Prague_1,4618.95,3.2399999999999998,0.9,0,,Saturday,0
3616,2022/7/17,Prague_1,4994.43,3.2399999999999998,1,0,,Sunday,0
3616,2022/7/18,Prague_1,7099.19,3.2399999999999998,0.86,0,,Monday,0
3616,2022/7/19,Prague_1,5778.009999999999,3.2399999999999998,0.9400000000000001,0,,Tuesday,0
3616,2022/7/20,Prague_1,5566.68,3.2399999999999998,1,0,,Wednesday,0
3616,2022/7/21,Prague_1,7360.639999999999,3.2399999999999998,0.86,0,,Thursday,0
3616,2022/7/22,Prague_1,6831.650000000001,3.2399999999999998,1,0,,Friday,0
3616,2022/7/23,Prague_1,6122.900000000001,3.2399999999999998,0.9,0,,Saturday,0
3616,2022/7/24,Prague_1,5472.599999999999,3.2399999999999998,0.93,0,,Sunday,0
3616,2022/7/25,Prague_1,7104.93,3.2399999999999998,0.85,0,,Monday,0
3616,2022/7/26,Prague_1,5308.099999999999,3.2399999999999998,0.9,0,,Tuesday,0
3616,2022/7/27,Prague_1,6601.56,3.2399999999999998,0.87,0,,Wednesday,0
3616,2022/7/28,Prague_1,6660.29,3.2399999999999998,0.96,0,,Thursday,0
3616,2022/7/29,Prague_1,6062.07,3.2399999999999998,1,0,,Friday,0
3616,2022/7/30,Prague_1,5439.42,3.2399999999999998,0.78,0,,Saturday,0
3616,2022/7/31,Prague_1,3708.04,3.2399999999999998,0.85,0,,Sunday,0
3616,2022/8/1,Prague_1,3448.97,3.2399999999999998,1,0,,Monday,0
3616,2022/8/2,Prague_1,5949.509999999999,3.2399999999999998,0.72,0,,Tuesday,0
3616,2022/8/3,Prague_1,6162.17,3.2399999999999998,0.84,0,,Wednesday,0
3616,2022/8/4,Prague_1,4969.23,3.2399999999999998,0.78,0,,Thursday,0
3616,2022/8/5,Prague_1,4863.599999999999,3.2399999999999998,0.86,0,,Friday,0
3616,2022/8/6,Prague_1,5079.759999999999,3.2399999999999998,1,0,,Saturday,0
3616,2022/8/7,Prague_1,6600.3,3.2399999999999998,0.8,0,,Sunday,0
3616,2022/8/8,Prague_1,6566.77,3.2399999999999998,0.84,1,Peace Festival in Augsburg,Monday,0
3616,2022/8/9,Prague_1,3977.4000000000005,3.2399999999999998,0.9,0,,Tuesday,0
3616,2022/8/10,Prague_1,6570.62,3.2399999999999998,0.82,0,,Wednesday,0
3616,2022/8/11,Prague_1,5745.110000000001,3.2399999999999998,1,0,,Thursday,0
3616,2022/8/12,Prague_1,7118.3,3.2399999999999998,0.9,0,,Friday,0
3616,2022/8/13,Prague_1,7968.24,3.2399999999999998,0.96,0,,Saturday,0
3616,2022/8/14,Prague_1,6381.759999999999,3.2399999999999998,1,0,,Sunday,0
3616,2022/8/15,Prague_1,7109.41,3.2399999999999998,0.95,1,Assumption of the Virgin Mary,Monday,0
3616,2022/8/16,Prague_1,5523.21,3.2399999999999998,0.78,0,,Tuesday,0
3616,2022/8/17,Prague_1,5578.23,3.2399999999999998,0.97,0,,Wednesday,0
3616,2022/8/18,Prague_1,6280.610000000001,3.2399999999999998,1,0,,Thursday,0
3616,2022/8/19,Prague_1,7177.589999999999,3.2399999999999998,0.93,0,,Friday,0
3616,2022/8/20,Prague_1,6692.21,3.2399999999999998,0.89,1,State Foundation Day,Saturday,0
3616,2022/8/21,Prague_1,5218.150000000001,3.2399999999999998,1,0,,Sunday,0
3616,2022/8/22,Prague_1,7719.879999999999,3.2399999999999998,0.9400000000000001,0,,Monday,0
3616,2022/8/23,Prague_1,6851.67,3.2399999999999998,0.85,0,,Tuesday,0
3616,2022/8/24,Prague_1,6512.59,3.2399999999999998,1,0,,Wednesday,0
3616,2022/8/25,Prague_1,5571.509999999999,3.2399999999999998,1,0,,Thursday,0
3616,2022/8/26,Prague_1,6983.41,3.2399999999999998,0.9400000000000001,0,,Friday,0
3616,2022/8/27,Prague_1,7019.110000000001,3.2399999999999998,1,0,,Saturday,0
3616,2022/8/28,Prague_1,7164.5,3.2399999999999998,0.86,0,,Sunday,0
3616,2022/8/29,Prague_1,7089.389999999999,3.2399999999999998,0.87,0,,Monday,0
3616,2022/8/30,Prague_1,6609.610000000001,3.2399999999999998,1,0,,Tuesday,0
3616,2022/8/31,Prague_1,8363.67,3.2399999999999998,0.78,0,,Wednesday,0
3616,2022/9/1,Prague_1,6696.97,3.2399999999999998,0.95,0,,Thursday,0
3616,2022/9/2,Prague_1,7513.379999999999,3.2399999999999998,0.79,0,,Friday,0
3616,2022/9/3,Prague_1,7167.860000000001,3.2399999999999998,1,0,,Saturday,0
3616,2022/9/4,Prague_1,8125.18,3.2399999999999998,0.88,0,,Sunday,0
3616,2022/9/5,Prague_1,6040.37,3.2399999999999998,0.92,0,,Monday,0
3616,2022/9/6,Prague_1,5991.650000000001,3.2399999999999998,0.96,0,,Tuesday,0
3616,2022/9/7,Prague_1,7327.25,3.2399999999999998,0.95,0,,Wednesday,0
3616,2022/9/8,Prague_1,6754.72,3.2399999999999998,0.85,0,,Thursday,0
3616,2022/9/9,Prague_1,7063.7,3.2399999999999998,1,0,,Friday,0
3616,2022/9/10,Prague_1,6005.37,3.2399999999999998,0.71,0,,Saturday,0
3616,2022/9/11,Prague_1,7426.860000000001,3.2399999999999998,0.7700000000000001,0,,Sunday,0
3616,2022/9/12,Prague_1,6798.68,3.2399999999999998,0.89,0,,Monday,0
3616,2022/9/13,Prague_1,7788.410000000001,3.2399999999999998,0.8099999999999999,0,,Tuesday,0
3616,2022/9/14,Prague_1,7918.889999999999,3.2399999999999998,0.82,0,,Wednesday,0
3616,2022/9/15,Prague_1,7607.53,3.2399999999999998,0.8099999999999999,0,,Thursday,0
3616,2022/9/16,Prague_1,7017.360000000001,3.2399999999999998,0.78,0,,Friday,0
3616,2022/9/17,Prague_1,8092.139999999999,3.2399999999999998,0.95,0,,Saturday,0
3616,2022/9/18,Prague_1,7247.870000000001,3.2399999999999998,1,0,,Sunday,0
3616,2022/9/19,Prague_1,7737.589999999999,3.2399999999999998,0.83,0,,Monday,0
3616,2022/9/20,Prague_1,7480.199999999999,3.2399999999999998,0.79,0,,Tuesday,0
3616,2022/9/21,Prague_1,7204.47,3.2399999999999998,1,0,,Wednesday,0
3616,2022/9/22,Prague_1,9433.41,3.2399999999999998,0.85,0,,Thursday,0
3616,2022/9/23,Prague_1,9939.09,3.2399999999999998,0.8,0,,Friday,0
3616,2022/9/24,Prague_1,5887.139999999999,3.2399999999999998,1,0,,Saturday,0
3616,2022/9/25,Prague_1,8510.67,3.2399999999999998,0.86,0,,Sunday,0
3616,2022/9/26,Prague_1,8188.599999999999,3.2399999999999998,0.99,0,,Monday,0
3616,2022/9/27,Prague_1,10628.31,3.2399999999999998,1,0,,Tuesday,0
3616,2022/9/28,Prague_1,8984.220000000001,3.2399999999999998,0.56,1,Den ceske statnosti,Wednesday,0
3616,2022/9/29,Prague_1,7997.150000000001,3.2399999999999998,1,0,,Thursday,0
3616,2022/9/30,Prague_1,8895.39,3.2399999999999998,1,0,,Friday,0
3616,2022/10/1,Prague_1,9052.33,3.2399999999999998,0.79,0,,Saturday,0
3616,2022/10/2,Prague_1,9129.470000000001,3.5800000000000005,1,0,,Sunday,0
3616,2022/10/3,Prague_1,11130.35,3.5800000000000005,0.7299999999999999,1,German Unity Day,Monday,0
3616,2022/10/4,Prague_1,7410.550000000001,3.5800000000000005,1,0,,Tuesday,0
3616,2022/10/5,Prague_1,7448.28,3.5800000000000005,0.95,0,,Wednesday,0
3616,2022/10/6,Prague_1,10538.29,3.5800000000000005,0.92,0,Memorial Day for the Martyrs of Arad,Thursday,0
3616,2022/10/7,Prague_1,9193.519999999999,3.5800000000000005,0.9799999999999999,0,,Friday,0
3616,2022/10/8,Prague_1,7989.379999999999,3.5800000000000005,0.97,0,,Saturday,0
3616,2022/10/9,Prague_1,9159.29,3.5800000000000005,0.97,0,,Sunday,0
3616,2022/10/10,Prague_1,8802.08,3.5800000000000005,0.9799999999999999,0,,Monday,0
3616,2022/10/11,Prague_1,8020.389999999999,3.5800000000000005,0.9799999999999999,0,,Tuesday,0
3616,2022/10/12,Prague_1,8864.449999999999,3.5800000000000005,0.9799999999999999,0,,Wednesday,0
3616,2022/10/13,Prague_1,9248.470000000001,3.5800000000000005,0.9799999999999999,0,,Thursday,0
3616,2022/10/14,Prague_1,10061.800000000001,3.5800000000000005,0.9799999999999999,0,,Friday,0
3616,2022/10/15,Prague_1,10121.86,3.5800000000000005,0.9799999999999999,0,,Saturday,0
3616,2022/10/16,Prague_1,7636.860000000001,3.5800000000000005,0.97,0,,Sunday,0
3616,2022/10/17,Prague_1,7453.53,3.5800000000000005,0.9799999999999999,0,,Monday,0
3616,2022/10/18,Prague_1,9944.69,3.5800000000000005,0.84,0,,Tuesday,0
3616,2022/10/19,Prague_1,6689.55,3.5800000000000005,0.8,0,,Wednesday,0
3616,2022/10/20,Prague_1,10403.75,3.5800000000000005,0.9799999999999999,0,,Thursday,0
3616,2022/10/21,Prague_1,9424.24,3.5800000000000005,0.96,0,,Friday,0
3616,2022/10/22,Prague_1,8241.59,3.5800000000000005,0.97,0,,Saturday,0
3616,2022/10/23,Prague_1,6216.28,3.5800000000000005,0.97,1,Memorial day of the 1956 Revolution,Sunday,0
3616,2022/10/24,Prague_1,8480.15,3.5800000000000005,0.9799999999999999,0,,Monday,0
3616,2022/10/25,Prague_1,7717.29,3.5800000000000005,0.9799999999999999,0,,Tuesday,0
3616,2022/10/26,Prague_1,8674.68,3.5800000000000005,0.9799999999999999,0,,Wednesday,0
3616,2022/10/27,Prague_1,9401.49,3.5800000000000005,0.9799999999999999,0,,Thursday,0
3616,2022/10/28,Prague_1,10267.529999999999,3.5800000000000005,0.9799999999999999,1,Den vzniku samostatneho ceskoslovenskeho statu,Friday,0
3616,2022/10/29,Prague_1,6047.72,3.5800000000000005,0.97,0,,Saturday,0
3616,2022/10/30,Prague_1,7859.110000000001,3.5800000000000005,0.9799999999999999,0,,Sunday,0
3616,2022/10/31,Prague_1,8806.769999999999,3.5800000000000005,0.9,1,Reformation Day,Monday,0
3616,2022/11/1,Prague_1,6110.44,3.5800000000000005,0.99,1,All Saints Day,Tuesday,0
3616,2022/11/2,Prague_1,8250.34,3.5800000000000005,0.99,0,,Wednesday,0
3616,2022/11/3,Prague_1,8102.71,3.5800000000000005,0.96,0,,Thursday,0
3616,2022/11/4,Prague_1,9339.19,3.5800000000000005,0.99,0,,Friday,0
3616,2022/11/5,Prague_1,6673.52,3.5800000000000005,0.99,0,,Saturday,0
3616,2022/11/6,Prague_1,5876.08,3.5800000000000005,0.9799999999999999,0,,Sunday,0
3616,2022/11/7,Prague_1,8362.9,3.5800000000000005,0.99,0,,Monday,0
3616,2022/11/8,Prague_1,6898.639999999999,3.5800000000000005,0.99,0,,Tuesday,0
3616,2022/11/9,Prague_1,7504.349999999999,3.5800000000000005,0.99,0,,Wednesday,0
3616,2022/11/10,Prague_1,10072.300000000001,3.5800000000000005,0.97,0,,Thursday,0
3616,2022/11/11,Prague_1,7755.650000000001,3.5800000000000005,0.99,0,,Friday,0
3616,2022/11/12,Prague_1,6546.610000000001,3.5800000000000005,0.99,0,,Saturday,0
3616,2022/11/13,Prague_1,7488.67,3.5800000000000005,0.9799999999999999,0,,Sunday,0
3616,2022/11/14,Prague_1,7618.24,3.5800000000000005,0.99,0,,Monday,0
3616,2022/11/15,Prague_1,6842.990000000001,3.5800000000000005,0.99,0,,Tuesday,0
3616,2022/11/16,Prague_1,8770.79,3.5800000000000005,0.95,0,,Wednesday,0
3616,2022/11/17,Prague_1,8468.11,3.5800000000000005,0.9799999999999999,1,Den boje za svobodu a demokracii,Thursday,0
3616,2022/11/18,Prague_1,6936.02,3.5800000000000005,0.99,0,,Friday,0
3616,2022/11/19,Prague_1,6157.55,3.5800000000000005,0.9799999999999999,0,,Saturday,0
3616,2022/11/20,Prague_1,7466.2699999999995,3.5800000000000005,0.89,0,,Sunday,0
3616,2022/11/21,Prague_1,9568.019999999999,3.5800000000000005,0.9799999999999999,0,,Monday,0
3616,2022/11/22,Prague_1,7218.54,3.5800000000000005,0.9799999999999999,0,,Tuesday,0
3616,2022/11/23,Prague_1,7428.68,3.5800000000000005,0.99,0,,Wednesday,0
3616,2022/11/24,Prague_1,10135.230000000001,3.5800000000000005,0.97,0,,Thursday,0
3616,2022/11/25,Prague_1,7735.42,3.5800000000000005,0.99,0,,Friday,0
3616,2022/11/26,Prague_1,7474.46,3.5800000000000005,0.8,0,,Saturday,0
3616,2022/11/27,Prague_1,4977.349999999999,3.5800000000000005,0.93,0,,Sunday,0
3616,2022/11/28,Prague_1,8580.74,3.5800000000000005,0.72,0,,Monday,0
3616,2022/11/29,Prague_1,5669.79,3.5800000000000005,0.89,0,,Tuesday,0
3616,2022/11/30,Prague_1,6948.41,3.5800000000000005,0.9799999999999999,0,,Wednesday,0
3616,2022/12/1,Prague_1,7241.71,3.5800000000000005,0.9799999999999999,0,,Thursday,0
3616,2022/12/2,Prague_1,9132.06,3.5800000000000005,0.99,0,,Friday,0
3616,2022/12/3,Prague_1,7829.29,3.5800000000000005,0.88,0,,Saturday,0
3616,2022/12/4,Prague_1,7031.71,3.5800000000000005,0.9799999999999999,0,,Sunday,0
3616,2022/12/5,Prague_1,8022.629999999999,3.5800000000000005,0.9799999999999999,0,,Monday,0
3616,2022/12/6,Prague_1,7471.870000000001,3.5800000000000005,0.85,0,,Tuesday,0
3616,2022/12/7,Prague_1,6038.2,3.5800000000000005,0.99,0,,Wednesday,0
3616,2022/12/8,Prague_1,9189.74,3.5800000000000005,0.91,0,,Thursday,0
3616,2022/12/9,Prague_1,8215.550000000001,3.5800000000000005,0.92,0,,Friday,0
3616,2022/12/10,Prague_1,6789.09,3.5800000000000005,0.9400000000000001,0,,Saturday,0
3616,2022/12/11,Prague_1,6657.84,3.5800000000000005,0.96,0,,Sunday,0
3616,2022/12/12,Prague_1,8069.879999999999,3.5800000000000005,0.99,0,,Monday,0
3616,2022/12/13,Prague_1,7623.28,3.5800000000000005,0.75,0,,Tuesday,0
3616,2022/12/14,Prague_1,7486.5,3.5800000000000005,0.84,0,,Wednesday,0
3616,2022/12/15,Prague_1,8818.6,3.5800000000000005,1,0,,Thursday,0
3616,2022/12/16,Prague_1,8818.67,3.5800000000000005,0.88,0,,Friday,0
3616,2022/12/17,Prague_1,7903.910000000001,3.5800000000000005,0.9799999999999999,0,,Saturday,0
3616,2022/12/18,Prague_1,7303.379999999999,3.5800000000000005,0.7299999999999999,0,,Sunday,0
3616,2022/12/19,Prague_1,6896.47,3.5800000000000005,0.99,0,,Monday,0
3616,2022/12/20,Prague_1,9550.449999999999,3.5800000000000005,0.95,0,,Tuesday,0
3616,2022/12/21,Prague_1,9676.029999999999,3.5800000000000005,0.9799999999999999,0,,Wednesday,0
3616,2022/12/22,Prague_1,13154.89,3.5800000000000005,0.9799999999999999,0,,Thursday,0
3616,2022/12/23,Prague_1,13408.5,3.5800000000000005,0.9400000000000001,0,,Friday,0
3616,2022/12/24,Prague_1,3127.04,3.5800000000000005,1,1,Christmas Eve,Saturday,0
3616,2022/12/26,Prague_1,5833.8,3.5800000000000005,0.99,1,2nd Christmas Day,Monday,0
3616,2022/12/27,Prague_1,6380.29,3.5800000000000005,0.9799999999999999,0,,Tuesday,0
3616,2022/12/28,Prague_1,7640.639999999999,3.5800000000000005,0.9799999999999999,0,,Wednesday,0
3616,2022/12/29,Prague_1,9020.550000000001,3.5800000000000005,0.9799999999999999,0,,Thursday,0
3616,2022/12/30,Prague_1,8637.300000000001,3.5800000000000005,0.9799999999999999,0,,Friday,0
3616,2022/12/31,Prague_1,6589.73,3.5800000000000005,0.96,0,,Saturday,0
3616,2023/1/1,Prague_1,4172.28,3.5800000000000005,0.68,1,New Years Day,Sunday,0
3616,2023/1/2,Prague_1,5994.31,3.5800000000000005,0.93,0,,Monday,0
3616,2023/1/3,Prague_1,5375.509999999999,3.5800000000000005,0.9799999999999999,0,,Tuesday,0
3616,2023/1/4,Prague_1,7352.800000000001,3.5800000000000005,0.9799999999999999,0,,Wednesday,0
3616,2023/1/5,Prague_1,8094.449999999999,3.5800000000000005,0.9799999999999999,0,,Thursday,0
3616,2023/1/6,Prague_1,8160.949999999999,3.5800000000000005,0.99,1,Epiphany,Friday,0
3616,2023/1/7,Prague_1,6195.98,3.5800000000000005,0.9799999999999999,0,,Saturday,0
3616,2023/1/8,Prague_1,5809.02,3.5800000000000005,0.93,0,,Sunday,0
3616,2023/1/9,Prague_1,5743.43,3.5800000000000005,0.8099999999999999,0,,Monday,0
3616,2023/1/10,Prague_1,5300.12,3.5800000000000005,0.82,0,,Tuesday,0
3616,2023/1/11,Prague_1,7620.339999999999,3.5800000000000005,0.96,0,,Wednesday,0
3616,2023/1/12,Prague_1,8571.01,3.5800000000000005,0.9400000000000001,0,,Thursday,0
3616,2023/1/13,Prague_1,8515.220000000001,3.5800000000000005,0.96,0,,Friday,0
3616,2023/1/14,Prague_1,7190.54,3.5800000000000005,0.93,0,,Saturday,0
3616,2023/1/15,Prague_1,5898.62,3.5800000000000005,0.9,0,,Sunday,0
3616,2023/1/16,Prague_1,6958.21,3.5800000000000005,0.9799999999999999,0,,Monday,0
3616,2023/1/17,Prague_1,7382.550000000001,3.5800000000000005,0.82,0,,Tuesday,0
3616,2023/1/18,Prague_1,7330.889999999999,3.5800000000000005,0.89,0,,Wednesday,0
3616,2023/1/19,Prague_1,7890.54,3.5800000000000005,0.9799999999999999,0,,Thursday,0
3616,2023/1/20,Prague_1,8487.15,3.5800000000000005,0.75,0,,Friday,0
3616,2023/1/21,Prague_1,5814.27,3.5800000000000005,0.82,0,,Saturday,0
3616,2023/1/22,Prague_1,7896.699999999999,3.5800000000000005,0.8,0,,Sunday,0
3616,2023/1/23,Prague_1,6268.5,3.5800000000000005,0.82,0,,Monday,0
3616,2023/1/24,Prague_1,6888.77,3.5800000000000005,0.93,0,,Tuesday,0
3616,2023/1/25,Prague_1,7292.04,3.5800000000000005,0.7700000000000001,0,,Wednesday,0
3616,2023/1/26,Prague_1,7745.150000000001,3.5800000000000005,0.9799999999999999,0,,Thursday,0
3616,2023/1/27,Prague_1,9869.79,3.5800000000000005,0.74,0,,Friday,0
3616,2023/1/28,Prague_1,6749.33,3.5800000000000005,0.91,0,,Saturday,0
3616,2023/1/29,Prague_1,6594.84,3.5800000000000005,0.9799999999999999,0,,Sunday,0
3616,2023/1/30,Prague_1,7979.58,3.5800000000000005,0.8099999999999999,0,,Monday,0
3616,2023/1/31,Prague_1,5824.63,3.5800000000000005,0.7700000000000001,0,,Tuesday,0
3616,2023/2/1,Prague_1,7261.3099999999995,3.5800000000000005,0.76,0,Memorial Day of the Republic,Wednesday,0.3101
3616,2023/2/2,Prague_1,7182.349999999999,3.5800000000000005,0.93,0,,Thursday,0
3616,2023/2/3,Prague_1,9782.08,3.5800000000000005,0.9799999999999999,0,,Friday,0
3616,2023/2/4,Prague_1,6189.400000000001,3.5800000000000005,0.9799999999999999,0,,Saturday,0
3616,2023/2/5,Prague_1,7501.199999999999,3.5800000000000005,0.9799999999999999,0,,Sunday,0
3616,2023/2/6,Prague_1,6476.610000000001,3.5800000000000005,0.76,0,,Monday,0
3616,2023/2/7,Prague_1,8104.67,3.5800000000000005,0.99,0,,Tuesday,0
3616,2023/2/8,Prague_1,7577.71,3.5800000000000005,0.83,0,,Wednesday,0
3616,2023/2/9,Prague_1,9146.69,3.5800000000000005,0.97,0,,Thursday,0
3616,2023/2/10,Prague_1,9218.58,3.5800000000000005,0.9799999999999999,0,,Friday,0
3616,2023/2/11,Prague_1,6890.45,3.5800000000000005,0.65,0,,Saturday,0
3616,2023/2/12,Prague_1,7652.82,3.5800000000000005,0.97,0,,Sunday,0
3616,2023/2/13,Prague_1,6662.46,3.5800000000000005,0.82,0,,Monday,0
3616,2023/2/14,Prague_1,6364.82,3.5800000000000005,0.82,0,,Tuesday,0
3616,2023/2/15,Prague_1,6861.05,3.5800000000000005,0.89,0,,Wednesday,0
3616,2023/2/16,Prague_1,9240.84,3.5800000000000005,0.9799999999999999,0,,Thursday,0
3616,2023/2/17,Prague_1,9283.470000000001,3.5800000000000005,0.9,0,,Friday,0
3616,2023/2/18,Prague_1,7748.79,3.5800000000000005,0.89,0,,Saturday,0
3616,2023/2/19,Prague_1,7744.03,3.5800000000000005,0.89,0,,Sunday,0
3616,2023/2/20,Prague_1,7954.03,3.5800000000000005,0.86,0,,Monday,0
3616,2023/2/21,Prague_1,6282.92,3.5800000000000005,0.92,0,,Tuesday,0
3616,2023/2/22,Prague_1,7714.349999999999,3.5800000000000005,0.95,0,,Wednesday,0
3616,2023/2/23,Prague_1,8406.44,3.5800000000000005,0.89,0,,Thursday,0
3616,2023/2/24,Prague_1,9963.38,3.5800000000000005,0.9,0,,Friday,0
3616,2023/2/25,Prague_1,8077.650000000001,3.5800000000000005,0.92,0,Memorial Day for the Victims of the Communist Dictatorships,Saturday,0
3616,2023/2/26,Prague_1,7001.68,3.5800000000000005,0.9,0,,Sunday,0
3616,2023/2/27,Prague_1,8156.33,3.5800000000000005,0.9799999999999999,0,,Monday,0
3616,2023/2/28,Prague_1,6577.759999999999,3.5800000000000005,0.8,0,,Tuesday,0
3616,2023/3/1,Prague_1,5938.73,3.5800000000000005,0.9799999999999999,0,,Wednesday,0
3616,2023/3/2,Prague_1,11473.699999999999,3.5800000000000005,0.75,0,,Thursday,0
3616,2023/3/3,Prague_1,8781.92,3.5800000000000005,1,0,,Friday,0
3616,2023/3/4,Prague_1,9577.470000000001,3.5800000000000005,0.91,0,,Saturday,0
3616,2023/3/5,Prague_1,9148.86,3.5800000000000005,0.91,0,,Sunday,0
3616,2023/3/6,Prague_1,8303.4,3.5800000000000005,1,0,,Monday,0
3616,2023/3/7,Prague_1,9708.44,3.5800000000000005,0.92,0,,Tuesday,0
3616,2023/3/8,Prague_1,8512.21,3.5800000000000005,0.9,0,International womens day,Wednesday,0
3616,2023/3/9,Prague_1,12108.18,3.5800000000000005,0.86,0,,Thursday,0
3616,2023/3/10,Prague_1,10831.87,3.5800000000000005,0.93,0,,Friday,0
3616,2023/3/11,Prague_1,8744.54,3.5800000000000005,0.91,0,,Saturday,0
3616,2023/3/12,Prague_1,7485.800000000001,3.5800000000000005,0.95,0,,Sunday,0
3616,2023/3/13,Prague_1,9822.96,3.5800000000000005,0.9,0,,Monday,0
3616,2023/3/14,Prague_1,8516.34,3.5800000000000005,0.8099999999999999,0,,Tuesday,0
3616,2023/3/15,Prague_1,9339.61,3.5800000000000005,0.92,1,Memorial Day for the Victims of the Holocaust,Wednesday,0
3616,2023/3/16,Prague_1,8863.61,3.5800000000000005,0.9799999999999999,0,,Thursday,0
3616,2023/3/17,Prague_1,11739.769999999999,3.5800000000000005,0.84,0,,Friday,0
3616,2023/3/18,Prague_1,8770.09,3.5800000000000005,0.9799999999999999,0,,Saturday,0
3616,2023/3/19,Prague_1,9804.62,3.5800000000000005,0.8099999999999999,0,,Sunday,0
3616,2023/3/20,Prague_1,8550.220000000001,3.5800000000000005,0.93,0,,Monday,0
3616,2023/3/21,Prague_1,8701.699999999999,3.5800000000000005,0.95,0,,Tuesday,0
3616,2023/3/22,Prague_1,7625.9400000000005,3.5800000000000005,0.9799999999999999,0,,Wednesday,0
3616,2023/3/23,Prague_1,9766.470000000001,3.5800000000000005,0.93,0,,Thursday,0
3616,2023/3/24,Prague_1,10198.16,3.5800000000000005,0.89,0,,Friday,0
3616,2023/3/25,Prague_1,8837.01,3.5800000000000005,0.9,0,,Saturday,0
3616,2023/3/26,Prague_1,7495.389999999999,3.5800000000000005,0.95,0,,Sunday,0
3616,2023/3/27,Prague_1,10342.15,3.5800000000000005,0.88,0,,Monday,0
3616,2023/3/28,Prague_1,9509.71,3.5800000000000005,0.91,0,,Tuesday,0
3616,2023/3/29,Prague_1,8278.269999999999,3.5800000000000005,0.97,0,,Wednesday,0
3616,2023/3/30,Prague_1,10096.029999999999,3.5800000000000005,0.9799999999999999,0,,Thursday,0
3616,2023/3/31,Prague_1,9337.16,3.5800000000000005,0.91,0,,Friday,0
3616,2023/4/1,Prague_1,8907.43,3.5800000000000005,0.99,0,,Saturday,0
3616,2023/4/2,Prague_1,10053.19,3.5800000000000005,0.76,0,,Sunday,0
3616,2023/4/3,Prague_1,9519.86,3.5800000000000005,0.9799999999999999,0,,Monday,0
3616,2023/4/4,Prague_1,9887.5,3.5800000000000005,0.85,0,,Tuesday,0
3616,2023/4/5,Prague_1,12664.54,3.5800000000000005,0.82,0,,Wednesday,0
3616,2023/4/6,Prague_1,15948.869999999999,3.5800000000000005,0.72,0,,Thursday,0
3616,2023/4/7,Prague_1,11803.4,3.5800000000000005,0.9799999999999999,1,Good Friday,Friday,1.29563
3616,2023/4/8,Prague_1,7567.7699999999995,3.5800000000000005,0.96,1,,Saturday,0
3616,2023/4/9,Prague_1,9076.69,3.5800000000000005,0.84,1,,Sunday,0
3616,2023/4/10,Prague_1,4766.02,3.5800000000000005,0.97,1,Easter Monday,Monday,1.3840400000000002
3616,2023/4/11,Prague_1,10420.199999999999,3.5800000000000005,0.84,0,,Tuesday,0
3616,2023/4/12,Prague_1,8578.779999999999,3.5800000000000005,0.93,0,,Wednesday,0
3616,2023/4/13,Prague_1,7208.46,3.5800000000000005,0.9799999999999999,0,,Thursday,1.3741
3616,2023/4/14,Prague_1,13112.89,3.5800000000000005,0.93,0,,Friday,0
3616,2023/4/15,Prague_1,8697.779999999999,3.5800000000000005,0.89,0,,Saturday,0
3616,2023/4/16,Prague_1,7628.110000000001,3.5800000000000005,0.97,0,Memorial Day for the Victims of the Holocaust,Sunday,0.53249
3616,2023/4/17,Prague_1,8725.85,3.5800000000000005,0.83,0,,Monday,0
3616,2023/4/18,Prague_1,8143.3099999999995,3.5800000000000005,0.92,0,,Tuesday,0
3616,2023/4/19,Prague_1,6522.740000000001,3.5800000000000005,0.97,0,,Wednesday,1.37515
3616,2023/4/20,Prague_1,12087.6,3.5800000000000005,0.86,0,,Thursday,0
3616,2023/4/21,Prague_1,11941.230000000001,3.5800000000000005,0.83,0,,Friday,0
3616,2023/4/22,Prague_1,8229.9,3.5800000000000005,0.92,0,,Saturday,0
3616,2023/4/23,Prague_1,8761.480000000001,3.5800000000000005,0.96,0,,Sunday,0
3616,2023/4/24,Prague_1,9903.11,3.5800000000000005,0.8,0,,Monday,0
3616,2023/4/25,Prague_1,8087.24,3.5800000000000005,0.91,0,,Tuesday,0
3616,2023/4/26,Prague_1,8749.51,3.5800000000000005,0.7700000000000001,0,,Wednesday,0
3616,2023/4/27,Prague_1,8896.37,3.5800000000000005,0.9799999999999999,0,,Thursday,0
3616,2023/4/28,Prague_1,12240.13,3.5800000000000005,0.64,0,,Friday,0
3616,2023/4/29,Prague_1,8823.29,3.5800000000000005,0.75,0,,Saturday,0
3616,2023/4/30,Prague_1,7376.18,3.5800000000000005,0.88,0,,Sunday,0
3616,2023/5/1,Prague_1,7215.74,3.5800000000000005,0.9799999999999999,1,Labour Day,Monday,0
3616,2023/5/2,Prague_1,7140.139999999999,3.5800000000000005,0.84,0,,Tuesday,0
3616,2023/5/3,Prague_1,7968.17,3.5800000000000005,0.9400000000000001,0,,Wednesday,0
3616,2023/5/4,Prague_1,9131.08,3.5800000000000005,0.9799999999999999,0,,Thursday,0
3616,2023/5/5,Prague_1,12390.769999999999,3.5800000000000005,0.8,0,,Friday,0
3616,2023/5/6,Prague_1,9002.980000000001,3.5800000000000005,0.8,0,,Saturday,0
3616,2023/5/7,Prague_1,9056.529999999999,3.5800000000000005,0.88,0,,Sunday,0
3616,2023/5/8,Prague_1,11155.9,3.5800000000000005,0.9400000000000001,1,Den osvobozeni,Monday,0
3616,2023/5/9,Prague_1,10076.64,3.5800000000000005,0.74,0,,Tuesday,0
3616,2023/5/10,Prague_1,9334.99,3.5800000000000005,0.88,0,,Wednesday,0
3616,2023/5/11,Prague_1,9900.449999999999,3.5800000000000005,0.9400000000000001,0,,Thursday,0
3616,2023/5/12,Prague_1,10405.64,3.5800000000000005,0.96,0,,Friday,0
3616,2023/5/13,Prague_1,10647.07,3.5800000000000005,0.8099999999999999,0,,Saturday,0
3616,2023/5/14,Prague_1,8252.44,3.5800000000000005,0.83,0,,Sunday,0
3616,2023/5/15,Prague_1,7436.7300000000005,3.5800000000000005,0.95,0,,Monday,0
3616,2023/5/16,Prague_1,8445.15,3.5800000000000005,0.9400000000000001,0,,Tuesday,0
3616,2023/5/17,Prague_1,7984.4800000000005,3.5800000000000005,0.88,0,,Wednesday,0
3616,2023/5/18,Prague_1,11020.519999999999,3.5800000000000005,0.95,1,Ascension day,Thursday,0
3616,2023/5/19,Prague_1,10656.1,3.5800000000000005,0.97,0,,Friday,0
3616,2023/5/20,Prague_1,9161.949999999999,3.5800000000000005,0.93,0,,Saturday,0
3616,2023/5/21,Prague_1,8938.79,3.5800000000000005,0.91,0,National Defense Day,Sunday,0
3616,2023/5/22,Prague_1,7762.089999999999,3.5800000000000005,0.9799999999999999,0,,Monday,0
3616,2023/5/23,Prague_1,9044.63,3.5800000000000005,0.88,0,,Tuesday,0
3616,2023/5/24,Prague_1,7023.31,3.5800000000000005,0.97,0,,Wednesday,0
3616,2023/5/25,Prague_1,9724.82,3.5800000000000005,0.9799999999999999,0,,Thursday,0
3616,2023/5/26,Prague_1,9858.87,3.5800000000000005,0.9799999999999999,0,,Friday,0
3616,2023/5/27,Prague_1,6139.28,3.5800000000000005,0.97,0,,Saturday,0
3616,2023/5/28,Prague_1,7816.620000000001,3.5800000000000005,0.96,1,Whit sunday,Sunday,0
3616,2023/5/29,Prague_1,6547.94,3.5800000000000005,0.9799999999999999,1,Whit monday,Monday,0
3616,2023/5/30,Prague_1,8267.84,3.5800000000000005,0.96,0,,Tuesday,0
3616,2023/5/31,Prague_1,7591.849999999999,3.5800000000000005,0.9400000000000001,0,,Wednesday,0
3616,2023/6/1,Prague_1,4751.88,3.5800000000000005,0.9799999999999999,0,,Thursday,0
3616,2023/6/2,Prague_1,7511.839999999999,3.5800000000000005,0.91,0,,Friday,0
3616,2023/6/3,Prague_1,6035.54,3.5800000000000005,0.96,0,,Saturday,0
3616,2023/6/4,Prague_1,6324.990000000001,3.5800000000000005,0.95,0,Day of National Unity,Sunday,0
3616,2023/6/5,Prague_1,5374.32,3.5800000000000005,0.64,0,,Monday,0
3616,2023/6/6,Prague_1,6536.25,3.5800000000000005,0.96,0,,Tuesday,0
3616,2023/6/7,Prague_1,6509.650000000001,3.5800000000000005,0.93,0,,Wednesday,0
3616,2023/6/8,Prague_1,7811.4400000000005,3.5800000000000005,0.9400000000000001,1,Corpus Christi,Thursday,0
3616,2023/6/9,Prague_1,8778.21,3.5800000000000005,0.93,0,,Friday,0
3616,2023/6/10,Prague_1,6908.72,3.5800000000000005,0.83,0,,Saturday,0
3616,2023/6/11,Prague_1,6359.5,3.5800000000000005,0.96,0,,Sunday,0
3616,2023/6/12,Prague_1,6695.639999999999,3.5800000000000005,0.9799999999999999,0,,Monday,0
3616,2023/6/13,Prague_1,6606.599999999999,3.5800000000000005,0.96,0,,Tuesday,0
3616,2023/6/14,Prague_1,6188.56,3.5800000000000005,0.93,0,,Wednesday,0
3616,2023/6/15,Prague_1,7435.400000000001,3.5800000000000005,0.87,0,,Thursday,0
3616,2023/6/16,Prague_1,8984.220000000001,3.5800000000000005,0.8099999999999999,0,,Friday,0
3616,2023/6/17,Prague_1,6644.19,3.5800000000000005,0.7700000000000001,0,,Saturday,0
3616,2023/6/18,Prague_1,6564.88,3.5800000000000005,0.97,0,,Sunday,0
3616,2023/6/19,Prague_1,9081.519999999999,3.5800000000000005,0.76,0,Independent Hungary Day,Monday,0
3616,2023/6/20,Prague_1,6685.21,3.5800000000000005,1,0,,Tuesday,0
3616,2023/6/21,Prague_1,7818.79,3.5800000000000005,0.9,0,,Wednesday,0
3616,2023/6/22,Prague_1,6033.79,3.5800000000000005,0.99,0,,Thursday,0
3616,2023/6/23,Prague_1,7164.29,3.5800000000000005,0.99,0,,Friday,0
3616,2023/6/24,Prague_1,6406.12,3.5800000000000005,0.82,0,,Saturday,0
3616,2023/6/25,Prague_1,5831.77,3.5800000000000005,1,0,,Sunday,0
3616,2023/6/26,Prague_1,6748.77,3.5800000000000005,0.8099999999999999,0,,Monday,0
3616,2023/6/27,Prague_1,5045.46,3.5800000000000005,1,0,,Tuesday,0
3616,2023/6/28,Prague_1,6949.53,3.5800000000000005,0.95,0,,Wednesday,0
3616,2023/6/29,Prague_1,7546,3.5800000000000005,0.86,0,,Thursday,0
3616,2023/6/30,Prague_1,6754.860000000001,3.5800000000000005,0.99,0,,Friday,0
3616,2023/7/1,Prague_1,6417.18,3.5800000000000005,0.74,0,,Saturday,0
3616,2023/7/2,Prague_1,5214.16,3.5800000000000005,0.99,0,,Sunday,0
3616,2023/7/3,Prague_1,5995.009999999999,3.5800000000000005,1,0,,Monday,0
3616,2023/7/4,Prague_1,6761.02,3.5800000000000005,0.88,0,,Tuesday,0
3616,2023/7/5,Prague_1,9249.730000000001,3.5800000000000005,0.7299999999999999,1,Cyrila a Metodej,Wednesday,0
3616,2023/7/6,Prague_1,5751.759999999999,3.5800000000000005,1,1,Jan Hus,Thursday,0
3616,2023/7/7,Prague_1,6664.21,3.5800000000000005,0.99,0,,Friday,0
3616,2023/7/8,Prague_1,4651.639999999999,3.5800000000000005,0.63,0,,Saturday,0
3616,2023/7/9,Prague_1,6105.54,3.5800000000000005,0.83,0,,Sunday,0
3616,2023/7/10,Prague_1,7026.81,3.5800000000000005,0.97,0,,Monday,0
3616,2023/7/11,Prague_1,7261.9400000000005,3.5800000000000005,0.78,0,,Tuesday,0
3616,2023/7/12,Prague_1,6391.349999999999,3.5800000000000005,0.97,0,,Wednesday,0
3616,2023/7/13,Prague_1,6778.66,3.5800000000000005,1,0,,Thursday,0
3616,2023/7/14,Prague_1,7725.6900000000005,3.5800000000000005,0.96,0,,Friday,0
3616,2023/7/15,Prague_1,6233.150000000001,3.5800000000000005,0.58,0,,Saturday,0
3616,2023/7/16,Prague_1,6074.389999999999,3.5800000000000005,0.88,0,,Sunday,0
3616,2023/7/17,Prague_1,5805.87,3.5800000000000005,0.93,0,,Monday,0
3616,2023/7/18,Prague_1,5171.25,3.5800000000000005,1,0,,Tuesday,0
3616,2023/7/19,Prague_1,5765.900000000001,3.5800000000000005,0.96,0,,Wednesday,0
3616,2023/7/20,Prague_1,5475.75,3.5800000000000005,1,0,,Thursday,0
3616,2023/7/21,Prague_1,6955.62,3.5800000000000005,0.95,0,,Friday,0
3616,2023/7/22,Prague_1,7112.84,3.5800000000000005,0.67,0,,Saturday,0
3616,2023/7/23,Prague_1,6769.91,3.5800000000000005,0.65,0,,Sunday,0
3616,2023/7/24,Prague_1,5318.25,3.5800000000000005,0.95,0,,Monday,0
3616,2023/7/25,Prague_1,5826.03,3.5800000000000005,0.95,0,,Tuesday,0
3616,2023/7/26,Prague_1,5812.59,3.5800000000000005,0.84,0,,Wednesday,0
3616,2023/7/27,Prague_1,5790.68,3.5800000000000005,1,0,,Thursday,0
3616,2023/7/28,Prague_1,6266.96,3.5800000000000005,1,0,,Friday,0
3616,2023/7/29,Prague_1,4188.66,3.5800000000000005,0.55,0,,Saturday,0
3616,2023/7/30,Prague_1,5815.95,3.5800000000000005,0.95,0,,Sunday,0
3616,2023/7/31,Prague_1,5494.02,3.5800000000000005,0.95,0,,Monday,0
3616,2023/8/1,Prague_1,5618.13,3.5800000000000005,1,0,,Tuesday,0
3616,2023/8/2,Prague_1,5965.47,3.5800000000000005,0.9799999999999999,0,,Wednesday,0
3616,2023/8/3,Prague_1,5875.59,3.5800000000000005,1,0,,Thursday,0
3616,2023/8/4,Prague_1,7679.21,3.5800000000000005,1,0,,Friday,0
3616,2023/8/5,Prague_1,5206.389999999999,3.5800000000000005,0.89,0,,Saturday,0
3616,2023/8/6,Prague_1,5618.41,3.5800000000000005,1,0,,Sunday,0
3616,2023/8/7,Prague_1,7751.17,3.5800000000000005,0.76,0,,Monday,0
3616,2023/8/8,Prague_1,6618.150000000001,3.5800000000000005,0.91,1,Peace Festival in Augsburg,Tuesday,0
3616,2023/8/9,Prague_1,6440.21,3.5800000000000005,0.87,0,,Wednesday,0
3616,2023/8/10,Prague_1,7129.849999999999,3.5800000000000005,0.86,0,,Thursday,0
3616,2023/8/11,Prague_1,7365.47,3.5800000000000005,0.92,0,,Friday,0
3616,2023/8/12,Prague_1,5366.34,3.5800000000000005,0.83,0,,Saturday,0
3616,2023/8/13,Prague_1,7012.53,3.5800000000000005,0.9,0,,Sunday,0
3616,2023/8/14,Prague_1,7471.870000000001,3.5800000000000005,0.8099999999999999,0,,Monday,0
3616,2023/8/15,Prague_1,6113.94,3.5800000000000005,1,1,Assumption of the Virgin Mary,Tuesday,0
3616,2023/8/16,Prague_1,7374.71,3.5800000000000005,1,0,,Wednesday,0
3616,2023/8/17,Prague_1,7261.870000000001,3.5800000000000005,0.9799999999999999,0,,Thursday,0
3616,2023/8/18,Prague_1,7668.71,3.5800000000000005,1,0,,Friday,0
3616,2023/8/19,Prague_1,6346.900000000001,3.5800000000000005,1,0,,Saturday,0
3616,2023/8/20,Prague_1,6619.900000000001,3.5800000000000005,1,1,State Foundation Day,Sunday,0
3616,2023/8/21,Prague_1,8241.24,3.5800000000000005,0.96,0,,Monday,0
3616,2023/8/22,Prague_1,6567.259999999999,3.5800000000000005,1,0,,Tuesday,0
3616,2023/8/23,Prague_1,6316.240000000001,3.5800000000000005,1,0,,Wednesday,0
3616,2023/8/24,Prague_1,6975.990000000001,3.5800000000000005,1,0,,Thursday,0
3616,2023/8/25,Prague_1,9882.6,3.5800000000000005,1,0,,Friday,0
3616,2023/8/26,Prague_1,6604.92,3.5800000000000005,1,0,,Saturday,0
3616,2023/8/27,Prague_1,7741.51,3.5800000000000005,1,0,,Sunday,0
3616,2023/8/28,Prague_1,8983.730000000001,3.5800000000000005,1,0,,Monday,0
3616,2023/8/29,Prague_1,7057.259999999999,3.5800000000000005,1,0,,Tuesday,0
3616,2023/8/30,Prague_1,8612.1,3.5800000000000005,1,0,,Wednesday,0
3616,2023/8/31,Prague_1,7728.7699999999995,3.5800000000000005,1,0,,Thursday,0
3616,2023/9/1,Prague_1,7217.349999999999,3.5800000000000005,1,0,,Friday,0
3616,2023/9/2,Prague_1,7383.74,3.5800000000000005,1,0,,Saturday,0
3616,2023/9/3,Prague_1,8021.160000000001,3.5800000000000005,1,0,,Sunday,0
3616,2023/9/4,Prague_1,6914.18,3.5800000000000005,1,0,,Monday,0
3616,2023/9/5,Prague_1,8061.129999999999,3.5800000000000005,0.8099999999999999,0,,Tuesday,0
3616,2023/9/6,Prague_1,6876.17,3.5800000000000005,1,0,,Wednesday,0
3616,2023/9/7,Prague_1,6275.990000000001,3.5800000000000005,1,0,,Thursday,0
3616,2023/9/8,Prague_1,9603.93,3.5800000000000005,1,0,,Friday,0
3616,2023/9/9,Prague_1,8405.25,3.5800000000000005,1,0,,Saturday,0
3616,2023/9/10,Prague_1,8005.339999999999,3.5800000000000005,1,0,,Sunday,0
3616,2023/9/11,Prague_1,7586.46,3.5800000000000005,1,0,,Monday,0
3616,2023/9/12,Prague_1,6058.360000000001,3.5800000000000005,1,0,,Tuesday,0
3616,2023/9/13,Prague_1,8678.04,3.5800000000000005,1,0,,Wednesday,0
3616,2023/9/14,Prague_1,7400.400000000001,3.5800000000000005,1,0,,Thursday,0
3616,2023/9/15,Prague_1,9165.38,3.5800000000000005,1,0,,Friday,0
3616,2023/9/16,Prague_1,9198.21,3.5800000000000005,1,0,,Saturday,0
3616,2023/9/17,Prague_1,8294.86,3.5800000000000005,1,0,,Sunday,0
3616,2023/9/18,Prague_1,8536.08,3.5800000000000005,1,0,,Monday,0
3616,2023/9/19,Prague_1,6669.46,3.5800000000000005,1,0,,Tuesday,0
3616,2023/9/20,Prague_1,7712.25,3.5800000000000005,1,0,,Wednesday,0
3616,2023/9/21,Prague_1,9331.14,3.5800000000000005,1,0,,Thursday,0
3616,2023/9/22,Prague_1,8876.699999999999,3.5800000000000005,1,0,,Friday,0
3616,2023/9/23,Prague_1,7819.9800000000005,3.5800000000000005,1,0,,Saturday,0
3616,2023/9/24,Prague_1,9142.21,3.5800000000000005,1,0,,Sunday,0
3616,2023/9/25,Prague_1,8255.800000000001,3.5800000000000005,1,0,,Monday,0
3616,2023/9/26,Prague_1,5159,3.5800000000000005,1,0,,Tuesday,0
3616,2023/9/27,Prague_1,8538.74,3.5800000000000005,0.87,0,,Wednesday,0
3616,2023/9/28,Prague_1,10878,3.5800000000000005,1,1,Den ceske statnosti,Thursday,0
3616,2023/9/29,Prague_1,8938.37,3.5800000000000005,1,0,,Friday,0
3616,2023/9/30,Prague_1,7109.48,3.5800000000000005,1,0,,Saturday,0
3616,2023/10/1,Prague_1,8688.54,3.5800000000000005,1,0,,Sunday,0
3616,2023/10/2,Prague_1,6827.59,3.5800000000000005,1,0,,Monday,0
3616,2023/10/3,Prague_1,6663.650000000001,3.5800000000000005,1,1,German Unity Day,Tuesday,0
3616,2023/10/4,Prague_1,6374.97,3.5800000000000005,1,0,,Wednesday,0
3616,2023/10/5,Prague_1,7546.49,3.5800000000000005,1,0,,Thursday,0
3616,2023/10/6,Prague_1,8702.19,3.5800000000000005,1,0,Memorial Day for the Martyrs of Arad,Friday,0
3616,2023/10/7,Prague_1,8610.91,3.5800000000000005,1,0,,Saturday,0
3616,2023/10/8,Prague_1,8509.269999999999,3.5800000000000005,1,0,,Sunday,0
3616,2023/10/9,Prague_1,6697.18,3.5800000000000005,1,0,,Monday,0
3616,2023/10/10,Prague_1,7317.870000000001,3.5800000000000005,0.92,0,,Tuesday,0
3616,2023/10/11,Prague_1,6653.849999999999,3.5800000000000005,1,0,,Wednesday,0
3616,2023/10/12,Prague_1,8004.43,3.5800000000000005,1,0,,Thursday,0
3616,2023/10/13,Prague_1,8253.980000000001,3.5800000000000005,1,0,,Friday,0
3616,2023/10/14,Prague_1,8569.050000000001,3.5800000000000005,1,0,,Saturday,0
3616,2023/10/15,Prague_1,5788.02,3.5800000000000005,1,0,,Sunday,0
3616,2023/10/16,Prague_1,5690.79,3.5800000000000005,1,0,,Monday,0
3616,2023/10/17,Prague_1,6409.41,3.5800000000000005,1,0,,Tuesday,0
3616,2023/10/18,Prague_1,7374.150000000001,3.5800000000000005,1,0,,Wednesday,0
3616,2023/10/19,Prague_1,7331.7300000000005,3.5800000000000005,1,0,,Thursday,0
3616,2023/10/20,Prague_1,10136.35,3.5800000000000005,1,0,,Friday,0
3616,2023/10/21,Prague_1,8670.62,3.5800000000000005,0.9799999999999999,0,,Saturday,0
3616,2023/10/22,Prague_1,8106,3.5800000000000005,1,0,,Sunday,0
3616,2023/10/23,Prague_1,6935.04,3.5800000000000005,1,1,Memorial day of the 1956 Revolution,Monday,0
3616,2023/10/24,Prague_1,6048.63,3.5800000000000005,1,0,,Tuesday,0
3616,2023/10/25,Prague_1,7824.74,3.5800000000000005,1,0,,Wednesday,0
3616,2023/10/26,Prague_1,7949.339999999999,3.5800000000000005,0.88,0,,Thursday,0
3616,2023/10/27,Prague_1,8688.26,3.5800000000000005,1,0,,Friday,0
3616,2023/10/28,Prague_1,11077.29,3.5800000000000005,1,1,Den vzniku samostatneho ceskoslovenskeho statu,Saturday,0
3616,2023/10/29,Prague_1,8963.01,3.5800000000000005,1,0,,Sunday,0
3616,2023/10/30,Prague_1,6897.240000000001,3.5800000000000005,1,0,,Monday,0
3616,2023/10/31,Prague_1,7379.33,3.5800000000000005,1,1,Reformation Day,Tuesday,0
3616,2023/11/1,Prague_1,7718.0599999999995,3.5800000000000005,1,1,All Saints Day,Wednesday,0
3616,2023/11/2,Prague_1,7840.7699999999995,3.5800000000000005,1,0,,Thursday,0
3616,2023/11/3,Prague_1,10018.4,3.5800000000000005,1,0,,Friday,0
3616,2023/11/4,Prague_1,7881.370000000001,3.5800000000000005,1,0,,Saturday,0
3616,2023/11/5,Prague_1,7869.120000000001,3.5800000000000005,1,0,,Sunday,0
3616,2023/11/6,Prague_1,7847.5599999999995,3.5800000000000005,1,0,,Monday,0
3616,2023/11/7,Prague_1,6209.07,3.5800000000000005,1,0,,Tuesday,0
3616,2023/11/8,Prague_1,7163.03,3.5800000000000005,1,0,,Wednesday,0
3616,2023/11/9,Prague_1,7344.75,3.5800000000000005,1,0,,Thursday,0
3616,2023/11/10,Prague_1,10972.29,3.5800000000000005,0.95,0,,Friday,0
3616,2023/11/11,Prague_1,7262.43,3.5800000000000005,1,0,,Saturday,0
3616,2023/11/12,Prague_1,8736.699999999999,3.5800000000000005,0.89,0,,Sunday,0
3616,2023/11/13,Prague_1,7384.370000000001,3.5800000000000005,1,0,,Monday,0
3616,2023/11/14,Prague_1,7809.339999999999,3.5800000000000005,1,0,,Tuesday,0
3616,2023/11/15,Prague_1,8301.16,3.5800000000000005,1,0,,Wednesday,0
3616,2023/11/16,Prague_1,9007.18,3.5800000000000005,1,0,,Thursday,0
3616,2023/11/17,Prague_1,8806.91,3.5800000000000005,0.9799999999999999,1,Den boje za svobodu a demokracii,Friday,0
3616,2023/11/18,Prague_1,5849.27,3.5800000000000005,1,0,,Saturday,0
3616,2023/11/19,Prague_1,8185.9400000000005,3.5800000000000005,1,0,,Sunday,0
3616,2023/11/20,Prague_1,7537.25,3.5800000000000005,1,0,,Monday,0
3616,2023/11/21,Prague_1,8036.28,3.5800000000000005,1,0,,Tuesday,0
3616,2023/11/22,Prague_1,6748.42,3.5800000000000005,1,0,,Wednesday,0
3616,2023/11/23,Prague_1,9067.31,3.5800000000000005,1,0,,Thursday,0
3616,2023/11/24,Prague_1,10441.76,3.5800000000000005,1,0,,Friday,0
3616,2023/11/25,Prague_1,9429.56,3.5800000000000005,0.9400000000000001,0,,Saturday,0
3616,2023/11/26,Prague_1,10029.11,3.5800000000000005,1,0,,Sunday,0
3616,2023/11/27,Prague_1,8609.720000000001,3.5800000000000005,0.64,0,,Monday,0
3616,2023/11/28,Prague_1,5648.44,3.5800000000000005,1,0,,Tuesday,0
3616,2023/11/29,Prague_1,7573.300000000001,3.5800000000000005,0.86,0,,Wednesday,0
3616,2023/11/30,Prague_1,6667.990000000001,3.5800000000000005,0.91,0,,Thursday,0
3616,2023/12/1,Prague_1,8915.34,3.5800000000000005,1,0,,Friday,0
3616,2023/12/2,Prague_1,10349.220000000001,3.5800000000000005,0.92,0,,Saturday,0
3616,2023/12/3,Prague_1,9130.1,3.5800000000000005,1,0,,Sunday,0
3616,2023/12/4,Prague_1,5894.91,3.5800000000000005,1,0,,Monday,0
3616,2023/12/5,Prague_1,7314.650000000001,3.5800000000000005,0.89,0,,Tuesday,0
3616,2023/12/6,Prague_1,5861.94,3.5800000000000005,1,0,,Wednesday,0
3616,2023/12/7,Prague_1,7125.650000000001,3.5800000000000005,0.95,0,,Thursday,0
3616,2023/12/8,Prague_1,9646.42,3.5800000000000005,1,0,,Friday,0
3616,2023/12/9,Prague_1,9906.33,3.5800000000000005,1,0,,Saturday,0
3616,2023/12/10,Prague_1,6743.87,3.5800000000000005,1,0,,Sunday,0
3616,2023/12/11,Prague_1,7875.629999999999,3.5800000000000005,0.86,0,,Monday,0
3616,2023/12/12,Prague_1,6068.79,3.5800000000000005,1,0,,Tuesday,0
3616,2023/12/13,Prague_1,5832.54,3.5800000000000005,1,0,,Wednesday,0
3616,2023/12/14,Prague_1,8384.67,3.5800000000000005,0.8,0,,Thursday,0
3616,2023/12/15,Prague_1,10187.519999999999,3.5800000000000005,1,0,,Friday,0
3616,2023/12/16,Prague_1,9077.11,3.5800000000000005,1,0,,Saturday,0
3616,2023/12/17,Prague_1,7980.139999999999,3.5800000000000005,1,0,,Sunday,0
3616,2023/12/18,Prague_1,7630.5599999999995,3.5800000000000005,1,0,,Monday,0
3616,2023/12/19,Prague_1,7057.33,3.5800000000000005,1,0,,Tuesday,0
3616,2023/12/20,Prague_1,8099.699999999999,3.5800000000000005,1,0,,Wednesday,0
3616,2023/12/21,Prague_1,10350.83,3.5800000000000005,0.88,0,,Thursday,0
3616,2023/12/22,Prague_1,15843.449999999999,3.5800000000000005,1,0,,Friday,0
3616,2023/12/23,Prague_1,14055.300000000001,3.5800000000000005,0.91,0,,Saturday,0
3616,2023/12/24,Prague_1,5715.71,3.5800000000000005,0.93,1,Christmas Eve,Sunday,0
3616,2023/12/26,Prague_1,6471.57,3.5800000000000005,1,1,2nd Christmas Day,Tuesday,0
3616,2023/12/27,Prague_1,6156.5,3.5800000000000005,0.95,0,,Wednesday,0
3616,2023/12/28,Prague_1,5857.599999999999,3.5800000000000005,0.9400000000000001,0,,Thursday,0
3616,2023/12/29,Prague_1,8201.41,3.5800000000000005,1,0,,Friday,0
3616,2023/12/30,Prague_1,11211.41,3.5800000000000005,1,0,,Saturday,0
3616,2023/12/31,Prague_1,9558.57,3.5800000000000005,1,0,,Sunday,0
3616,2024/1/1,Prague_1,5330.360000000001,3.47,1,1,New Years Day,Monday,0
3616,2024/1/2,Prague_1,7381.71,3.47,0.9400000000000001,0,,Tuesday,0
3616,2024/1/3,Prague_1,6466.740000000001,3.47,1,0,,Wednesday,0
3616,2024/1/4,Prague_1,6956.32,3.47,0.95,0,,Thursday,0
3616,2024/1/5,Prague_1,10061.730000000001,3.47,1,0,,Friday,0
3616,2024/1/6,Prague_1,8834.14,3.47,1,1,Epiphany,Saturday,0
3616,2024/1/7,Prague_1,8379.07,3.47,1,0,,Sunday,0
3616,2024/1/8,Prague_1,6120.17,3.47,1,0,,Monday,0
3616,2024/1/9,Prague_1,7223.2300000000005,3.47,1,0,,Tuesday,0
3616,2024/1/10,Prague_1,7371.839999999999,3.47,1,0,,Wednesday,0
3616,2024/1/11,Prague_1,7834.610000000001,3.47,1,0,,Thursday,0
3616,2024/1/12,Prague_1,9564.31,3.47,1,0,,Friday,0
3616,2024/1/13,Prague_1,8259.16,3.47,1,0,,Saturday,0
3616,2024/1/14,Prague_1,8262.029999999999,3.47,0.92,0,,Sunday,0
3616,2024/1/15,Prague_1,7414.54,3.69,1,0,,Monday,0
3616,2024/1/16,Prague_1,7054.53,3.69,1,0,,Tuesday,0
3616,2024/1/17,Prague_1,6483.400000000001,3.69,1,0,,Wednesday,0
3616,2024/1/18,Prague_1,7925.26,3.69,1,0,,Thursday,0
3616,2024/1/19,Prague_1,10004.33,3.69,0.92,0,,Friday,0
3616,2024/1/20,Prague_1,8207.64,3.69,1,0,,Saturday,0
3616,2024/1/21,Prague_1,7917.629999999999,3.69,1,0,,Sunday,0
3616,2024/1/22,Prague_1,7037.94,3.69,1,0,,Monday,0
3616,2024/1/23,Prague_1,8486.519999999999,3.69,0.88,0,,Tuesday,0
3616,2024/1/24,Prague_1,7859.389999999999,3.69,0.96,0,,Wednesday,0
3616,2024/1/25,Prague_1,7605.08,3.69,1,0,,Thursday,0
3616,2024/1/26,Prague_1,10593.17,3.69,0.83,0,,Friday,0
3616,2024/1/27,Prague_1,8186.5,3.69,1,0,,Saturday,0
3616,2024/1/28,Prague_1,7976.99,3.69,0.9799999999999999,0,,Sunday,0
3616,2024/1/29,Prague_1,8148.629999999999,3.69,0.91,0,,Monday,0
3616,2024/1/30,Prague_1,8421.07,3.69,0.89,0,,Tuesday,0
3616,2024/1/31,Prague_1,7612.150000000001,3.69,0.9799999999999999,0,,Wednesday,0
3616,2024/2/1,Prague_1,8803.34,3.69,0.9799999999999999,0,Memorial Day of the Republic,Thursday,0
3616,2024/2/2,Prague_1,10320.66,3.69,1,0,,Friday,0
3616,2024/2/3,Prague_1,10104.92,3.69,0.92,0,,Saturday,0
3616,2024/2/4,Prague_1,7647.01,3.69,1,0,,Sunday,0
3616,2024/2/5,Prague_1,8269.1,3.69,0.91,0,,Monday,0
3616,2024/2/6,Prague_1,8569.82,3.69,0.85,0,,Tuesday,0
3616,2024/2/7,Prague_1,7902.089999999999,3.69,1,0,,Wednesday,0
3616,2024/2/8,Prague_1,8572.41,3.69,1,0,,Thursday,0
3616,2024/2/9,Prague_1,11130.35,3.69,1,0,,Friday,0
3616,2024/2/10,Prague_1,8509.970000000001,3.69,1,0,,Saturday,0
3616,2024/2/11,Prague_1,7536.97,3.69,1,0,,Sunday,0
3616,2024/2/12,Prague_1,6769.07,3.69,1,0,,Monday,0
3616,2024/2/13,Prague_1,7132.23,3.69,1,0,,Tuesday,0
3616,2024/2/14,Prague_1,8152.620000000001,3.69,1,0,,Wednesday,0
3616,2024/2/15,Prague_1,7191.7300000000005,3.69,1,0,,Thursday,0
3616,2024/2/16,Prague_1,10294.13,3.69,0.97,0,,Friday,0
3616,2024/2/17,Prague_1,8330.84,3.69,1,0,,Saturday,0
3616,2024/2/18,Prague_1,10352.300000000001,3.69,0.8099999999999999,0,,Sunday,0
3616,2024/2/19,Prague_1,6398.42,3.69,1,0,,Monday,0
3616,2024/2/20,Prague_1,9259.949999999999,3.69,0.79,0,,Tuesday,0
3616,2024/2/21,Prague_1,6375.599999999999,3.69,1,0,,Wednesday,0
3616,2024/2/22,Prague_1,7553.7699999999995,3.69,0.99,0,,Thursday,0
3616,2024/2/23,Prague_1,9924.18,3.69,1,0,,Friday,0
3616,2024/2/24,Prague_1,8529.57,3.69,1,0,,Saturday,0
3616,2024/2/25,Prague_1,8060.5,3.69,1,0,Memorial Day for the Victims of the Communist Dictatorships,Sunday,0
3616,2024/2/26,Prague_1,5873.98,3.69,1,0,,Monday,0
3616,2024/2/27,Prague_1,6764.66,3.69,1,0,,Tuesday,0
3616,2024/2/28,Prague_1,5560.240000000001,3.69,1,0,,Wednesday,0
3616,2024/2/29,Prague_1,9990.050000000001,3.69,0.78,0,,Thursday,0
3616,2024/3/1,Prague_1,9658.25,3.69,1,0,,Friday,0
3616,2024/3/2,Prague_1,8127.21,3.69,1,0,,Saturday,0
3616,2024/3/3,Prague_1,8862,3.69,1,0,,Sunday,0
3616,2024/3/4,Prague_1,7152.46,3.69,1,0,,Monday,0
3616,2024/3/5,Prague_1,6942.740000000001,3.69,1,0,,Tuesday,0
3616,2024/3/6,Prague_1,7199.29,3.69,1,0,,Wednesday,0
3616,2024/3/7,Prague_1,7381.71,3.69,1,0,,Thursday,0
3616,2024/3/8,Prague_1,10189.34,3.69,0.9400000000000001,0,International womens day,Friday,0
3616,2024/3/9,Prague_1,7992.46,3.69,1,0,,Saturday,0
3616,2024/3/10,Prague_1,7910.9800000000005,3.69,1,0,,Sunday,0
3616,2024/3/11,Prague_1,7283.01,3.69,1,0,,Monday,0
3616,2024/3/12,Prague_1,6096.44,3.69,1,0,,Tuesday,0
3616,2024/3/13,Prague_1,8677.76,3.69,0.84,0,,Wednesday,0
3616,2024/3/14,Prague_1,7529.97,3.69,1,0,,Thursday,0
3616,2024/3/15,Prague_1,9435.230000000001,3.69,1,1,Memorial Day for the Victims of the Holocaust,Friday,0
3616,2024/3/16,Prague_1,9467.15,3.69,0.67,0,,Saturday,0
3616,2024/3/17,Prague_1,7513.660000000001,3.69,1,0,,Sunday,0
3616,2024/3/18,Prague_1,6412.21,3.69,1,0,,Monday,0
3616,2024/3/19,Prague_1,7299.25,3.69,0.9799999999999999,0,,Tuesday,0
3616,2024/3/20,Prague_1,6214.53,3.69,1,0,,Wednesday,0
3616,2024/3/21,Prague_1,8044.54,3.69,1,0,,Thursday,0
3616,2024/3/22,Prague_1,10097.92,3.69,1,0,,Friday,0
3616,2024/3/23,Prague_1,9243.220000000001,3.69,0.82,0,,Saturday,0
3616,2024/3/24,Prague_1,7532.910000000001,3.69,1,0,,Sunday,0
3616,2024/3/25,Prague_1,6469.12,3.69,1,0,,Monday,0
3616,2024/3/26,Prague_1,7703.99,3.69,0.95,0,,Tuesday,0
3616,2024/3/27,Prague_1,9937.480000000001,3.69,0.9,0,,Wednesday,0
3616,2024/3/28,Prague_1,15090.320000000002,3.69,0.86,0,,Thursday,0
3616,2024/3/29,Prague_1,14732.83,3.69,0.84,1,Good Friday,Friday,0
3616,2024/3/30,Prague_1,9147.529999999999,3.69,0.78,1,,Saturday,0
3616,2024/3/31,Prague_1,8858.57,3.69,0.8,1,,Sunday,0
3616,2024/4/1,Prague_1,6557.599999999999,3.69,1,1,Easter Monday,Monday,0
3616,2024/4/2,Prague_1,7492.24,4.36,0.99,0,,Tuesday,0
3616,2024/4/3,Prague_1,5336.73,4.36,0.95,0,,Wednesday,0
3616,2024/4/4,Prague_1,6415.009999999999,4.36,1,0,,Thursday,0
3616,2024/4/5,Prague_1,11400.13,4.36,0.76,0,,Friday,0.6174
3616,2024/4/6,Prague_1,10395.56,4.36,0.8,0,,Saturday,1.4000000000000001
3616,2024/4/7,Prague_1,8721.300000000001,4.36,0.78,0,,Sunday,1.4000000000000001
3616,2024/4/8,Prague_1,9401.21,4.36,0.72,0,,Monday,1.4000000000000001
3616,2024/4/9,Prague_1,9832.06,4.36,0.74,0,,Tuesday,0.86954
3616,2024/4/10,Prague_1,7186.900000000001,4.36,1,0,,Wednesday,0
3616,2024/4/11,Prague_1,8109.849999999999,4.36,1,0,,Thursday,0
3616,2024/4/12,Prague_1,10099.39,4.36,1,0,,Friday,0
3616,2024/4/13,Prague_1,9345.21,4.36,0.88,0,,Saturday,0
3616,2024/4/14,Prague_1,7878.08,4.36,0.9799999999999999,0,,Sunday,0
3616,2024/4/15,Prague_1,6964.02,4.36,0.9,0,,Monday,0
3616,2024/4/16,Prague_1,5903.03,4.36,1,0,Memorial Day for the Victims of the Holocaust,Tuesday,0
3616,2024/4/17,Prague_1,6377.98,4.36,1,0,,Wednesday,0
3616,2024/4/18,Prague_1,6856.849999999999,4.36,1,0,,Thursday,0
3616,2024/4/19,Prague_1,9922.779999999999,4.36,1,0,,Friday,0
3616,2024/4/20,Prague_1,8901.06,4.36,0.9400000000000001,0,,Saturday,0
3616,2024/4/21,Prague_1,5608.96,4.36,1,0,,Sunday,0
3616,2024/4/22,Prague_1,7594.58,4.36,1,0,,Monday,0
3616,2024/4/23,Prague_1,6955.759999999999,4.36,1,0,,Tuesday,0
3616,2024/4/24,Prague_1,6331.43,4.36,0.9400000000000001,0,,Wednesday,0
3616,2024/4/25,Prague_1,7121.94,4.36,1,0,,Thursday,0
3616,2024/4/26,Prague_1,7676.339999999999,4.36,1,0,,Friday,0
3616,2024/4/27,Prague_1,7941.57,4.36,0.95,0,,Saturday,0
3616,2024/4/28,Prague_1,7309.120000000001,4.36,1,0,,Sunday,0
3616,2024/4/29,Prague_1,6985.23,4.36,1,0,,Monday,0
3616,2024/4/30,Prague_1,8036,4.36,0.96,0,,Tuesday,0
3616,2024/5/1,Prague_1,6627.53,4.36,0.95,1,Labour Day,Wednesday,0
3616,2024/5/2,Prague_1,5617.990000000001,4.36,1,0,,Thursday,0
3616,2024/5/3,Prague_1,9028.529999999999,4.36,0.95,0,,Friday,0
3616,2024/5/4,Prague_1,4928,4.36,1,0,,Saturday,0
3616,2024/5/5,Prague_1,6932.38,4.36,0.89,0,,Sunday,0
3616,2024/5/6,Prague_1,4547.48,4.36,0.84,0,,Monday,0
3616,2024/5/7,Prague_1,10293.5,4.36,0.96,0,,Tuesday,0
3616,2024/5/8,Prague_1,8562.61,4.36,0.87,1,Den osvobozeni,Wednesday,0
3616,2024/5/9,Prague_1,5847.59,4.36,1,1,Ascension day,Thursday,0
3616,2024/5/10,Prague_1,8019.97,4.36,1,0,,Friday,0
3616,2024/5/11,Prague_1,6790.7,4.36,0.93,0,,Saturday,0
3616,2024/5/12,Prague_1,6717.69,4.36,1,0,,Sunday,0
3616,2024/5/13,Prague_1,7151.97,4.36,0.8,0,,Monday,0
3616,2024/5/14,Prague_1,5972.259999999999,4.36,1,0,,Tuesday,0
3616,2024/5/15,Prague_1,7721.7699999999995,4.36,0.78,0,,Wednesday,0
3616,2024/5/16,Prague_1,10095.33,4.36,0.7299999999999999,0,,Thursday,0
3616,2024/5/17,Prague_1,9269.26,4.36,1,0,,Friday,0
3616,2024/5/18,Prague_1,8111.32,4.36,1,0,,Saturday,0
3616,2024/5/19,Prague_1,5261.69,4.36,1,1,Whit sunday,Sunday,0
3616,2024/5/20,Prague_1,5866.7,4.36,1,1,Whit monday,Monday,0
3616,2024/5/21,Prague_1,6966.889999999999,4.36,0.9799999999999999,0,National Defense Day,Tuesday,0
3616,2024/5/22,Prague_1,6723.43,4.36,1,0,,Wednesday,0
3616,2024/5/23,Prague_1,7336.629999999999,4.36,0.95,0,,Thursday,0
3616,2024/5/24,Prague_1,9557.17,4.36,0.75,0,,Friday,0
3616,2024/5/25,Prague_1,6230.91,4.36,0.96,0,,Saturday,0
3616,2024/5/26,Prague_1,6361.18,4.36,1,0,,Sunday,0
3616,2024/5/27,Prague_1,6274.31,4.36,1,0,,Monday,0
3616,2024/5/28,Prague_1,7058.03,4.36,1,0,,Tuesday,0
3616,2024/5/29,Prague_1,7906.43,4.36,0.79,0,,Wednesday,0
3616,2024/5/30,Prague_1,6579.09,4.36,1,1,Corpus Christi,Thursday,0
3616,2024/5/31,Prague_1,9516.85,4.36,0.84,0,,Friday,0
3616,2024/6/1,Prague_1,8048.879999999999,4.36,0.8,0,,Saturday,0
3616,2024/6/2,Prague_1,4882.29,4.36,1,0,,Sunday,0
4228,2020/8/1,Prague_1,6199.900000000001,11.959999999999999,1,0,,Saturday,2.17056
4228,2020/8/2,Prague_1,8407,11.959999999999999,1,0,,Sunday,2.17056
4228,2020/8/3,Prague_1,4228.84,11.959999999999999,1,0,,Monday,0
4228,2020/8/4,Prague_1,3208.8700000000003,11.959999999999999,1,0,,Tuesday,0
4228,2020/8/5,Prague_1,3098.6200000000003,11.959999999999999,1,0,,Wednesday,0
4228,2020/8/6,Prague_1,3724.91,11.959999999999999,1,0,,Thursday,0
4228,2020/8/7,Prague_1,3885,11.959999999999999,1,0,,Friday,0
4228,2020/8/8,Prague_1,4450.88,11.959999999999999,1,1,Peace Festival in Augsburg,Saturday,0
4228,2020/8/9,Prague_1,4480.21,11.959999999999999,1,0,,Sunday,0
4228,2020/8/10,Prague_1,4350.43,11.959999999999999,1,0,,Monday,0
4228,2020/8/11,Prague_1,3446.4500000000003,11.959999999999999,1,0,,Tuesday,0
4228,2020/8/12,Prague_1,3069.92,11.959999999999999,0.62,0,,Wednesday,0
4228,2020/8/13,Prague_1,4103.19,11.959999999999999,1,0,,Thursday,0
4228,2020/8/14,Prague_1,4256.7,11.959999999999999,1,0,,Friday,0
4228,2020/8/15,Prague_1,3009.3700000000003,11.959999999999999,1,1,Assumption of the Virgin Mary,Saturday,0
4228,2020/8/16,Prague_1,4323.900000000001,11.959999999999999,1,0,,Sunday,0
4228,2020/8/17,Prague_1,3518.48,11.959999999999999,1,0,,Monday,0
4228,2020/8/18,Prague_1,3318.6299999999997,11.959999999999999,1,0,,Tuesday,0
4228,2020/8/19,Prague_1,3363.64,11.959999999999999,1,0,,Wednesday,0
4228,2020/8/20,Prague_1,3683.4000000000005,11.959999999999999,1,1,State Foundation Day,Thursday,0
4228,2020/8/21,Prague_1,3826.62,11.959999999999999,1,1,Hungary National Day Holiday,Friday,0
4228,2020/8/22,Prague_1,3282.65,11.959999999999999,1,0,,Saturday,0
4228,2020/8/23,Prague_1,4230.31,11.959999999999999,1,0,,Sunday,0
4228,2020/8/24,Prague_1,4083.9399999999996,11.959999999999999,1,0,,Monday,0
4228,2020/8/25,Prague_1,3496.5699999999997,11.959999999999999,1,0,,Tuesday,0
4228,2020/8/26,Prague_1,2968.7000000000003,11.959999999999999,1,0,,Wednesday,0
4228,2020/8/27,Prague_1,3659.5299999999997,11.959999999999999,1,0,,Thursday,0
4228,2020/8/28,Prague_1,3958.71,11.959999999999999,0.93,0,,Friday,0
4228,2020/8/29,Prague_1,4254.110000000001,11.959999999999999,1,0,,Saturday,0
4228,2020/8/30,Prague_1,4038.02,11.959999999999999,1,0,,Sunday,0
4228,2020/8/31,Prague_1,4125.099999999999,11.959999999999999,1,0,,Monday,0
4228,2020/9/1,Prague_1,3038.84,11.959999999999999,1,0,,Tuesday,0
4228,2020/9/2,Prague_1,4193.139999999999,11.959999999999999,0.64,0,,Wednesday,0
4228,2020/9/3,Prague_1,3282.44,11.959999999999999,1,0,,Thursday,0
4228,2020/9/4,Prague_1,3934.7000000000003,11.959999999999999,1,0,,Friday,0
4228,2020/9/5,Prague_1,4224.08,11.959999999999999,1,0,,Saturday,0
4228,2020/9/6,Prague_1,3762.5,11.959999999999999,1,0,,Sunday,0
4228,2020/9/7,Prague_1,4311.16,11.959999999999999,1,0,,Monday,0
4228,2020/9/8,Prague_1,3555.2999999999997,11.959999999999999,1,0,,Tuesday,0
4228,2020/9/9,Prague_1,3717.98,11.959999999999999,1,0,,Wednesday,0
4228,2020/9/10,Prague_1,4408.32,11.959999999999999,1,0,,Thursday,0
4228,2020/9/11,Prague_1,4336.29,11.959999999999999,1,0,,Friday,0
4228,2020/9/12,Prague_1,3974.3199999999997,10.11,0.7700000000000001,0,,Saturday,0
4228,2020/9/13,Prague_1,4318.509999999999,10.11,1,0,,Sunday,0
4228,2020/9/14,Prague_1,4318.72,10.11,1,0,,Monday,0
4228,2020/9/15,Prague_1,4392.92,10.11,1,0,,Tuesday,0
4228,2020/9/16,Prague_1,4443.389999999999,10.11,1,0,,Wednesday,0
4228,2020/9/17,Prague_1,5119.8,10.11,1,0,,Thursday,0
4228,2020/9/18,Prague_1,4685.52,10.11,1,0,,Friday,0
4228,2020/9/19,Prague_1,3896.7599999999998,10.11,1,0,,Saturday,0
4228,2020/9/20,Prague_1,4145.47,10.11,1,0,,Sunday,0
4228,2020/9/21,Prague_1,4457.25,10.11,1,0,,Monday,0
4228,2020/9/22,Prague_1,3874.64,10.11,1,0,,Tuesday,0
4228,2020/9/23,Prague_1,4058.25,10.11,1,0,,Wednesday,0
4228,2020/9/24,Prague_1,4598.79,10.11,1,0,,Thursday,0
4228,2020/9/25,Prague_1,4991.84,10.11,1,0,,Friday,0
4228,2020/9/26,Prague_1,4661.509999999999,10.11,1,0,,Saturday,0
4228,2020/9/27,Prague_1,3922.87,10.11,1,0,,Sunday,0
4228,2020/9/28,Prague_1,9400.720000000001,10.11,1,1,Den ceske statnosti,Monday,1.28443
4228,2020/9/29,Prague_1,9712.5,10.11,1,0,,Tuesday,1.28443
4228,2020/9/30,Prague_1,7778.120000000001,10.11,1,0,,Wednesday,1.28443
4228,2020/10/1,Prague_1,8461.11,10.11,1,0,,Thursday,1.28443
4228,2020/10/2,Prague_1,8177.33,10.11,1,0,,Friday,1.28443
4228,2020/10/3,Prague_1,8142.400000000001,10.11,1,1,German Unity Day,Saturday,1.28443
4228,2020/10/4,Prague_1,8282.050000000001,10.11,1,0,,Sunday,1.28443
4228,2020/10/5,Prague_1,3712.2400000000002,10.11,0.71,0,,Monday,0
4228,2020/10/6,Prague_1,4154.29,10.11,1,0,Memorial Day for the Martyrs of Arad,Tuesday,0
4228,2020/10/7,Prague_1,4531.099999999999,10.11,1,0,,Wednesday,0
4228,2020/10/8,Prague_1,4376.12,10.11,0.74,0,,Thursday,0
4228,2020/10/9,Prague_1,5331.41,10.11,0.7,0,,Friday,0
4228,2020/10/10,Prague_1,5945.45,10.11,1,0,,Saturday,0
4228,2020/10/11,Prague_1,5228.79,10.11,1,0,,Sunday,0
4228,2020/10/12,Prague_1,5983.389999999999,10.11,1,0,,Monday,0
4228,2020/10/13,Prague_1,4995.97,10.11,1,0,,Tuesday,0
4228,2020/10/14,Prague_1,5547.29,10.11,1,0,,Wednesday,0
4228,2020/10/15,Prague_1,6612.13,10.11,1,0,,Thursday,0
4228,2020/10/16,Prague_1,4610.48,10.11,1,0,,Friday,0
4228,2020/10/17,Prague_1,4227.509999999999,10.11,1,0,,Saturday,0
4228,2020/10/18,Prague_1,3798.41,10.11,1,0,,Sunday,0
4228,2020/10/19,Prague_1,4519.55,10.11,1,0,,Monday,0
4228,2020/10/20,Prague_1,4159.75,10.11,1,0,,Tuesday,0
4228,2020/10/21,Prague_1,6475.07,10.11,1,0,,Wednesday,0
4228,2020/10/22,Prague_1,5191.48,10.11,1,0,,Thursday,0
4228,2020/10/23,Prague_1,4542.44,10.11,1,1,Memorial day of the 1956 Revolution,Friday,0
4228,2020/10/24,Prague_1,4026.0499999999997,10.11,1,0,,Saturday,0
4228,2020/10/25,Prague_1,4438.349999999999,10.11,1,0,,Sunday,0
4228,2020/10/26,Prague_1,5997.53,11.040000000000001,1,0,,Monday,0
4228,2020/10/27,Prague_1,5568.43,11.040000000000001,1,0,,Tuesday,0
4228,2020/10/28,Prague_1,4816.63,11.040000000000001,1,1,Den vzniku samostatneho ceskoslovenskeho statu,Wednesday,0
4228,2020/10/29,Prague_1,5112.87,11.040000000000001,1,0,,Thursday,0
4228,2020/10/30,Prague_1,4160.94,11.040000000000001,1,0,,Friday,0
4228,2020/10/31,Prague_1,4164.09,11.040000000000001,1,1,Reformation Day,Saturday,0
4228,2020/11/1,Prague_1,5831.349999999999,11.040000000000001,1,1,All Saints Day,Sunday,0
4228,2020/11/2,Prague_1,5365.22,11.040000000000001,1,0,,Monday,0
4228,2020/11/3,Prague_1,5168.52,11.040000000000001,0.27,0,,Tuesday,0
4228,2020/11/4,Prague_1,5670.28,13.81,1,0,,Wednesday,0
4228,2020/11/5,Prague_1,5854.52,11.040000000000001,1,0,,Thursday,0
4228,2020/11/6,Prague_1,4496.31,11.040000000000001,1,0,,Friday,0
4228,2020/11/7,Prague_1,3606.89,11.040000000000001,0.55,0,,Saturday,0
4228,2020/11/8,Prague_1,4101.23,11.040000000000001,1,0,,Sunday,0
4228,2020/11/9,Prague_1,4185.509999999999,11.040000000000001,0.57,0,,Monday,0
4228,2020/11/10,Prague_1,5111.610000000001,11.040000000000001,1,0,,Tuesday,0
4228,2020/11/11,Prague_1,4364.43,11.040000000000001,0.63,0,,Wednesday,0
4228,2020/11/12,Prague_1,4880.68,11.040000000000001,1,0,,Thursday,0
4228,2020/11/13,Prague_1,4548.53,11.040000000000001,1,0,,Friday,0
4228,2020/11/14,Prague_1,4785.83,11.040000000000001,1,0,,Saturday,0
4228,2020/11/15,Prague_1,5636.75,11.040000000000001,1,0,,Sunday,0
4228,2020/11/16,Prague_1,5311.32,11.040000000000001,1,0,,Monday,0
4228,2020/11/17,Prague_1,4671.17,11.040000000000001,1,1,Den boje za svobodu a demokracii,Tuesday,0
4228,2020/11/18,Prague_1,5712.77,11.040000000000001,1,0,,Wednesday,0
4228,2020/11/19,Prague_1,5727.610000000001,11.040000000000001,1,0,,Thursday,0
4228,2020/11/20,Prague_1,5785.639999999999,11.040000000000001,1,0,,Friday,0
4228,2020/11/21,Prague_1,4839.31,11.040000000000001,1,0,,Saturday,0
4228,2020/11/22,Prague_1,5197.43,11.040000000000001,1,0,,Sunday,0
4228,2020/11/23,Prague_1,5826.59,11.040000000000001,0.6,0,,Monday,0
4228,2020/11/24,Prague_1,5215.77,11.040000000000001,0.9400000000000001,0,,Tuesday,0
4228,2020/11/25,Prague_1,4510.099999999999,11.040000000000001,0.78,0,,Wednesday,0
4228,2020/11/26,Prague_1,4605.650000000001,11.040000000000001,0.89,0,,Thursday,0
4228,2020/11/27,Prague_1,4474.75,11.040000000000001,1,0,,Friday,0
4228,2020/11/28,Prague_1,4676.7,11.040000000000001,1,0,,Saturday,0
4228,2020/11/29,Prague_1,4758.25,11.040000000000001,1,0,,Sunday,0
4228,2020/11/30,Prague_1,9841.300000000001,11.040000000000001,1,0,,Monday,1.7647
4228,2020/12/1,Prague_1,8777.720000000001,11.040000000000001,0.9400000000000001,0,,Tuesday,1.7647
4228,2020/12/2,Prague_1,9054.01,11.040000000000001,1,0,,Wednesday,1.7647
4228,2020/12/3,Prague_1,9479.96,11.040000000000001,1,0,,Thursday,1.7647
4228,2020/12/4,Prague_1,8885.1,11.040000000000001,1,0,,Friday,1.7647
4228,2020/12/5,Prague_1,7030.099999999999,11.040000000000001,1,0,,Saturday,1.7647
4228,2020/12/6,Prague_1,8008.42,11.040000000000001,1,0,,Sunday,1.7647
4228,2020/12/7,Prague_1,4395.58,11.040000000000001,1,0,,Monday,0
4228,2020/12/8,Prague_1,3559.08,11.040000000000001,1,0,,Tuesday,0
4228,2020/12/9,Prague_1,4670.400000000001,11.959999999999999,1,0,,Wednesday,0
4228,2020/12/10,Prague_1,4117.400000000001,11.959999999999999,1,0,,Thursday,0
4228,2020/12/11,Prague_1,3662.4700000000003,11.959999999999999,1,0,,Friday,0
4228,2020/12/12,Prague_1,3865.61,11.959999999999999,1,0,,Saturday,0
4228,2020/12/13,Prague_1,3609.6899999999996,11.959999999999999,1,0,,Sunday,0
4228,2020/12/14,Prague_1,3892.98,11.959999999999999,1,0,,Monday,0
4228,2020/12/15,Prague_1,3518.06,11.959999999999999,1,0,,Tuesday,0
4228,2020/12/16,Prague_1,4854.990000000001,11.959999999999999,0.2,0,,Wednesday,0
4228,2020/12/17,Prague_1,3958.9900000000002,11.959999999999999,0.84,0,,Thursday,0
4228,2020/12/18,Prague_1,4274.900000000001,11.959999999999999,1,0,,Friday,0
4228,2020/12/19,Prague_1,5018.79,11.959999999999999,1,0,,Saturday,0
4228,2020/12/20,Prague_1,4662.490000000001,11.959999999999999,1,0,,Sunday,0
4228,2020/12/21,Prague_1,5693.45,11.959999999999999,1,0,,Monday,0
4228,2020/12/22,Prague_1,4041.87,11.959999999999999,1,0,,Tuesday,0
4228,2020/12/23,Prague_1,6056.96,11.959999999999999,0.28,0,,Wednesday,0
4228,2020/12/24,Prague_1,10357.199999999999,11.959999999999999,0.02,1,Christmas Eve,Thursday,0
4228,2020/12/26,Prague_1,3038.21,11.959999999999999,0.6900000000000001,1,2nd Christmas Day,Saturday,0
4228,2020/12/27,Prague_1,4294.22,11.959999999999999,1,0,,Sunday,0
4228,2020/12/28,Prague_1,5451.95,11.959999999999999,1,0,,Monday,0
4228,2020/12/29,Prague_1,6293.84,11.959999999999999,1,0,,Tuesday,0
4228,2020/12/30,Prague_1,5649,11.959999999999999,1,0,,Wednesday,0
4228,2020/12/31,Prague_1,1999.1299999999999,11.959999999999999,1,0,,Thursday,0
4228,2021/1/1,Prague_1,2880.36,11.959999999999999,0.84,1,New Years Day,Friday,0
4228,2021/1/2,Prague_1,5931.03,11.959999999999999,0.86,0,,Saturday,0
4228,2021/1/3,Prague_1,5695.97,13.81,0.71,0,,Sunday,0
4228,2021/1/4,Prague_1,6079.92,13.81,1,0,,Monday,0
4228,2021/1/5,Prague_1,5522.09,13.81,0.9,0,,Tuesday,0
4228,2021/1/6,Prague_1,6012.509999999999,13.81,1,1,Epiphany,Wednesday,0
4228,2021/1/7,Prague_1,5830.79,13.81,1,0,,Thursday,0
4228,2021/1/8,Prague_1,5884.2,13.81,0.71,0,,Friday,0
4228,2021/1/9,Prague_1,4949.21,13.81,0.9,0,,Saturday,0
4228,2021/1/10,Prague_1,5116.23,13.81,1,0,,Sunday,0
4228,2021/1/11,Prague_1,6040.23,13.81,1,0,,Monday,0
4228,2021/1/12,Prague_1,5338.83,14.74,1,0,,Tuesday,0
4228,2021/1/13,Prague_1,5056.38,14.74,1,0,,Wednesday,0
4228,2021/1/14,Prague_1,5762.75,14.74,1,0,,Thursday,0
4228,2021/1/15,Prague_1,6214.95,14.74,1,0,,Friday,0
4228,2021/1/16,Prague_1,4872.490000000001,14.74,1,0,,Saturday,0
4228,2021/1/17,Prague_1,5379.5,14.74,1,0,,Sunday,0
4228,2021/1/18,Prague_1,5592.79,14.74,1,0,,Monday,0
4228,2021/1/19,Prague_1,4607.54,15.66,1,0,,Tuesday,0
4228,2021/1/20,Prague_1,5148.78,15.66,0.99,0,,Wednesday,0
4228,2021/1/21,Prague_1,5920.81,15.66,1,0,,Thursday,0
4228,2021/1/22,Prague_1,4985.33,15.66,1,0,,Friday,0
4228,2021/1/23,Prague_1,4460.400000000001,15.66,1,0,,Saturday,0
4228,2021/1/24,Prague_1,4683.07,15.66,1,0,,Sunday,0
4228,2021/1/25,Prague_1,4873.610000000001,16.59,1,0,,Monday,0
4228,2021/1/26,Prague_1,4920.650000000001,16.59,1,0,,Tuesday,0
4228,2021/1/27,Prague_1,4247.81,16.59,1,0,,Wednesday,0
4228,2021/1/28,Prague_1,4787.44,16.59,1,0,,Thursday,0
4228,2021/1/29,Prague_1,5542.95,16.59,1,0,,Friday,0
4228,2021/1/30,Prague_1,4308.08,16.59,1,0,,Saturday,0
4228,2021/1/31,Prague_1,4232.69,16.59,1,0,,Sunday,0
4228,2021/2/1,Prague_1,4510.240000000001,16.59,1,0,Memorial Day of the Republic,Monday,0
4228,2021/2/2,Prague_1,3934.98,16.59,1,0,,Tuesday,0
4228,2021/2/3,Prague_1,4533.97,16.59,1,0,,Wednesday,0
4228,2021/2/4,Prague_1,5028.66,16.59,1,0,,Thursday,0
4228,2021/2/5,Prague_1,5400.150000000001,16.59,1,0,,Friday,0
4228,2021/2/6,Prague_1,4395.650000000001,16.59,1,0,,Saturday,0
4228,2021/2/7,Prague_1,4774.56,16.59,1,0,,Sunday,0
4228,2021/2/8,Prague_1,5389.3,16.59,1,0,,Monday,0
4228,2021/2/9,Prague_1,4606.349999999999,16.59,1,0,,Tuesday,0
4228,2021/2/10,Prague_1,5885.46,16.59,0.72,0,,Wednesday,0
4228,2021/2/11,Prague_1,5627.16,16.59,0.58,0,,Thursday,0
4228,2021/2/12,Prague_1,5646.06,16.59,1,0,,Friday,0
4228,2021/2/13,Prague_1,4592.21,16.59,1,0,,Saturday,0
4228,2021/2/14,Prague_1,4991.28,16.59,1,0,,Sunday,0
4228,2021/2/15,Prague_1,5445.44,16.59,1,0,,Monday,0
4228,2021/2/16,Prague_1,5027.47,16.59,1,0,,Tuesday,0
4228,2021/2/17,Prague_1,4669.91,16.59,1,0,,Wednesday,0
4228,2021/2/18,Prague_1,5134.43,16.59,1,0,,Thursday,0
4228,2021/2/19,Prague_1,5521.110000000001,16.59,1,0,,Friday,0
4228,2021/2/20,Prague_1,4946.83,16.59,1,0,,Saturday,0
4228,2021/2/21,Prague_1,5095.72,16.59,1,0,,Sunday,0
4228,2021/2/22,Prague_1,5348.56,16.59,1,0,,Monday,0
4228,2021/2/23,Prague_1,4578.139999999999,16.59,1,0,,Tuesday,0
4228,2021/2/24,Prague_1,5832.610000000001,16.59,1,0,,Wednesday,0
4228,2021/2/25,Prague_1,6209.84,16.59,0.83,0,Memorial Day for the Victims of the Communist Dictatorships,Thursday,0
4228,2021/2/26,Prague_1,6700.259999999999,16.59,0.7,0,,Friday,0
4228,2021/2/27,Prague_1,5950.490000000001,16.59,0.53,0,,Saturday,0
4228,2021/2/28,Prague_1,5752.389999999999,16.59,1,0,,Sunday,0
4228,2021/3/1,Prague_1,6328.07,16.59,1,0,,Monday,0
4228,2021/3/2,Prague_1,4826.08,16.59,0.93,0,,Tuesday,0
4228,2021/3/3,Prague_1,6325.27,16.59,0.86,0,,Wednesday,0
4228,2021/3/4,Prague_1,6079.849999999999,16.59,0.82,0,,Thursday,0
4228,2021/3/5,Prague_1,5438.02,16.59,1,0,,Friday,0
4228,2021/3/6,Prague_1,4673.69,16.59,1,0,,Saturday,0
4228,2021/3/7,Prague_1,5454.19,16.59,1,0,,Sunday,0
4228,2021/3/8,Prague_1,4933.04,16.59,1,0,International womens day,Monday,0
4228,2021/3/9,Prague_1,5349.19,16.59,1,0,,Tuesday,0
4228,2021/3/10,Prague_1,5206.599999999999,16.59,0.8099999999999999,0,,Wednesday,0
4228,2021/3/11,Prague_1,5600.28,16.59,0.87,0,,Thursday,0
4228,2021/3/12,Prague_1,5992.84,16.59,1,0,,Friday,0
4228,2021/3/13,Prague_1,4208.400000000001,16.59,0.92,0,,Saturday,0
4228,2021/3/14,Prague_1,5671.96,16.59,1,0,,Sunday,0
4228,2021/3/15,Prague_1,6718.04,16.59,1,1,Memorial Day for the Victims of the Holocaust,Monday,0
4228,2021/3/16,Prague_1,5414.22,16.59,0.67,0,,Tuesday,0
4228,2021/3/17,Prague_1,6687.52,16.59,1,0,,Wednesday,0
4228,2021/3/18,Prague_1,6827.94,16.59,1,0,,Thursday,0
4228,2021/3/19,Prague_1,6145.58,16.59,1,0,,Friday,0
4228,2021/3/20,Prague_1,4922.33,16.59,1,0,,Saturday,0
4228,2021/3/21,Prague_1,6130.32,16.59,1,0,,Sunday,0
4228,2021/3/22,Prague_1,6256.18,16.59,1,0,,Monday,0
4228,2021/3/23,Prague_1,6164.55,16.59,1,0,,Tuesday,0
4228,2021/3/24,Prague_1,3738.7000000000003,16.59,1,0,,Wednesday,0
4228,2021/3/25,Prague_1,7067.83,16.59,0.7700000000000001,0,,Thursday,0
4228,2021/3/26,Prague_1,9209.34,16.59,0.02,0,,Friday,0
4228,2021/3/27,Prague_1,7108.360000000001,16.59,0.47000000000000003,0,,Saturday,0
4228,2021/3/28,Prague_1,6740.72,16.59,1,0,,Sunday,0
4228,2021/3/29,Prague_1,13166.65,16.59,1,0,,Monday,1.95531
4228,2021/3/30,Prague_1,18135.53,16.59,0.85,0,,Tuesday,1.95531
4228,2021/3/31,Prague_1,3395.6299999999997,16.59,1,0,,Wednesday,1.95531
4228,2021/4/1,Prague_1,16517.55,16.59,0.89,0,,Thursday,1.95531
4228,2021/4/2,Prague_1,9350.74,16.59,0.11,1,Good Friday,Friday,1.95531
4228,2021/4/3,Prague_1,11749.99,16.59,0.61,1,,Saturday,1.95531
4228,2021/4/4,Prague_1,9876.86,16.59,1,1,,Sunday,1.95531
4228,2021/4/5,Prague_1,7170.3099999999995,16.59,1,1,Easter Monday,Monday,0
4228,2021/4/6,Prague_1,6492.360000000001,16.59,1,0,,Tuesday,0
4228,2021/4/7,Prague_1,7192.360000000001,16.59,1,0,,Wednesday,0
4228,2021/4/8,Prague_1,6668.13,16.59,1,0,,Thursday,0
4228,2021/4/9,Prague_1,8399.51,16.59,1,0,,Friday,0
4228,2021/4/10,Prague_1,5274.29,16.59,1,0,,Saturday,0
4228,2021/4/11,Prague_1,6887.58,16.59,1,0,,Sunday,0
4228,2021/4/12,Prague_1,8082.76,16.59,1,0,,Monday,0
4228,2021/4/13,Prague_1,6458.97,16.59,1,0,,Tuesday,0
4228,2021/4/14,Prague_1,6929.37,16.59,1,0,,Wednesday,0
4228,2021/4/15,Prague_1,8277.43,16.59,0.83,0,,Thursday,0
4228,2021/4/16,Prague_1,7110.88,16.59,1,0,Memorial Day for the Victims of the Holocaust,Friday,0
4228,2021/4/17,Prague_1,4943.19,16.59,1,0,,Saturday,0
4228,2021/4/18,Prague_1,6735.19,16.59,1,0,,Sunday,0
4228,2021/4/19,Prague_1,7144.97,16.59,1,0,,Monday,0
4228,2021/4/20,Prague_1,6591.34,18.44,1,0,,Tuesday,0
4228,2021/4/21,Prague_1,7160.37,18.44,1,0,,Wednesday,0
4228,2021/4/22,Prague_1,7066.57,18.44,1,0,,Thursday,0
4228,2021/4/23,Prague_1,6325.62,18.44,1,0,,Friday,0
4228,2021/4/24,Prague_1,5476.8,18.44,1,0,,Saturday,0
4228,2021/4/25,Prague_1,6265.139999999999,18.44,1,0,,Sunday,0
4228,2021/4/26,Prague_1,7432.8099999999995,18.44,1,0,,Monday,0
4228,2021/4/27,Prague_1,7208.32,18.44,1,0,,Tuesday,0
4228,2021/4/28,Prague_1,6940.639999999999,18.44,1,0,,Wednesday,0
4228,2021/4/29,Prague_1,6750.45,18.44,0.68,0,,Thursday,0
4228,2021/4/30,Prague_1,8399.79,18.44,0.84,0,,Friday,0
4228,2021/5/1,Prague_1,6833.68,18.44,1,1,Labour Day,Saturday,0
4228,2021/5/2,Prague_1,8305.92,18.44,1,0,,Sunday,0
4228,2021/5/3,Prague_1,19987.38,18.44,1,0,,Monday,2.81407
4228,2021/5/4,Prague_1,18788.98,18.44,1,0,,Tuesday,2.81407
4228,2021/5/5,Prague_1,12972.470000000001,18.44,1,0,,Wednesday,2.81407
4228,2021/5/6,Prague_1,10042.83,18.44,1,0,,Thursday,2.81407
4228,2021/5/7,Prague_1,20452.67,18.44,1,0,,Friday,2.81407
4228,2021/5/8,Prague_1,15345.960000000001,18.44,1,1,Den osvobozeni,Saturday,2.81407
4228,2021/5/9,Prague_1,16157.539999999999,18.44,1,0,,Sunday,2.81407
4228,2021/5/10,Prague_1,9949.519999999999,18.44,0.88,0,,Monday,3.51757
4228,2021/5/11,Prague_1,9315.529999999999,18.44,0.97,0,,Tuesday,3.51757
4228,2021/5/12,Prague_1,18678.940000000002,18.44,1,0,,Wednesday,3.51757
4228,2021/5/13,Prague_1,2207.59,18.44,1,1,Ascension day,Thursday,3.51757
4228,2021/5/14,Prague_1,14581,18.44,0.87,0,,Friday,3.51757
4228,2021/5/15,Prague_1,12624.43,18.44,1,0,,Saturday,3.51757
4228,2021/5/16,Prague_1,8934.87,18.44,0.45,0,,Sunday,3.51757
4228,2021/5/17,Prague_1,10958.15,13.81,0.5,0,,Monday,0
4228,2021/5/18,Prague_1,7165.69,13.81,1,0,,Tuesday,0
4228,2021/5/19,Prague_1,4897.48,13.81,0.7700000000000001,0,,Wednesday,0
4228,2021/5/20,Prague_1,10770.199999999999,13.81,1,0,,Thursday,0
4228,2021/5/21,Prague_1,5882.8,13.81,0.97,0,National Defense Day,Friday,0
4228,2021/5/23,Prague_1,7642.67,13.81,0.83,1,Whit sunday,Sunday,0
4228,2021/5/24,Prague_1,6672.19,13.81,0.8,1,Whit monday,Monday,0
4228,2021/5/25,Prague_1,8088.150000000001,13.81,0.75,0,,Tuesday,0
4228,2021/5/26,Prague_1,7821.17,13.81,1,0,,Wednesday,0
4228,2021/5/27,Prague_1,5391.12,13.81,1,0,,Thursday,0
4228,2021/5/28,Prague_1,7519.33,13.81,0.74,0,,Friday,0
4228,2021/5/29,Prague_1,7503.4400000000005,13.81,1,0,,Saturday,0
4228,2021/5/30,Prague_1,6624.03,13.81,1,0,,Sunday,0
4228,2021/5/31,Prague_1,8528.1,13.81,1,0,,Monday,0
4228,2021/6/1,Prague_1,7555.660000000001,13.81,1,0,,Tuesday,0
4228,2021/6/2,Prague_1,7278.8099999999995,13.81,0.59,0,,Wednesday,0
4228,2021/6/3,Prague_1,9188.62,11.959999999999999,1,1,Corpus Christi,Thursday,0
4228,2021/6/4,Prague_1,6293.28,11.959999999999999,1,0,Day of National Unity,Friday,0
4228,2021/6/5,Prague_1,6876.240000000001,11.959999999999999,0.6900000000000001,0,,Saturday,0
4228,2021/6/6,Prague_1,8056.370000000001,11.959999999999999,1,0,,Sunday,0
4228,2021/6/7,Prague_1,9352.49,11.959999999999999,1,0,,Monday,0
4228,2021/6/8,Prague_1,8448.09,11.959999999999999,1,0,,Tuesday,0
4228,2021/6/9,Prague_1,8083.25,11.959999999999999,1,0,,Wednesday,0
4228,2021/6/10,Prague_1,8980.65,11.959999999999999,1,0,,Thursday,0
4228,2021/6/11,Prague_1,8105.72,11.959999999999999,1,0,,Friday,0
4228,2021/6/12,Prague_1,7208.04,11.959999999999999,1,0,,Saturday,0
4228,2021/6/13,Prague_1,7486.22,11.959999999999999,1,0,,Sunday,0
4228,2021/6/14,Prague_1,8435.56,11.959999999999999,1,0,,Monday,0
4228,2021/6/15,Prague_1,7798.7699999999995,11.959999999999999,1,0,,Tuesday,0
4228,2021/6/16,Prague_1,8253.91,11.959999999999999,1,0,,Wednesday,0
4228,2021/6/17,Prague_1,7894.18,11.959999999999999,1,0,,Thursday,0
4228,2021/6/18,Prague_1,7572.8099999999995,11.959999999999999,1,0,,Friday,0
4228,2021/6/19,Prague_1,7126.7,11.959999999999999,1,0,Independent Hungary Day,Saturday,0
4228,2021/6/20,Prague_1,7692.089999999999,11.959999999999999,1,0,,Sunday,0
4228,2021/6/21,Prague_1,16653.28,11.959999999999999,1,0,,Monday,3.25584
4228,2021/6/22,Prague_1,15382.570000000002,11.959999999999999,1,0,,Tuesday,3.25584
4228,2021/6/23,Prague_1,13780.199999999999,11.959999999999999,1,0,,Wednesday,3.25584
4228,2021/6/24,Prague_1,13446.09,11.959999999999999,1,0,,Thursday,3.25584
4228,2021/6/25,Prague_1,12284.230000000001,11.959999999999999,1,0,,Friday,3.25584
4228,2021/6/26,Prague_1,10422.65,11.959999999999999,1,0,,Saturday,3.25584
4228,2021/6/27,Prague_1,12035.519999999999,11.959999999999999,1,0,,Sunday,3.25584
4228,2021/6/28,Prague_1,6186.740000000001,11.959999999999999,1,0,,Monday,0
4228,2021/6/29,Prague_1,5211.849999999999,11.959999999999999,1,0,,Tuesday,0
4228,2021/6/30,Prague_1,5759.32,11.959999999999999,1,0,,Wednesday,0
4228,2021/7/1,Prague_1,7804.300000000001,11.959999999999999,0.32,0,,Thursday,0
4228,2021/7/2,Prague_1,7332.360000000001,11.959999999999999,0.28,0,,Friday,0
4228,2021/7/3,Prague_1,4401.25,11.959999999999999,1,0,,Saturday,0
4228,2021/7/4,Prague_1,1812.93,11.959999999999999,0.82,0,,Sunday,0
4228,2021/7/5,Prague_1,4570.79,11.959999999999999,0.63,1,Cyrila a Metodej,Monday,0
4228,2021/7/6,Prague_1,5094.740000000001,11.959999999999999,1,1,Jan Hus,Tuesday,0
4228,2021/7/7,Prague_1,3768.59,11.959999999999999,1,0,,Wednesday,0
4228,2021/7/8,Prague_1,4301.849999999999,11.959999999999999,0.62,0,,Thursday,0
4228,2021/7/9,Prague_1,6424.81,11.959999999999999,1,0,,Friday,0
4228,2021/7/10,Prague_1,6222.3,11.959999999999999,0.38,0,,Saturday,0
4228,2021/7/12,Prague_1,5572.21,11.959999999999999,0.56,0,,Monday,0
4228,2021/7/13,Prague_1,4653.389999999999,11.959999999999999,0.87,0,,Tuesday,0
4228,2021/7/14,Prague_1,3252.5499999999997,11.959999999999999,0.88,0,,Wednesday,0
4228,2021/7/15,Prague_1,5366.41,11.959999999999999,1,0,,Thursday,0
4228,2021/7/16,Prague_1,7053.759999999999,11.959999999999999,0.03,0,,Friday,0
4228,2021/7/17,Prague_1,6025.18,11.959999999999999,0.89,0,,Saturday,0
4228,2021/7/18,Prague_1,4841.41,11.959999999999999,1,0,,Sunday,0
4228,2021/7/19,Prague_1,4349.240000000001,11.959999999999999,0.79,0,,Monday,0
4228,2021/7/21,Prague_1,5432.07,11.959999999999999,0.62,0,,Wednesday,0
4228,2021/7/22,Prague_1,2628.22,11.959999999999999,1,0,,Thursday,0
4228,2021/7/23,Prague_1,7266.07,11.959999999999999,0.03,0,,Friday,0
4228,2021/7/26,Prague_1,4525.990000000001,11.959999999999999,0.55,0,,Monday,0
4228,2021/7/27,Prague_1,5207.09,11.959999999999999,0.62,0,,Tuesday,0
4228,2021/7/28,Prague_1,4756.5,11.959999999999999,1,0,,Wednesday,0
4228,2021/7/29,Prague_1,5512.22,11.959999999999999,1,0,,Thursday,0
4228,2021/7/30,Prague_1,4951.94,11.959999999999999,1,0,,Friday,0
4228,2021/7/31,Prague_1,4421.62,11.959999999999999,1,0,,Saturday,0
4228,2021/8/1,Prague_1,5671.47,11.959999999999999,1,0,,Sunday,0
4228,2021/8/2,Prague_1,5292.84,11.959999999999999,1,0,,Monday,0
4228,2021/8/3,Prague_1,4481.05,11.959999999999999,1,0,,Tuesday,0
4228,2021/8/4,Prague_1,4413.08,11.959999999999999,1,0,,Wednesday,0
4228,2021/8/5,Prague_1,4665.57,11.959999999999999,1,0,,Thursday,0
4228,2021/8/6,Prague_1,4866.259999999999,11.959999999999999,1,0,,Friday,0
4228,2021/8/7,Prague_1,3860.8499999999995,11.959999999999999,1,0,,Saturday,0
4228,2021/8/8,Prague_1,4768.68,11.959999999999999,1,1,Peace Festival in Augsburg,Sunday,0
4228,2021/8/9,Prague_1,4847.57,11.959999999999999,1,0,,Monday,0
4228,2021/8/10,Prague_1,3994.2000000000003,11.959999999999999,1,0,,Tuesday,0
4228,2021/8/11,Prague_1,4082.75,11.959999999999999,1,0,,Wednesday,0
4228,2021/8/12,Prague_1,4989.88,11.959999999999999,1,0,,Thursday,0
4228,2021/8/13,Prague_1,3530.59,11.040000000000001,0.53,0,,Friday,0
4228,2021/8/14,Prague_1,5436.06,11.040000000000001,0.06,0,,Saturday,0
4228,2021/8/16,Prague_1,4546.71,11.040000000000001,0.78,0,,Monday,0
4228,2021/8/17,Prague_1,3786.2999999999997,11.040000000000001,0.75,0,,Tuesday,0
4228,2021/8/18,Prague_1,4326.77,11.040000000000001,0.42,0,,Wednesday,0
4228,2021/8/19,Prague_1,4807.67,11.040000000000001,1,0,,Thursday,0
4228,2021/8/20,Prague_1,4845.19,11.040000000000001,1,1,State Foundation Day,Friday,0
4228,2021/8/21,Prague_1,4220.3,11.040000000000001,0.78,0,,Saturday,0
4228,2021/8/22,Prague_1,4899.58,11.040000000000001,1,0,,Sunday,0
4228,2021/8/23,Prague_1,5336.099999999999,11.040000000000001,1,0,,Monday,0
4228,2021/8/24,Prague_1,4476.639999999999,11.040000000000001,1,0,,Tuesday,0
4228,2021/8/25,Prague_1,4000.9900000000002,11.040000000000001,1,0,,Wednesday,0
4228,2021/8/26,Prague_1,5381.25,11.040000000000001,1,0,,Thursday,0
4228,2021/8/27,Prague_1,4899.09,11.040000000000001,1,0,,Friday,0
4228,2021/8/28,Prague_1,4709.04,11.040000000000001,1,0,,Saturday,0
4228,2021/8/29,Prague_1,5337.08,11.040000000000001,1,0,,Sunday,0
4228,2021/8/30,Prague_1,5571.860000000001,11.040000000000001,1,0,,Monday,0
4228,2021/8/31,Prague_1,4914.77,11.040000000000001,1,0,,Tuesday,0
4228,2021/9/1,Prague_1,4764.97,11.040000000000001,1,0,,Wednesday,0
4228,2021/9/2,Prague_1,4923.59,11.040000000000001,1,0,,Thursday,0
4228,2021/9/3,Prague_1,5777.66,11.040000000000001,1,0,,Friday,0
4228,2021/9/4,Prague_1,4805.29,11.040000000000001,1,0,,Saturday,0
4228,2021/9/5,Prague_1,5469.94,11.040000000000001,1,0,,Sunday,0
4228,2021/9/6,Prague_1,5789.63,11.040000000000001,1,0,,Monday,0
4228,2021/9/7,Prague_1,4540.13,11.040000000000001,1,0,,Tuesday,0
4228,2021/9/8,Prague_1,4983.44,11.040000000000001,1,0,,Wednesday,0
4228,2021/9/9,Prague_1,5301.099999999999,11.040000000000001,1,0,,Thursday,0
4228,2021/9/10,Prague_1,5266.87,11.040000000000001,1,0,,Friday,0
4228,2021/9/11,Prague_1,5105.52,11.040000000000001,1,0,,Saturday,0
4228,2021/9/12,Prague_1,5810.91,11.040000000000001,1,0,,Sunday,0
4228,2021/9/13,Prague_1,11487.49,11.959999999999999,1,0,,Monday,2.35291
4228,2021/9/14,Prague_1,10250.800000000001,11.040000000000001,1,0,,Tuesday,2.35291
4228,2021/9/15,Prague_1,10880.94,11.959999999999999,1,0,,Wednesday,2.35291
4228,2021/9/16,Prague_1,10858.68,11.959999999999999,1,0,,Thursday,2.35291
4228,2021/9/17,Prague_1,11624.550000000001,11.040000000000001,1,0,,Friday,2.35291
4228,2021/9/18,Prague_1,9216.9,11.959999999999999,1,0,,Saturday,2.35291
4228,2021/9/19,Prague_1,6807.360000000001,11.040000000000001,1,0,,Sunday,2.35291
4228,2021/9/20,Prague_1,4979.87,11.040000000000001,0.67,0,,Monday,0
4228,2021/9/21,Prague_1,5383.42,11.040000000000001,0.66,0,,Tuesday,0
4228,2021/9/22,Prague_1,5599.79,11.040000000000001,1,0,,Wednesday,0
4228,2021/9/23,Prague_1,5316.43,11.040000000000001,1,0,,Thursday,0
4228,2021/9/24,Prague_1,6013.56,11.040000000000001,1,0,,Friday,0
4228,2021/9/25,Prague_1,4751.599999999999,11.040000000000001,1,0,,Saturday,0
4228,2021/9/26,Prague_1,4950.33,11.040000000000001,1,0,,Sunday,0
4228,2021/9/27,Prague_1,6983.27,11.040000000000001,1,0,,Monday,0
4228,2021/9/28,Prague_1,5675.95,11.040000000000001,1,1,Den ceske statnosti,Tuesday,0
4228,2021/9/29,Prague_1,6126.33,11.040000000000001,1,0,,Wednesday,0
4228,2021/9/30,Prague_1,6418.860000000001,11.040000000000001,1,0,,Thursday,0
4228,2021/10/1,Prague_1,5855.990000000001,11.040000000000001,1,0,,Friday,0
4228,2021/10/2,Prague_1,5269.32,11.040000000000001,1,0,,Saturday,0
4228,2021/10/3,Prague_1,5169.5,11.040000000000001,1,1,German Unity Day,Sunday,0
4228,2021/10/4,Prague_1,5852.28,11.040000000000001,1,0,,Monday,0
4228,2021/10/5,Prague_1,5467.98,11.959999999999999,1,0,,Tuesday,0
4228,2021/10/6,Prague_1,5870.27,11.959999999999999,1,0,Memorial Day for the Martyrs of Arad,Wednesday,0
4228,2021/10/7,Prague_1,5896.8,11.959999999999999,1,0,,Thursday,0
4228,2021/10/8,Prague_1,6893.88,11.959999999999999,1,0,,Friday,0
4228,2021/10/9,Prague_1,4753.98,11.959999999999999,1,0,,Saturday,0
4228,2021/10/10,Prague_1,5207.44,11.959999999999999,1,0,,Sunday,0
4228,2021/10/11,Prague_1,5885.599999999999,11.959999999999999,1,0,,Monday,0
4228,2021/10/12,Prague_1,5786.48,11.959999999999999,1,0,,Tuesday,0
4228,2021/10/13,Prague_1,5875.240000000001,11.959999999999999,1,0,,Wednesday,0
4228,2021/10/14,Prague_1,6611.150000000001,11.959999999999999,1,0,,Thursday,0
4228,2021/10/15,Prague_1,6065.639999999999,11.959999999999999,1,0,,Friday,0
4228,2021/10/16,Prague_1,5252.59,11.959999999999999,1,0,,Saturday,0
4228,2021/10/17,Prague_1,5616.099999999999,11.959999999999999,1,0,,Sunday,0
4228,2021/10/18,Prague_1,5155.849999999999,11.959999999999999,1,0,,Monday,0
4228,2021/10/19,Prague_1,5203.8,13.81,1,0,,Tuesday,0
4228,2021/10/20,Prague_1,5113.5,13.81,1,0,,Wednesday,0
4228,2021/10/21,Prague_1,6051.43,13.81,1,0,,Thursday,0
4228,2021/10/22,Prague_1,5755.68,13.81,1,0,,Friday,0
4228,2021/10/23,Prague_1,4910.990000000001,13.81,1,1,Memorial day of the 1956 Revolution,Saturday,0
4228,2021/10/24,Prague_1,5124.139999999999,13.81,1,0,,Sunday,0
4228,2021/10/25,Prague_1,5260.57,13.81,1,0,,Monday,0
4228,2021/10/26,Prague_1,5594.12,13.81,1,0,,Tuesday,0
4228,2021/10/27,Prague_1,6713.42,13.81,1,0,,Wednesday,0
4228,2021/10/28,Prague_1,5208.91,12.89,1,1,Den vzniku samostatneho ceskoslovenskeho statu,Thursday,0
4228,2021/10/29,Prague_1,4875.150000000001,12.89,1,0,,Friday,0
4228,2021/10/30,Prague_1,4927.09,12.89,1,0,,Saturday,0
4228,2021/10/31,Prague_1,6691.58,12.89,1,1,Reformation Day,Sunday,0
4228,2021/11/1,Prague_1,6311.06,12.89,1,1,All Saints Day,Monday,0
4228,2021/11/2,Prague_1,4571.349999999999,12.89,1,0,,Tuesday,0
4228,2021/11/3,Prague_1,6105.12,12.89,0.66,0,,Wednesday,0
4228,2021/11/4,Prague_1,6682.06,12.89,1,0,,Thursday,0
4228,2021/11/5,Prague_1,7185.639999999999,12.89,1,0,,Friday,0
4228,2021/11/6,Prague_1,5987.38,12.89,1,0,,Saturday,0
4228,2021/11/7,Prague_1,5901.7,12.89,1,0,,Sunday,0
4228,2021/11/8,Prague_1,6294.12,12.89,1,0,,Monday,0
4228,2021/11/9,Prague_1,4269.44,12.89,1,0,,Tuesday,0
4228,2021/11/10,Prague_1,7029.400000000001,12.89,1,0,,Wednesday,0
4228,2021/11/11,Prague_1,6639.639999999999,12.89,1,0,,Thursday,0
4228,2021/11/12,Prague_1,6701.8,12.89,1,0,,Friday,0
4228,2021/11/13,Prague_1,5790.33,12.89,1,0,,Saturday,0
4228,2021/11/14,Prague_1,5752.88,12.89,1,0,,Sunday,0
4228,2021/11/15,Prague_1,5766.81,12.89,1,0,,Monday,0
4228,2021/11/16,Prague_1,6006.21,12.89,1,0,,Tuesday,0
4228,2021/11/17,Prague_1,5158.44,11.959999999999999,1,1,Den boje za svobodu a demokracii,Wednesday,0
4228,2021/11/18,Prague_1,4823.349999999999,11.959999999999999,1,0,,Thursday,0
4228,2021/11/19,Prague_1,6434.400000000001,11.959999999999999,1,0,,Friday,0
4228,2021/11/20,Prague_1,5512.849999999999,11.959999999999999,1,0,,Saturday,0
4228,2021/11/21,Prague_1,5807.55,11.959999999999999,1,0,,Sunday,0
4228,2021/11/22,Prague_1,5840.73,11.959999999999999,1,0,,Monday,0
4228,2021/11/23,Prague_1,5191.900000000001,13.81,1,0,,Tuesday,0
4228,2021/11/24,Prague_1,5790.75,13.81,1,0,,Wednesday,0
4228,2021/11/25,Prague_1,4991.490000000001,13.81,1,0,,Thursday,0
4228,2021/11/26,Prague_1,3142.72,13.81,0.65,0,,Friday,0
4228,2021/11/27,Prague_1,6568.38,13.81,0.56,0,,Saturday,0
4228,2021/11/28,Prague_1,5391.68,13.81,1,0,,Sunday,0
4228,2021/11/29,Prague_1,5026.42,13.81,1,0,,Monday,0
4228,2021/11/30,Prague_1,5705.349999999999,13.81,0.6900000000000001,0,,Tuesday,0
4228,2021/12/1,Prague_1,5506.34,13.81,1,0,,Wednesday,0
4228,2021/12/2,Prague_1,5776.05,13.81,1,0,,Thursday,0
4228,2021/12/3,Prague_1,6364.19,13.81,1,0,,Friday,0
4228,2021/12/4,Prague_1,5481.91,13.81,1,0,,Saturday,0
4228,2021/12/5,Prague_1,4444.93,13.81,1,0,,Sunday,0
4228,2021/12/6,Prague_1,5252.240000000001,13.81,1,0,,Monday,0
4228,2021/12/7,Prague_1,4716.53,13.81,1,0,,Tuesday,0
4228,2021/12/8,Prague_1,4621.889999999999,13.81,1,0,,Wednesday,0
4228,2021/12/9,Prague_1,6007.68,13.81,1,0,,Thursday,0
4228,2021/12/10,Prague_1,6320.09,13.81,1,0,,Friday,0
4228,2021/12/11,Prague_1,4693.849999999999,13.81,1,0,,Saturday,0
4228,2021/12/12,Prague_1,4553.990000000001,13.81,1,0,,Sunday,0
4228,2021/12/13,Prague_1,5234.25,13.81,1,0,,Monday,0
4228,2021/12/14,Prague_1,4484.97,13.81,1,0,,Tuesday,0
4228,2021/12/15,Prague_1,4498.97,13.81,1,0,,Wednesday,0
4228,2021/12/16,Prague_1,4447.38,13.81,1,0,,Thursday,0
4228,2021/12/17,Prague_1,5392.099999999999,13.81,1,0,,Friday,0
4228,2021/12/18,Prague_1,4252.92,15.66,1,0,,Saturday,0
4228,2021/12/19,Prague_1,5003.67,15.66,1,0,,Sunday,0
4228,2021/12/20,Prague_1,5463.43,15.66,1,0,,Monday,0
4228,2021/12/21,Prague_1,6125.84,15.66,1,0,,Tuesday,0
4228,2021/12/22,Prague_1,4581.92,15.66,1,0,,Wednesday,0
4228,2021/12/23,Prague_1,1630.86,15.66,1,0,,Thursday,0
4228,2021/12/24,Prague_1,11232.269999999999,15.66,0.34,1,Christmas Eve,Friday,0
4228,2021/12/26,Prague_1,3437.49,15.66,0.83,1,2nd Christmas Day,Sunday,0
4228,2021/12/27,Prague_1,4428.69,15.66,1,0,,Monday,0
4228,2021/12/28,Prague_1,6231.259999999999,15.66,1,0,,Tuesday,0
4228,2021/12/29,Prague_1,8026.339999999999,14.74,0.99,0,,Wednesday,0
4228,2021/12/30,Prague_1,7124.46,14.74,1,0,,Thursday,0.04116
4228,2021/12/31,Prague_1,3588.9700000000003,14.74,1,0,,Friday,2.20122
4228,2022/1/1,Prague_1,5639.55,14.74,0.95,1,New Years Day,Saturday,2.20122
4228,2022/1/2,Prague_1,5061.56,14.74,0.7,0,,Sunday,0
4228,2022/1/3,Prague_1,11879.42,14.74,1,0,,Monday,2.20122
4228,2022/1/4,Prague_1,12441.87,14.74,1,0,,Tuesday,2.20122
4228,2022/1/5,Prague_1,6079.29,14.74,0.9400000000000001,0,,Wednesday,2.20122
4228,2022/1/6,Prague_1,11699.38,14.74,0.8099999999999999,1,Epiphany,Thursday,2.20122
4228,2022/1/7,Prague_1,15145.130000000001,14.74,1,0,,Friday,2.20122
4228,2022/1/8,Prague_1,13977.67,14.74,1,0,,Saturday,2.20122
4228,2022/1/9,Prague_1,12726.14,14.74,1,0,,Sunday,2.20122
4228,2022/1/10,Prague_1,6151.25,14.74,1,0,,Monday,0
4228,2022/1/11,Prague_1,5252.73,14.74,1,0,,Tuesday,0
4228,2022/1/12,Prague_1,13228.04,13.81,1,0,,Wednesday,2.11071
4228,2022/1/13,Prague_1,13558.019999999999,13.81,1,0,,Thursday,2.3489899999999997
4228,2022/1/14,Prague_1,13666.730000000001,13.81,0.71,0,,Friday,2.3489899999999997
4228,2022/1/15,Prague_1,7984.199999999999,13.81,0.43,0,,Saturday,2.3489899999999997
4228,2022/1/16,Prague_1,1175.72,13.81,0.9799999999999999,0,,Sunday,0
4228,2022/1/18,Prague_1,5298.650000000001,13.81,0.57,0,,Tuesday,0
4228,2022/1/19,Prague_1,5009.62,13.81,0.05,0,,Wednesday,0
4228,2022/1/20,Prague_1,10852.17,13.81,0.47000000000000003,0,,Thursday,0
4228,2022/1/21,Prague_1,5812.66,13.81,1,0,,Friday,0
4228,2022/1/22,Prague_1,5706.05,13.81,1,0,,Saturday,0
4228,2022/1/23,Prague_1,5598.110000000001,13.81,1,0,,Sunday,0
4228,2022/1/24,Prague_1,5437.740000000001,13.81,0.03,0,,Monday,0
4228,2022/1/26,Prague_1,7025.900000000001,13.81,0.62,0,,Wednesday,0
4228,2022/1/27,Prague_1,6412.07,13.81,1,0,,Thursday,0
4228,2022/1/28,Prague_1,6195.490000000001,13.81,1,0,,Friday,0
4228,2022/1/29,Prague_1,5677.91,13.81,1,0,,Saturday,0
4228,2022/1/30,Prague_1,6061.93,13.81,1,0,,Sunday,0
4228,2022/1/31,Prague_1,6560.68,13.81,1,0,,Monday,0
4228,2022/2/1,Prague_1,5731.88,13.81,1,0,Memorial Day of the Republic,Tuesday,0
4228,2022/2/2,Prague_1,5329.66,13.81,0.48999999999999994,0,,Wednesday,0
4228,2022/2/3,Prague_1,4556.3,13.81,0.41,0,,Thursday,0
4228,2022/2/4,Prague_1,6485.360000000001,13.81,1,0,,Friday,0
4228,2022/2/5,Prague_1,5486.04,13.81,1,0,,Saturday,0
4228,2022/2/6,Prague_1,6326.110000000001,13.81,1,0,,Sunday,0
4228,2022/2/7,Prague_1,6798.610000000001,13.81,1,0,,Monday,0
4228,2022/2/8,Prague_1,5494.79,13.81,1,0,,Tuesday,0
4228,2022/2/9,Prague_1,5940.48,13.81,1,0,,Wednesday,0
4228,2022/2/10,Prague_1,6149.639999999999,13.81,1,0,,Thursday,0
4228,2022/2/11,Prague_1,7598.29,13.81,1,0,,Friday,0
4228,2022/2/12,Prague_1,5958.47,13.81,0.7,0,,Saturday,0
4228,2022/2/13,Prague_1,7191.449999999999,13.81,1,0,,Sunday,0
4228,2022/2/14,Prague_1,18656.68,13.81,1,0,,Monday,2.8187599999999997
4228,2022/2/15,Prague_1,11022.34,13.81,1,0,,Tuesday,2.8187599999999997
4228,2022/2/16,Prague_1,14783.58,13.81,1,0,,Wednesday,2.8187599999999997
4228,2022/2/17,Prague_1,16485.7,13.81,0.7700000000000001,0,,Thursday,2.8187599999999997
4228,2022/2/18,Prague_1,11754.470000000001,13.81,1,0,,Friday,2.8187599999999997
4228,2022/2/19,Prague_1,7430.08,13.81,0.4,0,,Saturday,2.8187599999999997
4228,2022/2/20,Prague_1,16533.649999999998,13.81,1,0,,Sunday,2.8187599999999997
4228,2022/2/21,Prague_1,6695.92,13.81,1,0,,Monday,0
4228,2022/2/22,Prague_1,6197.03,13.81,1,0,,Tuesday,0
4228,2022/2/23,Prague_1,6358.38,13.81,1,0,,Wednesday,0
4228,2022/2/24,Prague_1,7841.82,13.81,1,0,,Thursday,0
4228,2022/2/25,Prague_1,3093.09,13.81,0.97,0,Memorial Day for the Victims of the Communist Dictatorships,Friday,0
4228,2022/2/26,Prague_1,5372.08,13.81,0.47000000000000003,0,,Saturday,0
4228,2022/2/27,Prague_1,5967.71,13.81,1,0,,Sunday,0
4228,2022/2/28,Prague_1,5752.46,13.81,0.2,0,,Monday,0
4228,2022/3/1,Prague_1,4649.400000000001,13.81,0.67,0,,Tuesday,0
4228,2022/3/2,Prague_1,4384.73,13.81,0.97,0,,Wednesday,0
4228,2022/3/3,Prague_1,7178.92,13.81,0.68,0,,Thursday,0
4228,2022/3/4,Prague_1,6758.22,13.81,1,0,,Friday,0
4228,2022/3/5,Prague_1,3593.1699999999996,13.81,0.8099999999999999,0,,Saturday,0
4228,2022/3/6,Prague_1,5694.92,13.81,1,0,,Sunday,0
4228,2022/3/7,Prague_1,5864.04,13.81,1,0,,Monday,0
4228,2022/3/8,Prague_1,5451.18,13.81,0.43,0,International womens day,Tuesday,0
4228,2022/3/9,Prague_1,5673.990000000001,13.81,1,0,,Wednesday,0
4228,2022/3/10,Prague_1,6641.88,13.81,1,0,,Thursday,0
4228,2022/3/11,Prague_1,6710.69,13.81,0.55,0,,Friday,0
4228,2022/3/12,Prague_1,5241.67,13.81,1,0,,Saturday,0
4228,2022/3/13,Prague_1,6761.37,13.81,1,0,,Sunday,0
4228,2022/3/14,Prague_1,3912.5800000000004,13.81,0.93,1,1848 Revolution Memorial Day (Extra holiday),Monday,0
4228,2022/3/15,Prague_1,5773.110000000001,13.81,0.65,1,Memorial Day for the Victims of the Holocaust,Tuesday,0
4228,2022/3/16,Prague_1,5670.490000000001,13.81,1,0,,Wednesday,0
4228,2022/3/17,Prague_1,8419.88,12.89,0.58,0,,Thursday,0
4228,2022/3/18,Prague_1,7899.78,12.89,1,0,,Friday,0
4228,2022/3/19,Prague_1,5290.32,12.89,1,0,,Saturday,0
4228,2022/3/20,Prague_1,7974.75,12.89,1,0,,Sunday,0
4228,2022/3/21,Prague_1,6402.900000000001,12.89,1,0,,Monday,0
4228,2022/3/22,Prague_1,7209.860000000001,12.89,0.62,0,,Tuesday,0
4228,2022/3/23,Prague_1,7377.650000000001,12.89,1,0,,Wednesday,0
4228,2022/3/24,Prague_1,8590.4,12.89,1,0,,Thursday,0
4228,2022/3/25,Prague_1,8841.980000000001,12.89,1,0,,Friday,0
4228,2022/3/26,Prague_1,7538.300000000001,12.89,1,0,,Saturday,0
4228,2022/3/27,Prague_1,8958.6,12.89,1,0,,Sunday,0
4228,2022/3/28,Prague_1,6007.400000000001,12.89,1,0,,Monday,0
4228,2022/3/29,Prague_1,6036.59,12.89,0.83,0,,Tuesday,0
4228,2022/3/30,Prague_1,7773.08,12.89,1,0,,Wednesday,0
4228,2022/3/31,Prague_1,7639.7300000000005,12.89,1,0,,Thursday,0
4228,2022/4/1,Prague_1,9258.13,12.89,1,0,,Friday,0
4228,2022/4/2,Prague_1,7276.01,12.89,1,0,,Saturday,0
4228,2022/4/3,Prague_1,7853.650000000001,12.89,1,0,,Sunday,0
4228,2022/4/4,Prague_1,7554.400000000001,12.89,1,0,,Monday,0
4228,2022/4/5,Prague_1,6572.93,12.89,1,0,,Tuesday,0
4228,2022/4/6,Prague_1,7051.099999999999,12.89,1,0,,Wednesday,0
4228,2022/4/7,Prague_1,7117.04,12.89,1,0,,Thursday,0
4228,2022/4/8,Prague_1,8382.99,12.89,1,0,,Friday,0
4228,2022/4/9,Prague_1,7087.92,12.89,1,0,,Saturday,0
4228,2022/4/10,Prague_1,8006.599999999999,12.89,1,0,,Sunday,0
4228,2022/4/11,Prague_1,18180.539999999997,12.89,1,0,,Monday,2.51797
4228,2022/4/12,Prague_1,13324.01,12.89,1,0,,Tuesday,2.51797
4228,2022/4/13,Prague_1,15645.98,12.89,1,0,,Wednesday,2.51797
4228,2022/4/14,Prague_1,10372.25,12.89,0.33,0,,Thursday,2.51797
4228,2022/4/15,Prague_1,14493.990000000002,12.89,1,1,Good Friday,Friday,2.51797
4228,2022/4/16,Prague_1,14088.83,12.89,1,1,Memorial Day for the Victims of the Holocaust,Saturday,2.51797
4228,2022/4/17,Prague_1,14744.100000000002,12.89,1,1,,Sunday,2.51797
4228,2022/4/18,Prague_1,7999.25,12.89,1,1,Easter Monday,Monday,0
4228,2022/4/19,Prague_1,9886.87,12.89,1,0,,Tuesday,0
4228,2022/4/20,Prague_1,7874.650000000001,12.89,1,0,,Wednesday,0
4228,2022/4/21,Prague_1,8864.66,12.89,1,0,,Thursday,0
4228,2022/4/22,Prague_1,9530.43,12.89,1,0,,Friday,0
4228,2022/4/23,Prague_1,8122.660000000001,12.89,1,0,,Saturday,0
4228,2022/4/24,Prague_1,8820.279999999999,13.81,1,0,,Sunday,0
4228,2022/4/25,Prague_1,7635.599999999999,12.89,1,0,,Monday,0
4228,2022/4/26,Prague_1,7397.949999999999,12.89,1,0,,Tuesday,0
4228,2022/4/27,Prague_1,16834.440000000002,12.89,1,0,,Wednesday,2.51797
4228,2022/4/28,Prague_1,17900.33,12.89,1,0,,Thursday,2.51797
4228,2022/4/29,Prague_1,19310.41,12.89,1,0,,Friday,2.51797
4228,2022/4/30,Prague_1,13884.43,12.89,1,0,,Saturday,2.51797
4228,2022/5/1,Prague_1,19118.68,12.89,1,1,Labour Day,Sunday,2.51797
4228,2022/5/2,Prague_1,17080.98,12.89,1,0,,Monday,2.51797
4228,2022/5/3,Prague_1,16348.289999999999,12.89,1,0,,Tuesday,2.51797
4228,2022/5/4,Prague_1,15298.36,12.89,1,0,,Wednesday,2.51797
4228,2022/5/5,Prague_1,16499.63,12.89,1,0,,Thursday,2.51797
4228,2022/5/6,Prague_1,18218.55,12.89,1,0,,Friday,2.51797
4228,2022/5/7,Prague_1,14223.58,12.89,1,0,,Saturday,2.51797
4228,2022/5/8,Prague_1,18056.08,12.89,1,1,Den osvobozeni,Sunday,2.51797
4228,2022/5/9,Prague_1,7831.74,12.89,1,0,,Monday,0
4228,2022/5/10,Prague_1,6920.48,12.89,1,0,,Tuesday,0
4228,2022/5/11,Prague_1,8184.050000000001,12.89,1,0,,Wednesday,0
4228,2022/5/12,Prague_1,10358.18,9.19,1,0,,Thursday,0
4228,2022/5/13,Prague_1,11298.35,11.959999999999999,1,0,,Friday,0
4228,2022/5/14,Prague_1,6985.3,11.959999999999999,1,0,,Saturday,0
4228,2022/5/15,Prague_1,8763.300000000001,12.89,1,0,,Sunday,0
4228,2022/5/16,Prague_1,8290.17,11.959999999999999,1,0,,Monday,0
4228,2022/5/17,Prague_1,7895.4400000000005,11.959999999999999,1,0,,Tuesday,0
4228,2022/5/18,Prague_1,8229.9,11.959999999999999,1,0,,Wednesday,0
4228,2022/5/19,Prague_1,8766.87,11.959999999999999,1,0,,Thursday,0
4228,2022/5/20,Prague_1,7789.53,11.959999999999999,1,0,,Friday,0
4228,2022/5/21,Prague_1,6946.03,11.959999999999999,1,0,National Defense Day,Saturday,0
4228,2022/5/22,Prague_1,9056.67,11.959999999999999,1,0,,Sunday,0
4228,2022/5/23,Prague_1,17276.07,11.959999999999999,1,0,,Monday,2.17056
4228,2022/5/24,Prague_1,15875.16,11.959999999999999,1,0,,Tuesday,2.17056
4228,2022/5/25,Prague_1,14450.59,11.959999999999999,1,0,,Wednesday,2.17056
4228,2022/5/26,Prague_1,14866.039999999999,11.959999999999999,1,1,Ascension day,Thursday,2.17056
4228,2022/5/27,Prague_1,17311.14,11.959999999999999,1,0,,Friday,2.17056
4228,2022/5/28,Prague_1,12916.54,11.959999999999999,1,0,,Saturday,2.17056
4228,2022/5/29,Prague_1,13988.730000000001,11.959999999999999,1,0,,Sunday,2.17056
4228,2022/5/30,Prague_1,6895.07,11.959999999999999,1,0,,Monday,0
4228,2022/5/31,Prague_1,6543.599999999999,11.959999999999999,1,0,,Tuesday,0
4228,2022/6/1,Prague_1,6645.31,11.959999999999999,1,0,,Wednesday,0
4228,2022/6/2,Prague_1,6442.8,11.959999999999999,1,0,,Thursday,0
4228,2022/6/3,Prague_1,8022.839999999999,11.959999999999999,1,0,,Friday,0
4228,2022/6/4,Prague_1,6109.81,11.959999999999999,1,0,Day of National Unity,Saturday,0
4228,2022/6/5,Prague_1,7158.759999999999,11.959999999999999,1,1,Whit sunday,Sunday,0
4228,2022/6/6,Prague_1,8318.87,11.959999999999999,1,1,Whit monday,Monday,0
4228,2022/6/7,Prague_1,7265.370000000001,12.89,1,0,,Tuesday,0
4228,2022/6/8,Prague_1,6110.860000000001,12.89,1,0,,Wednesday,0
4228,2022/6/9,Prague_1,6298.88,12.89,1,0,,Thursday,0
4228,2022/6/10,Prague_1,6228.740000000001,12.89,1,0,,Friday,0
4228,2022/6/11,Prague_1,5003.25,12.89,1,0,,Saturday,0
4228,2022/6/12,Prague_1,6282.22,12.89,1,0,,Sunday,0
4228,2022/6/13,Prague_1,5753.860000000001,12.89,1,0,,Monday,0
4228,2022/6/14,Prague_1,4232.97,12.89,1,0,,Tuesday,0
4228,2022/6/15,Prague_1,4982.67,12.89,1,0,,Wednesday,0
4228,2022/6/16,Prague_1,5868.45,11.959999999999999,1,1,Corpus Christi,Thursday,0
4228,2022/6/17,Prague_1,6584.41,11.959999999999999,1,0,,Friday,0
4228,2022/6/18,Prague_1,4807.88,11.959999999999999,1,0,,Saturday,0
4228,2022/6/19,Prague_1,5772.759999999999,11.959999999999999,1,0,Independent Hungary Day,Sunday,0
4228,2022/6/20,Prague_1,6002.22,11.959999999999999,1,0,,Monday,0
4228,2022/6/21,Prague_1,4737.740000000001,11.959999999999999,1,0,,Tuesday,0
4228,2022/6/22,Prague_1,3890.9500000000003,11.959999999999999,0.88,0,,Wednesday,0
4228,2022/6/23,Prague_1,5194.07,11.959999999999999,1,0,,Thursday,0
4228,2022/6/24,Prague_1,5275.69,11.959999999999999,1,0,,Friday,0
4228,2022/6/25,Prague_1,4286.38,11.959999999999999,1,0,,Saturday,0
4228,2022/6/26,Prague_1,4996.53,11.959999999999999,1,0,,Sunday,0
4228,2022/6/27,Prague_1,4923.73,11.959999999999999,1,0,,Monday,0
4228,2022/6/28,Prague_1,3447.08,11.959999999999999,1,0,,Tuesday,0
4228,2022/6/29,Prague_1,3601.9199999999996,11.959999999999999,1,0,,Wednesday,0
4228,2022/6/30,Prague_1,3612.84,11.959999999999999,1,0,,Thursday,0
4228,2022/7/1,Prague_1,4078.48,11.959999999999999,1,0,,Friday,0
4228,2022/7/2,Prague_1,3535.42,11.959999999999999,1,0,,Saturday,0
4228,2022/7/3,Prague_1,3315.34,11.959999999999999,1,0,,Sunday,0
4228,2022/7/4,Prague_1,3685.71,11.959999999999999,1,0,,Monday,0
4228,2022/7/5,Prague_1,2923.6200000000003,11.959999999999999,1,1,Cyrila a Metodej,Tuesday,0
4228,2022/7/6,Prague_1,3305.8199999999997,11.959999999999999,1,1,Jan Hus,Wednesday,0
4228,2022/7/7,Prague_1,3969.91,11.959999999999999,1,0,,Thursday,0
4228,2022/7/8,Prague_1,4298.7,11.959999999999999,1,0,,Friday,0
4228,2022/7/9,Prague_1,4060.98,11.959999999999999,1,0,,Saturday,0
4228,2022/7/10,Prague_1,4552.240000000001,11.959999999999999,1,0,,Sunday,0
4228,2022/7/11,Prague_1,4184.389999999999,11.959999999999999,1,0,,Monday,0
4228,2022/7/12,Prague_1,4284.07,11.959999999999999,1,0,,Tuesday,0
4228,2022/7/13,Prague_1,3909.7799999999997,11.959999999999999,1,0,,Wednesday,0
4228,2022/7/14,Prague_1,4206.650000000001,11.959999999999999,1,0,,Thursday,0
4228,2022/7/15,Prague_1,4534.389999999999,11.959999999999999,1,0,,Friday,0
4228,2022/7/16,Prague_1,4712.96,11.959999999999999,1,0,,Saturday,0
4228,2022/7/17,Prague_1,4531.87,11.959999999999999,1,0,,Sunday,0
4228,2022/7/18,Prague_1,9428.720000000001,11.959999999999999,1,0,,Monday,2.17056
4228,2022/7/19,Prague_1,9648.24,11.959999999999999,1,0,,Tuesday,2.17056
4228,2022/7/20,Prague_1,9407.019999999999,11.959999999999999,1,0,,Wednesday,2.17056
4228,2022/7/21,Prague_1,8760.08,11.959999999999999,1,0,,Thursday,2.17056
4228,2022/7/22,Prague_1,9595.88,11.959999999999999,1,0,,Friday,2.17056
4228,2022/7/23,Prague_1,8190.7699999999995,11.959999999999999,1,0,,Saturday,2.17056
4228,2022/7/24,Prague_1,8461.32,11.959999999999999,1,0,,Sunday,2.09895
4228,2022/7/25,Prague_1,4817.75,11.959999999999999,1,0,,Monday,0.68278
4228,2022/7/26,Prague_1,5913.88,12.89,1,0,,Tuesday,2.17056
4228,2022/7/27,Prague_1,3152.66,12.89,1,0,,Wednesday,0
4228,2022/7/28,Prague_1,3216.01,12.89,1,0,,Thursday,0
4228,2022/7/29,Prague_1,3748.5699999999997,12.89,1,0,,Friday,0
4228,2022/7/30,Prague_1,3523.17,12.89,1,0,,Saturday,0
4228,2022/7/31,Prague_1,3615.2200000000003,12.89,1,0,,Sunday,0
4228,2022/8/1,Prague_1,4065.04,12.89,1,0,,Monday,0
4228,2022/8/2,Prague_1,3855.39,12.89,1,0,,Tuesday,0
4228,2022/8/3,Prague_1,3517.71,13.81,1,0,,Wednesday,0
4228,2022/8/4,Prague_1,3122.77,13.81,1,0,,Thursday,0
4228,2022/8/5,Prague_1,4018,13.81,1,0,,Friday,0
4228,2022/8/6,Prague_1,3353.98,13.81,1,0,,Saturday,0
4228,2022/8/7,Prague_1,3847.6899999999996,13.81,1,0,,Sunday,0
4228,2022/8/8,Prague_1,3547.3199999999997,13.81,1,1,Peace Festival in Augsburg,Monday,0
4228,2022/8/9,Prague_1,2954.91,13.81,1,0,,Tuesday,0
4228,2022/8/10,Prague_1,2811.9,13.81,1,0,,Wednesday,0
4228,2022/8/11,Prague_1,2910.3199999999997,13.81,1,0,,Thursday,0
4228,2022/8/12,Prague_1,3232.67,13.81,1,0,,Friday,0
4228,2022/8/13,Prague_1,3134.1800000000003,13.81,1,0,,Saturday,0
4228,2022/8/14,Prague_1,3818.8499999999995,13.81,1,0,,Sunday,0
4228,2022/8/15,Prague_1,3492.16,13.81,1,1,Assumption of the Virgin Mary,Monday,0
4228,2022/8/16,Prague_1,2981.23,13.81,1,0,,Tuesday,0
4228,2022/8/17,Prague_1,2716.42,13.81,1,0,,Wednesday,0
4228,2022/8/18,Prague_1,3343.97,13.81,1,0,,Thursday,0
4228,2022/8/19,Prague_1,3983.4199999999996,13.81,1,0,,Friday,0
4228,2022/8/20,Prague_1,3841.04,13.81,1,1,State Foundation Day,Saturday,0
4228,2022/8/21,Prague_1,3529.47,13.81,1,0,,Sunday,0
4228,2022/8/22,Prague_1,3361.54,13.81,1,0,,Monday,0
4228,2022/8/23,Prague_1,3110.52,13.81,1,0,,Tuesday,0
4228,2022/8/24,Prague_1,2634.3799999999997,13.81,1,0,,Wednesday,0
4228,2022/8/25,Prague_1,2868.74,13.81,1,0,,Thursday,0
4228,2022/8/26,Prague_1,3134.39,13.81,1,0,,Friday,0
4228,2022/8/27,Prague_1,3297.14,13.81,1,0,,Saturday,0
4228,2022/8/28,Prague_1,4259.71,13.81,1,0,,Sunday,0
4228,2022/8/29,Prague_1,3696,13.81,0.04,0,,Monday,0
4228,2022/8/31,Prague_1,3042.6200000000003,14.74,0.36,0,,Wednesday,0
4228,2022/9/1,Prague_1,3207.33,14.74,1,0,,Thursday,0
4228,2022/9/2,Prague_1,3249.4,14.74,1,0,,Friday,0
4228,2022/9/3,Prague_1,3368.26,14.74,1,0,,Saturday,0
4228,2022/9/4,Prague_1,3493.42,14.74,1,0,,Sunday,0
4228,2022/9/5,Prague_1,3243.3799999999997,14.74,1,0,,Monday,0
4228,2022/9/6,Prague_1,3043.9500000000003,14.74,1,0,,Tuesday,0
4228,2022/9/7,Prague_1,2908.4300000000003,14.74,1,0,,Wednesday,0
4228,2022/9/8,Prague_1,3218.8799999999997,14.74,1,0,,Thursday,0
4228,2022/9/9,Prague_1,3980.27,14.74,1,0,,Friday,0
4228,2022/9/10,Prague_1,4045.02,14.74,1,0,,Saturday,0
4228,2022/9/11,Prague_1,3538.5,14.74,1,0,,Sunday,0
4228,2022/9/12,Prague_1,2882.1800000000003,14.74,1,0,,Monday,0
4228,2022/9/13,Prague_1,2899.61,14.74,1,0,,Tuesday,0
4228,2022/9/14,Prague_1,2837.31,14.74,1,0,,Wednesday,0
4228,2022/9/15,Prague_1,3179.96,14.74,1,0,,Thursday,0
4228,2022/9/16,Prague_1,3572.3799999999997,14.74,1,0,,Friday,0
4228,2022/9/17,Prague_1,2909.1299999999997,14.74,1,0,,Saturday,0
4228,2022/9/18,Prague_1,3381,14.74,1,0,,Sunday,0
4228,2022/9/19,Prague_1,3156.3700000000003,14.74,1,0,,Monday,0
4228,2022/9/20,Prague_1,2785.16,14.74,1,0,,Tuesday,0
4228,2022/9/21,Prague_1,2922.85,14.74,1,0,,Wednesday,0
4228,2022/9/22,Prague_1,4182.22,14.74,1,0,,Thursday,0
4228,2022/9/23,Prague_1,4366.389999999999,14.74,0.9400000000000001,0,,Friday,0
4228,2022/9/24,Prague_1,4091.36,14.74,1,0,,Saturday,0
4228,2022/9/25,Prague_1,4400.2,14.74,1,0,,Sunday,0
4228,2022/9/26,Prague_1,4108.23,14.74,1,0,,Monday,0
4228,2022/9/27,Prague_1,4119.009999999999,14.74,1,0,,Tuesday,0
4228,2022/9/28,Prague_1,4315.29,14.74,0.53,1,Den ceske statnosti,Wednesday,0
4228,2022/9/29,Prague_1,4142.81,14.74,1,0,,Thursday,0
4228,2022/9/30,Prague_1,4241.509999999999,14.74,1,0,,Friday,0
4228,2022/10/1,Prague_1,3719.7999999999997,14.74,1,0,,Saturday,0
4228,2022/10/2,Prague_1,4484.2,14.74,1,0,,Sunday,0
4228,2022/10/3,Prague_1,4812.29,14.74,1,1,German Unity Day,Monday,0
4228,2022/10/4,Prague_1,2082.29,14.74,0.7,0,,Tuesday,0
4228,2022/10/5,Prague_1,4013.52,14.74,1,0,,Wednesday,0
4228,2022/10/6,Prague_1,4601.45,14.74,1,0,Memorial Day for the Martyrs of Arad,Thursday,0
4228,2022/10/7,Prague_1,5104.19,14.74,1,0,,Friday,0
4228,2022/10/8,Prague_1,3342.15,14.74,1,0,,Saturday,0
4228,2022/10/9,Prague_1,3923.36,14.74,0.31,0,,Sunday,0
4228,2022/10/10,Prague_1,4327.889999999999,14.74,1,0,,Monday,0
4228,2022/10/11,Prague_1,3904.1800000000003,14.74,1,0,,Tuesday,0
4228,2022/10/12,Prague_1,4101.93,14.74,1,0,,Wednesday,0
4228,2022/10/13,Prague_1,4670.68,14.74,1,0,,Thursday,0
4228,2022/10/14,Prague_1,5539.099999999999,14.74,1,0,,Friday,0
4228,2022/10/15,Prague_1,3950.0299999999997,14.74,1,0,,Saturday,0
4228,2022/10/16,Prague_1,4538.03,14.74,1,0,,Sunday,0
4228,2022/10/17,Prague_1,3815.4900000000002,14.74,1,0,,Monday,0
4228,2022/10/18,Prague_1,3906.5600000000004,14.74,1,0,,Tuesday,0
4228,2022/10/19,Prague_1,3545.99,14.74,1,0,,Wednesday,0
4228,2022/10/20,Prague_1,4280.92,14.74,1,0,,Thursday,0
4228,2022/10/21,Prague_1,4606,14.74,1,0,,Friday,0
4228,2022/10/22,Prague_1,3736.1800000000003,14.74,1,0,,Saturday,0
4228,2022/10/23,Prague_1,3857.2799999999997,14.74,1,1,Memorial day of the 1956 Revolution,Sunday,0
4228,2022/10/24,Prague_1,3681.23,14.74,1,0,,Monday,0
4228,2022/10/25,Prague_1,3215.17,14.74,1,0,,Tuesday,0
4228,2022/10/26,Prague_1,3782.0299999999997,14.74,1,0,,Wednesday,0
4228,2022/10/27,Prague_1,4476.08,14.74,1,0,,Thursday,0
4228,2022/10/28,Prague_1,4221.63,14.74,1,1,Den vzniku samostatneho ceskoslovenskeho statu,Friday,0
4228,2022/10/29,Prague_1,3455.76,14.74,1,0,,Saturday,0
4228,2022/10/30,Prague_1,4755.31,14.74,1,0,,Sunday,0
4228,2022/10/31,Prague_1,10926.51,14.74,1,1,Reformation Day,Monday,2.20122
4228,2022/11/1,Prague_1,5380.55,14.74,1,1,All Saints Day,Tuesday,2.20122
4228,2022/11/2,Prague_1,10479.279999999999,14.74,0.27,0,,Wednesday,2.20122
4228,2022/11/3,Prague_1,9328.06,14.74,1,0,,Thursday,2.20122
4228,2022/11/4,Prague_1,10983.07,14.74,1,0,,Friday,2.20122
4228,2022/11/5,Prague_1,9002.84,14.74,1,0,,Saturday,2.20122
4228,2022/11/6,Prague_1,9199.12,14.74,1,0,,Sunday,2.1240799999999997
4228,2022/11/7,Prague_1,2485.91,14.74,1,0,,Monday,0
4228,2022/11/8,Prague_1,3337.39,14.74,0.43,0,,Tuesday,0
4228,2022/11/9,Prague_1,3838.0999999999995,14.74,0.87,0,,Wednesday,0
4228,2022/11/10,Prague_1,4207.490000000001,13.81,1,0,,Thursday,0
4228,2022/11/11,Prague_1,4762.38,13.81,1,0,,Friday,0
4228,2022/11/12,Prague_1,4027.0999999999995,13.81,1,0,,Saturday,0
4228,2022/11/13,Prague_1,4723.95,13.81,1,0,,Sunday,0
4228,2022/11/14,Prague_1,9439.85,13.81,1,0,,Monday,1.87922
4228,2022/11/15,Prague_1,8028.4400000000005,13.81,1,0,,Tuesday,1.87922
4228,2022/11/16,Prague_1,10271.029999999999,13.81,1,0,,Wednesday,1.87922
4228,2022/11/17,Prague_1,9023.91,13.81,1,1,Den boje za svobodu a demokracii,Thursday,1.87922
4228,2022/11/18,Prague_1,8878.31,13.81,1,0,,Friday,1.87922
4228,2022/11/19,Prague_1,7685.93,13.81,1,0,,Saturday,1.87922
4228,2022/11/20,Prague_1,5076.68,13.81,1,0,,Sunday,0
4228,2022/11/21,Prague_1,3996.2999999999997,13.81,1,0,,Monday,0
4228,2022/11/22,Prague_1,3657.29,13.81,1,0,,Tuesday,0
4228,2022/11/23,Prague_1,3595.6899999999996,13.81,1,0,,Wednesday,0
4228,2022/11/24,Prague_1,4625.389999999999,13.81,1,0,,Thursday,0
4228,2022/11/25,Prague_1,5021.59,13.81,1,0,,Friday,0
4228,2022/11/26,Prague_1,3814.37,13.81,1,0,,Saturday,0
4228,2022/11/27,Prague_1,4325.09,13.81,1,0,,Sunday,0
4228,2022/11/28,Prague_1,3795.8199999999997,13.81,1,0,,Monday,0
4228,2022/11/29,Prague_1,3502.8700000000003,13.81,1,0,,Tuesday,0
4228,2022/11/30,Prague_1,3926.9300000000003,13.81,1,0,,Wednesday,0
4228,2022/12/1,Prague_1,3571.33,13.81,1,0,,Thursday,0
4228,2022/12/2,Prague_1,4634.21,13.81,1,0,,Friday,0
4228,2022/12/3,Prague_1,4807.740000000001,13.81,1,0,,Saturday,0
4228,2022/12/4,Prague_1,3904.25,13.81,1,0,,Sunday,0
4228,2022/12/5,Prague_1,3918.39,13.81,1,0,,Monday,0
4228,2022/12/6,Prague_1,3554.8799999999997,13.81,1,0,,Tuesday,0
4228,2022/12/7,Prague_1,3719.4500000000003,13.81,1,0,,Wednesday,0
4228,2022/12/8,Prague_1,4034.38,13.81,1,0,,Thursday,0
4228,2022/12/9,Prague_1,5247.34,13.81,1,0,,Friday,0
4228,2022/12/10,Prague_1,4072.9500000000003,13.81,1,0,,Saturday,0
4228,2022/12/11,Prague_1,4203.29,13.81,1,0,,Sunday,0
4228,2022/12/12,Prague_1,4511.71,13.81,1,0,,Monday,0
4228,2022/12/13,Prague_1,3731.21,13.81,1,0,,Tuesday,0
4228,2022/12/14,Prague_1,3948.2799999999997,13.81,1,0,,Wednesday,0
4228,2022/12/15,Prague_1,4338.53,13.81,1,0,,Thursday,0
4228,2022/12/16,Prague_1,5208.490000000001,13.81,1,0,,Friday,0
4228,2022/12/17,Prague_1,4142.18,13.81,1,0,,Saturday,0
4228,2022/12/18,Prague_1,3813.5299999999997,13.81,1,0,,Sunday,0
4228,2022/12/19,Prague_1,4304.93,13.81,1,0,,Monday,0
4228,2022/12/20,Prague_1,5237.96,13.81,1,0,,Tuesday,0
4228,2022/12/21,Prague_1,5806.71,13.81,1,0,,Wednesday,0
4228,2022/12/22,Prague_1,4364.29,13.81,1,0,,Thursday,0
4228,2022/12/23,Prague_1,1147.79,14.74,1,0,,Friday,0
4228,2022/12/24,Prague_1,7719.110000000001,14.74,0.22,1,Christmas Eve,Saturday,0
4228,2022/12/26,Prague_1,3989.86,14.74,0.42,1,2nd Christmas Day,Monday,0
4228,2022/12/27,Prague_1,3635.0299999999997,14.74,1,0,,Tuesday,0
4228,2022/12/28,Prague_1,5248.599999999999,14.74,1,0,,Wednesday,0
4228,2022/12/29,Prague_1,5477.639999999999,14.74,1,0,,Thursday,0
4228,2022/12/30,Prague_1,5963.37,14.74,1,0,,Friday,0
4228,2022/12/31,Prague_1,1848.49,14.74,1,0,,Saturday,0
4228,2023/1/1,Prague_1,3210.97,14.74,1,1,New Years Day,Sunday,0
4228,2023/1/2,Prague_1,2390.01,14.74,0.7700000000000001,0,,Monday,0
4228,2023/1/3,Prague_1,3993.9199999999996,14.74,0.48999999999999994,0,,Tuesday,0
4228,2023/1/4,Prague_1,4692.099999999999,14.74,1,0,,Wednesday,0
4228,2023/1/5,Prague_1,4458.79,14.74,0.04,0,,Thursday,0
4228,2023/1/6,Prague_1,6331.990000000001,14.74,0.82,1,Epiphany,Friday,0
4228,2023/1/7,Prague_1,3893.8199999999997,14.74,0.6900000000000001,0,,Saturday,0
4228,2023/1/8,Prague_1,7094.92,14.74,0.75,0,,Sunday,0
4228,2023/1/9,Prague_1,12513.269999999999,14.74,1,0,,Monday,2.20122
4228,2023/1/10,Prague_1,12877.62,14.74,1,0,,Tuesday,2.20122
4228,2023/1/11,Prague_1,12304.11,14.74,1,0,,Wednesday,2.20122
4228,2023/1/12,Prague_1,13756.61,14.74,1,0,,Thursday,2.20122
4228,2023/1/13,Prague_1,13483.82,14.74,1,0,,Friday,2.20122
4228,2023/1/14,Prague_1,11256,14.74,1,0,,Saturday,2.20122
4228,2023/1/15,Prague_1,13396.949999999999,14.74,1,0,,Sunday,2.1240799999999997
4228,2023/1/16,Prague_1,7015.610000000001,14.74,1,0,,Monday,1.58984
4228,2023/1/17,Prague_1,9841.019999999999,14.74,1,0,,Tuesday,2.64152
4228,2023/1/18,Prague_1,11019.82,14.74,1,0,,Wednesday,2.64152
4228,2023/1/19,Prague_1,11232.970000000001,14.74,1,0,,Thursday,2.64152
4228,2023/1/20,Prague_1,5274.150000000001,14.74,1,0,,Friday,0
4228,2023/1/21,Prague_1,4954.599999999999,14.74,1,0,,Saturday,0
4228,2023/1/22,Prague_1,4914.21,14.74,1,0,,Sunday,0
4228,2023/1/23,Prague_1,3623.27,15.66,0.7,0,,Monday,0
4228,2023/1/24,Prague_1,3525.6200000000003,15.66,0.67,0,,Tuesday,0
4228,2023/1/25,Prague_1,4538.94,15.66,1,0,,Wednesday,0
4228,2023/1/26,Prague_1,4748.17,15.66,1,0,,Thursday,0
4228,2023/1/27,Prague_1,6092.45,15.66,1,0,,Friday,0
4228,2023/1/28,Prague_1,1384.39,15.66,0.7299999999999999,0,,Saturday,0
4228,2023/1/29,Prague_1,4017.7200000000003,15.66,0.48,0,,Sunday,0
4228,2023/1/30,Prague_1,4397.12,15.66,1,0,,Monday,0
4228,2023/1/31,Prague_1,3973.48,15.66,1,0,,Tuesday,0
4228,2023/2/1,Prague_1,4307.8,15.66,0.96,0,Memorial Day of the Republic,Wednesday,0
4228,2023/2/2,Prague_1,4989.25,15.66,1,0,,Thursday,0
4228,2023/2/3,Prague_1,5496.889999999999,15.66,1,0,,Friday,0
4228,2023/2/4,Prague_1,4572.19,15.66,1,0,,Saturday,0
4228,2023/2/5,Prague_1,4742.990000000001,15.66,1,0,,Sunday,0
4228,2023/2/6,Prague_1,5139.889999999999,15.66,1,0,,Monday,0
4228,2023/2/7,Prague_1,3086.51,15.66,0.82,0,,Tuesday,0
4228,2023/2/8,Prague_1,4688.599999999999,15.66,1,0,,Wednesday,0
4228,2023/2/9,Prague_1,4651.009999999999,15.66,1,0,,Thursday,0
4228,2023/2/10,Prague_1,6495.72,15.66,1,0,,Friday,0
4228,2023/2/11,Prague_1,5542.95,15.66,0.86,0,,Saturday,0
4228,2023/2/12,Prague_1,6889.259999999999,15.66,0.67,0,,Sunday,0
4228,2023/2/13,Prague_1,16587.2,15.66,1,0,,Monday,2.48521
4228,2023/2/14,Prague_1,15713.67,15.66,1,0,,Tuesday,2.48521
4228,2023/2/15,Prague_1,16493.05,15.66,1,0,,Wednesday,2.48521
4228,2023/2/16,Prague_1,17685.92,15.66,1,0,,Thursday,2.48521
4228,2023/2/17,Prague_1,19114.41,15.66,1,0,,Friday,2.48521
4228,2023/2/18,Prague_1,17316.74,15.66,1,0,,Saturday,2.48521
4228,2023/2/19,Prague_1,16922.850000000002,15.66,1,0,,Sunday,2.39806
4228,2023/2/20,Prague_1,4922.54,15.66,1,0,,Monday,0
4228,2023/2/21,Prague_1,8600.06,15.66,1,0,,Tuesday,0.99715
4228,2023/2/22,Prague_1,11906.230000000001,15.66,1,0,,Wednesday,1.65683
4228,2023/2/23,Prague_1,6505.45,15.66,1,0,,Thursday,0.42028000000000004
4228,2023/2/24,Prague_1,6538.56,15.66,1,0,,Friday,0
4228,2023/2/25,Prague_1,5395.67,15.66,1,0,Memorial Day for the Victims of the Communist Dictatorships,Saturday,0
4228,2023/2/26,Prague_1,6523.37,15.66,0.67,0,,Sunday,0
4228,2023/2/27,Prague_1,3577.14,15.66,1,0,,Monday,0
4228,2023/2/28,Prague_1,5811.05,15.66,0.72,0,,Tuesday,0
4228,2023/3/1,Prague_1,3892.14,15.66,1,0,,Wednesday,0
4228,2023/3/2,Prague_1,6700.259999999999,15.66,0.92,0,,Thursday,0
4228,2023/3/3,Prague_1,8225.279999999999,15.66,1,0,,Friday,0
4228,2023/3/4,Prague_1,4008.27,15.66,0.59,0,,Saturday,0
4228,2023/3/5,Prague_1,6428.38,15.66,0.88,0,,Sunday,0
4228,2023/3/6,Prague_1,6264.37,15.66,0.93,0,,Monday,0
4228,2023/3/7,Prague_1,5335.259999999999,15.66,1,0,,Tuesday,0
4228,2023/3/8,Prague_1,5771.43,15.66,1,0,International womens day,Wednesday,0
4228,2023/3/9,Prague_1,6751.009999999999,15.66,1,0,,Thursday,0
4228,2023/3/10,Prague_1,8523.9,15.66,1,0,,Friday,0
4228,2023/3/11,Prague_1,6911.66,15.66,0.53,0,,Saturday,0
4228,2023/3/12,Prague_1,7531.51,15.66,0.65,0,,Sunday,0
4228,2023/3/13,Prague_1,16450.42,15.66,1,0,,Monday,2.07102
4228,2023/3/14,Prague_1,15602.649999999998,15.66,1,0,,Tuesday,2.07102
4228,2023/3/15,Prague_1,15700.02,15.66,1,1,Memorial Day for the Victims of the Holocaust,Wednesday,2.07102
4228,2023/3/16,Prague_1,14813.679999999998,15.66,1,0,,Thursday,2.07102
4228,2023/3/17,Prague_1,20059.97,15.66,1,0,,Friday,2.8994
4228,2023/3/18,Prague_1,17451.7,15.66,1,0,,Saturday,2.87035
4228,2023/3/19,Prague_1,15025.990000000002,15.66,1,0,,Sunday,1.9983600000000001
4228,2023/3/20,Prague_1,6497.33,15.66,1,0,,Monday,0
4228,2023/3/21,Prague_1,6319.46,15.66,1,0,,Tuesday,0
4228,2023/3/22,Prague_1,5793.27,15.66,1,0,,Wednesday,0
4228,2023/3/23,Prague_1,6905.78,15.66,1,0,,Thursday,0
4228,2023/3/24,Prague_1,8489.949999999999,15.66,1,0,,Friday,0
4228,2023/3/25,Prague_1,4255.09,15.66,1,0,,Saturday,0
4228,2023/3/26,Prague_1,7018.759999999999,15.66,0.66,0,,Sunday,0
4228,2023/3/27,Prague_1,6815.69,15.66,1,0,,Monday,0
4228,2023/3/28,Prague_1,6536.740000000001,15.66,1,0,,Tuesday,0
4228,2023/3/29,Prague_1,6066.2,15.66,1,0,,Wednesday,0
4228,2023/3/30,Prague_1,7084.7,15.66,1,0,,Thursday,0
4228,2023/3/31,Prague_1,8129.449999999999,15.66,1,0,,Friday,0
4228,2023/4/1,Prague_1,5877.69,15.66,1,0,,Saturday,0
4228,2023/4/2,Prague_1,6992.09,15.66,1,0,,Sunday,0
4228,2023/4/3,Prague_1,16227.61,15.66,1,0,,Monday,2.48521
4228,2023/4/4,Prague_1,13998.67,15.66,1,0,,Tuesday,2.48521
4228,2023/4/5,Prague_1,12939.85,15.66,0.21,0,,Wednesday,2.48521
4228,2023/4/6,Prague_1,11964.54,15.66,0.47000000000000003,0,,Thursday,2.48521
4228,2023/4/7,Prague_1,10520.019999999999,15.66,1,1,Good Friday,Friday,2.48521
4228,2023/4/8,Prague_1,10014.41,15.66,0.12,1,,Saturday,2.48521
4228,2023/4/9,Prague_1,14274.050000000001,15.66,0.56,1,,Sunday,2.39806
4228,2023/4/10,Prague_1,6841.73,15.66,1,1,Easter Monday,Monday,0
4228,2023/4/11,Prague_1,8580.81,15.66,1,0,,Tuesday,0
4228,2023/4/12,Prague_1,8148.07,15.66,1,0,,Wednesday,0
4228,2023/4/13,Prague_1,6236.509999999999,15.66,1,0,,Thursday,0
4228,2023/4/14,Prague_1,7165.48,15.66,0.03,0,,Friday,0
4228,2023/4/15,Prague_1,3630.34,15.66,0.1,0,,Saturday,0
4228,2023/4/16,Prague_1,8014.72,15.66,0.6,0,Memorial Day for the Victims of the Holocaust,Sunday,0
4228,2023/4/17,Prague_1,8503.18,15.66,1,0,,Monday,0
4228,2023/4/18,Prague_1,7971.599999999999,15.66,1,0,,Tuesday,0
4228,2023/4/19,Prague_1,7388.92,15.66,1,0,,Wednesday,0
4228,2023/4/20,Prague_1,8023.050000000001,15.66,1,0,,Thursday,0
4228,2023/4/21,Prague_1,9655.730000000001,15.66,1,0,,Friday,0
4228,2023/4/22,Prague_1,8327.550000000001,15.66,0.6,0,,Saturday,0
4228,2023/4/23,Prague_1,8116.92,15.66,0.97,0,,Sunday,0
4228,2023/4/24,Prague_1,7675.78,15.66,0.9799999999999999,0,,Monday,0
4228,2023/4/25,Prague_1,7196.839999999999,15.66,0.97,0,,Tuesday,0
4228,2023/4/26,Prague_1,6774.81,15.66,0.97,0,,Wednesday,0
4228,2023/4/27,Prague_1,8387.68,15.66,1,0,,Thursday,0
4228,2023/4/28,Prague_1,7887.74,15.66,0.39,0,,Friday,0
4228,2023/4/29,Prague_1,6743.94,15.66,0.96,0,,Saturday,0
4228,2023/4/30,Prague_1,6390.3,15.66,0.96,0,,Sunday,0
4228,2023/5/1,Prague_1,7170.449999999999,15.66,1,1,Labour Day,Monday,0
4228,2023/5/2,Prague_1,7814.099999999999,15.66,1,0,,Tuesday,0
4228,2023/5/3,Prague_1,7801.08,15.66,1,0,,Wednesday,0
4228,2023/5/4,Prague_1,8580.04,15.66,1,0,,Thursday,0
4228,2023/5/5,Prague_1,9439.99,15.66,1,0,,Friday,0
4228,2023/5/6,Prague_1,7126.77,15.66,1,0,,Saturday,0
4228,2023/5/7,Prague_1,7510.93,15.66,1,0,,Sunday,0
4228,2023/5/8,Prague_1,7749.42,15.66,1,1,Den osvobozeni,Monday,0
4228,2023/5/9,Prague_1,8341.62,15.66,1,0,,Tuesday,0
4228,2023/5/10,Prague_1,8518.65,15.66,1,0,,Wednesday,0
4228,2023/5/11,Prague_1,8674.33,12.89,1,0,,Thursday,0
4228,2023/5/12,Prague_1,7949.410000000001,12.89,1,0,,Friday,0
4228,2023/5/13,Prague_1,4812.009999999999,12.89,1,0,,Saturday,0
4228,2023/5/14,Prague_1,6423.06,12.89,1,0,,Sunday,0
4228,2023/5/15,Prague_1,18974.41,12.89,1,0,,Monday,2.01439
4228,2023/5/16,Prague_1,16717.05,12.89,1,0,,Tuesday,2.01439
4228,2023/5/17,Prague_1,16914.17,12.89,1,0,,Wednesday,2.01439
4228,2023/5/18,Prague_1,19054.350000000002,12.89,0.78,1,Ascension day,Thursday,2.01439
4228,2023/5/19,Prague_1,18095.350000000002,12.89,1,0,,Friday,2.01439
4228,2023/5/20,Prague_1,16403.45,12.89,1,0,,Saturday,2.01439
4228,2023/5/21,Prague_1,16342.41,12.89,1,0,National Defense Day,Sunday,1.94376
4228,2023/5/22,Prague_1,16271.5,12.89,1,0,,Monday,2.01439
4228,2023/5/23,Prague_1,13849.92,12.89,1,0,,Tuesday,2.01439
4228,2023/5/24,Prague_1,14435.539999999999,12.89,1,0,,Wednesday,2.01439
4228,2023/5/25,Prague_1,15912.259999999998,12.89,1,0,,Thursday,2.01439
4228,2023/5/26,Prague_1,16411.01,12.89,1,0,,Friday,2.01439
4228,2023/5/27,Prague_1,12039.44,12.89,1,0,,Saturday,2.01439
4228,2023/5/28,Prague_1,13554.1,12.89,1,1,Whit sunday,Sunday,1.94376
4228,2023/5/29,Prague_1,6905.43,12.89,1,1,Whit monday,Monday,0
4228,2023/5/30,Prague_1,6005.93,15.66,1,0,,Tuesday,0
4228,2023/5/31,Prague_1,5883.639999999999,15.66,1,0,,Wednesday,0
4228,2023/6/1,Prague_1,6952.47,15.66,1,0,,Thursday,0
4228,2023/6/2,Prague_1,6699.07,15.66,1,0,,Friday,0
4228,2023/6/3,Prague_1,5190.92,15.66,1,0,,Saturday,0
4228,2023/6/4,Prague_1,6214.110000000001,15.66,1,0,Day of National Unity,Sunday,0
4228,2023/6/5,Prague_1,14672.070000000002,15.66,1,0,,Monday,2.48521
4228,2023/6/6,Prague_1,12688.83,15.66,1,0,,Tuesday,2.48521
4228,2023/6/7,Prague_1,11181.94,15.66,1,0,,Wednesday,2.48521
4228,2023/6/8,Prague_1,14456.75,15.66,1,1,Corpus Christi,Thursday,2.48521
4228,2023/6/9,Prague_1,15037.33,15.66,1,0,,Friday,2.48521
4228,2023/6/10,Prague_1,10867.5,15.66,1,0,,Saturday,2.48521
4228,2023/6/11,Prague_1,11870.6,15.66,1,0,,Sunday,2.39806
4228,2023/6/12,Prague_1,12170.06,15.66,1,0,,Monday,2.48521
4228,2023/6/13,Prague_1,11294.85,15.66,1,0,,Tuesday,2.48521
4228,2023/6/14,Prague_1,11202.519999999999,15.66,1,0,,Wednesday,2.48521
4228,2023/6/15,Prague_1,12725.79,15.66,1,0,,Thursday,2.48521
4228,2023/6/16,Prague_1,13985.019999999999,15.66,1,0,,Friday,2.48521
4228,2023/6/17,Prague_1,10760.4,15.66,1,0,,Saturday,2.48521
4228,2023/6/18,Prague_1,11486.16,15.66,1,0,,Sunday,2.39806
4228,2023/6/19,Prague_1,5321.12,15.66,1,0,Independent Hungary Day,Monday,0
4228,2023/6/20,Prague_1,4456.97,15.66,1,0,,Tuesday,0
4228,2023/6/21,Prague_1,4388.37,15.66,1,0,,Wednesday,0
4228,2023/6/22,Prague_1,4878.860000000001,15.66,1,0,,Thursday,0
4228,2023/6/23,Prague_1,5610.08,15.66,1,0,,Friday,0
4228,2023/6/24,Prague_1,4324.81,15.66,1,0,,Saturday,0
4228,2023/6/25,Prague_1,5252.45,15.66,0.9400000000000001,0,,Sunday,0
4228,2023/6/26,Prague_1,3608.36,15.66,0.7,0,,Monday,0
4228,2023/6/27,Prague_1,3947.9300000000003,15.66,0.7299999999999999,0,,Tuesday,0
4228,2023/6/28,Prague_1,3985.66,15.66,1,0,,Wednesday,0
4228,2023/6/29,Prague_1,4942.349999999999,15.66,1,0,,Thursday,0
4228,2023/6/30,Prague_1,4946.62,15.66,1,0,,Friday,0
4228,2023/7/1,Prague_1,3942.1899999999996,15.66,1,0,,Saturday,0
4228,2023/7/2,Prague_1,3956.1899999999996,15.66,1,0,,Sunday,0
4228,2023/7/3,Prague_1,8522.08,15.66,1,0,,Monday,2.48521
4228,2023/7/4,Prague_1,9513.279999999999,15.66,1,0,,Tuesday,2.48521
4228,2023/7/5,Prague_1,8712.269999999999,15.66,1,1,Cyrila a Metodej,Wednesday,2.48521
4228,2023/7/6,Prague_1,7552.51,15.66,1,1,Jan Hus,Thursday,2.48521
4228,2023/7/7,Prague_1,8886.29,15.66,1,0,,Friday,2.48521
4228,2023/7/8,Prague_1,10256.89,15.66,1,0,,Saturday,2.48521
4228,2023/7/9,Prague_1,12591.46,15.66,1,0,,Sunday,2.48521
4228,2023/7/10,Prague_1,4733.259999999999,15.66,0.91,0,,Monday,0
4228,2023/7/11,Prague_1,5163.13,15.66,0.51,0,,Tuesday,0
4228,2023/7/12,Prague_1,4066.2999999999997,15.66,1,0,,Wednesday,0
4228,2023/7/13,Prague_1,4423.16,15.66,1,0,,Thursday,0
4228,2023/7/14,Prague_1,5077.87,15.66,1,0,,Friday,0
4228,2023/7/15,Prague_1,4619.509999999999,15.66,1,0,,Saturday,0
4228,2023/7/16,Prague_1,5126.8,15.66,1,0,,Sunday,0
4228,2023/7/17,Prague_1,4879.98,15.66,1,0,,Monday,0
4228,2023/7/18,Prague_1,3726.0999999999995,15.66,1,0,,Tuesday,0
4228,2023/7/19,Prague_1,4300.38,15.66,1,0,,Wednesday,0
4228,2023/7/20,Prague_1,4152.19,15.66,1,0,,Thursday,0
4228,2023/7/21,Prague_1,4472.37,15.66,1,0,,Friday,0
4228,2023/7/22,Prague_1,3800.9300000000003,15.66,1,0,,Saturday,0
4228,2023/7/23,Prague_1,4329.990000000001,15.66,1,0,,Sunday,0
4228,2023/7/24,Prague_1,9219.769999999999,15.66,1,0,,Monday,2.48521
4228,2023/7/25,Prague_1,8710.87,15.66,0.89,0,,Tuesday,2.48521
4228,2023/7/26,Prague_1,8105.4400000000005,15.66,1,0,,Wednesday,2.48521
4228,2023/7/27,Prague_1,8796.550000000001,15.66,1,0,,Thursday,2.48521
4228,2023/7/28,Prague_1,9506.91,15.66,1,0,,Friday,2.48521
4228,2023/7/29,Prague_1,9083.13,15.66,1,0,,Saturday,2.48521
4228,2023/7/30,Prague_1,9437.19,15.66,1,0,,Sunday,2.48521
4228,2023/7/31,Prague_1,3961.16,15.66,1,0,,Monday,0
4228,2023/8/1,Prague_1,3151.4,15.66,1,0,,Tuesday,0
4228,2023/8/2,Prague_1,3283.28,15.66,1,0,,Wednesday,0
4228,2023/8/3,Prague_1,3189.34,15.66,1,0,,Thursday,0
4228,2023/8/4,Prague_1,3800.02,15.66,1,0,,Friday,0
4228,2023/8/5,Prague_1,3223.64,15.66,1,0,,Saturday,0
4228,2023/8/6,Prague_1,3783.8499999999995,15.66,1,0,,Sunday,0
4228,2023/8/7,Prague_1,2280.74,15.66,0.92,0,,Monday,0
4228,2023/8/8,Prague_1,3778.88,15.66,0.43,1,Peace Festival in Augsburg,Tuesday,0
4228,2023/8/9,Prague_1,3066.28,15.66,1,0,,Wednesday,0
4228,2023/8/10,Prague_1,3951.9900000000002,15.66,1,0,,Thursday,0
4228,2023/8/11,Prague_1,3469.06,15.66,1,0,,Friday,0
4228,2023/8/12,Prague_1,3145.1,15.66,1,0,,Saturday,0
4228,2023/8/13,Prague_1,4201.54,15.66,0.07,0,,Sunday,0
4228,2023/8/16,Prague_1,2968.6299999999997,15.66,0.55,0,,Wednesday,0
4228,2023/8/17,Prague_1,3684.0299999999997,15.66,1,0,,Thursday,0
4228,2023/8/18,Prague_1,3520.9300000000003,15.66,0.67,0,,Friday,0
4228,2023/8/19,Prague_1,3612.4199999999996,15.66,1,0,,Saturday,0
4228,2023/8/20,Prague_1,3831.0999999999995,15.66,1,1,State Foundation Day,Sunday,0
4228,2023/8/21,Prague_1,4349.45,15.66,1,0,,Monday,0
4228,2023/8/22,Prague_1,3561.11,15.66,1,0,,Tuesday,0
4228,2023/8/23,Prague_1,3340.33,15.66,1,0,,Wednesday,0
4228,2023/8/24,Prague_1,3624.46,15.66,1,0,,Thursday,0
4228,2023/8/25,Prague_1,3441.97,15.66,1,0,,Friday,0
4228,2023/8/26,Prague_1,3713.36,15.66,1,0,,Saturday,0
4228,2023/8/27,Prague_1,3860.4300000000003,15.66,1,0,,Sunday,0
4228,2023/8/28,Prague_1,4025.84,15.66,1,0,,Monday,0
4228,2023/8/29,Prague_1,3827.3199999999997,15.66,1,0,,Tuesday,0
4228,2023/8/30,Prague_1,3267.39,15.66,1,0,,Wednesday,0
4228,2023/8/31,Prague_1,3103.8700000000003,15.66,1,0,,Thursday,0
4228,2023/9/1,Prague_1,3684.3100000000004,15.66,1,0,,Friday,0
4228,2023/9/2,Prague_1,3532.06,15.66,1,0,,Saturday,0
4228,2023/9/3,Prague_1,3886.89,15.66,1,0,,Sunday,0
4228,2023/9/4,Prague_1,3769.1500000000005,15.66,1,0,,Monday,0
4228,2023/9/5,Prague_1,3218.53,15.66,1,0,,Tuesday,0
4228,2023/9/6,Prague_1,3526.1800000000003,15.66,1,0,,Wednesday,0
4228,2023/9/7,Prague_1,3671.9900000000002,15.66,1,0,,Thursday,0
4228,2023/9/8,Prague_1,4012.54,15.66,1,0,,Friday,0
4228,2023/9/9,Prague_1,2777.81,15.66,1,0,,Saturday,0
4228,2023/9/10,Prague_1,4395.79,15.66,1,0,,Sunday,0
4228,2023/9/11,Prague_1,4074.84,15.66,0.92,0,,Monday,0
4228,2023/9/12,Prague_1,3934.14,15.66,0.79,0,,Tuesday,0
4228,2023/9/13,Prague_1,3497.5499999999997,15.66,1,0,,Wednesday,0
4228,2023/9/14,Prague_1,3489.78,15.66,1,0,,Thursday,0
4228,2023/9/15,Prague_1,3918.7400000000002,15.66,1,0,,Friday,0
4228,2023/9/16,Prague_1,3050.04,15.66,1,0,,Saturday,0
4228,2023/9/17,Prague_1,4405.17,15.66,1,0,,Sunday,0
4228,2023/9/18,Prague_1,3838.2400000000002,15.66,1,0,,Monday,0
4228,2023/9/19,Prague_1,3040.31,15.66,1,0,,Tuesday,0
4228,2023/9/20,Prague_1,3222.59,15.66,1,0,,Wednesday,0
4228,2023/9/21,Prague_1,4028.29,15.66,1,0,,Thursday,0
4228,2023/9/22,Prague_1,4028.2200000000003,15.66,1,0,,Friday,0
4228,2023/9/23,Prague_1,3215.66,15.66,1,0,,Saturday,0
4228,2023/9/24,Prague_1,3780.63,15.66,1,0,,Sunday,0
4228,2023/9/25,Prague_1,3257.4500000000003,15.66,1,0,,Monday,0
4228,2023/9/26,Prague_1,3177.51,15.66,1,0,,Tuesday,0
4228,2023/9/27,Prague_1,3566.85,15.66,1,0,,Wednesday,0
4228,2023/9/28,Prague_1,3127.6,15.66,1,1,Den ceske statnosti,Thursday,0
4228,2023/9/29,Prague_1,3493.21,15.66,1,0,,Friday,0
4228,2023/9/30,Prague_1,3162.46,15.66,1,0,,Saturday,0
4228,2023/10/1,Prague_1,3853.4300000000003,15.66,1,0,,Sunday,0
4228,2023/10/2,Prague_1,10529.12,15.66,1,0,,Monday,2.8994
4228,2023/10/3,Prague_1,9924.6,15.66,0.57,1,German Unity Day,Tuesday,2.8994
4228,2023/10/4,Prague_1,10002.79,15.66,1,0,,Wednesday,2.8994
4228,2023/10/5,Prague_1,4701.41,15.66,0.08,0,,Thursday,2.8994
4228,2023/10/6,Prague_1,5067.37,15.66,0.33,0,Memorial Day for the Martyrs of Arad,Friday,1.3813799999999998
4228,2023/10/7,Prague_1,3364.83,15.66,1,0,,Saturday,2.8994
4228,2023/10/8,Prague_1,3324.86,15.66,1,0,,Sunday,2.8994
4228,2023/10/9,Prague_1,3372.25,15.66,1,0,,Monday,0
4228,2023/10/10,Prague_1,2732.66,15.66,1,0,,Tuesday,0
4228,2023/10/11,Prague_1,2852.92,15.66,1,0,,Wednesday,0
4228,2023/10/12,Prague_1,3771.7400000000002,15.66,1,0,,Thursday,0
4228,2023/10/13,Prague_1,3827.3199999999997,15.66,1,0,,Friday,0
4228,2023/10/14,Prague_1,3423,15.66,1,0,,Saturday,0
4228,2023/10/15,Prague_1,3413.34,15.66,1,0,,Sunday,0
4228,2023/10/16,Prague_1,3076.64,15.66,1,0,,Monday,0
4228,2023/10/17,Prague_1,2909.41,15.66,1,0,,Tuesday,0
4228,2023/10/18,Prague_1,3159.52,15.66,1,0,,Wednesday,0
4228,2023/10/19,Prague_1,3408.44,15.66,1,0,,Thursday,0
4228,2023/10/20,Prague_1,3873.0299999999997,15.66,1,0,,Friday,0
4228,2023/10/21,Prague_1,2984.7999999999997,15.66,1,0,,Saturday,0
4228,2023/10/22,Prague_1,3353.98,15.66,1,0,,Sunday,0
4228,2023/10/23,Prague_1,3045.6299999999997,16.59,1,1,Memorial day of the 1956 Revolution,Monday,0
4228,2023/10/24,Prague_1,3279.64,16.59,0.6,0,,Tuesday,0
4228,2023/10/25,Prague_1,2986.76,16.59,1,0,,Wednesday,0
4228,2023/10/26,Prague_1,3238.48,16.59,1,0,,Thursday,0
4228,2023/10/27,Prague_1,3666.88,16.59,1,0,,Friday,0
4228,2023/10/28,Prague_1,3313.52,16.59,1,1,Den vzniku samostatneho ceskoslovenskeho statu,Saturday,0
4228,2023/10/29,Prague_1,4525.990000000001,16.59,1,0,,Sunday,0
4228,2023/10/30,Prague_1,3186.33,16.59,1,0,,Monday,0
4228,2023/10/31,Prague_1,2909.34,16.59,1,1,Reformation Day,Tuesday,0
4228,2023/11/1,Prague_1,2946.51,16.59,1,1,All Saints Day,Wednesday,0
4228,2023/11/2,Prague_1,3158.19,16.59,1,0,,Thursday,0
4228,2023/11/3,Prague_1,4439.75,16.59,1,0,,Friday,0
4228,2023/11/4,Prague_1,2784.1800000000003,16.59,1,0,,Saturday,0
4228,2023/11/5,Prague_1,3383.7999999999997,16.59,1,0,,Sunday,0
4228,2023/11/6,Prague_1,2936.29,16.59,1,0,,Monday,0
4228,2023/11/7,Prague_1,2134.23,16.59,0.97,0,,Tuesday,0
4228,2023/11/26,Prague_1,3291.4,18.44,0.75,0,,Sunday,0
4228,2023/11/27,Prague_1,2961.35,18.44,1,0,,Monday,0
4228,2023/11/28,Prague_1,2917.39,18.44,1,0,,Tuesday,0
4228,2023/11/29,Prague_1,3027.01,18.44,1,0,,Wednesday,0
4228,2023/11/30,Prague_1,3698.4500000000003,18.44,1,0,,Thursday,0
4228,2023/12/1,Prague_1,3561.74,18.44,1,0,,Friday,0
4228,2023/12/2,Prague_1,3100.79,18.44,0.48,0,,Saturday,0
4228,2023/12/3,Prague_1,2436.35,18.44,0.63,0,,Sunday,0
4228,2023/12/4,Prague_1,2925.02,18.44,1,0,,Monday,0
4228,2023/12/5,Prague_1,2634.66,18.44,1,0,,Tuesday,0
4228,2023/12/6,Prague_1,2693.9500000000003,18.44,1,0,,Wednesday,0
4228,2023/12/7,Prague_1,2919.21,18.44,1,0,,Thursday,0
4228,2023/12/8,Prague_1,3684.9399999999996,18.44,1,0,,Friday,0
4228,2023/12/9,Prague_1,2654.47,18.44,1,0,,Saturday,0
4228,2023/12/10,Prague_1,3006.92,18.44,1,0,,Sunday,0
4228,2023/12/11,Prague_1,2282.35,18.44,1,0,,Monday,0
4228,2023/12/12,Prague_1,2669.59,18.44,1,0,,Tuesday,0
4228,2023/12/13,Prague_1,2796.22,18.44,1,0,,Wednesday,0
4228,2023/12/14,Prague_1,2572.5,18.44,1,0,,Thursday,0
4228,2023/12/15,Prague_1,3448.48,18.44,1,0,,Friday,0
4228,2023/12/16,Prague_1,2877.0699999999997,18.44,1,0,,Saturday,0
4228,2023/12/17,Prague_1,3120.81,18.44,1,0,,Sunday,0
4228,2023/12/18,Prague_1,2779.14,18.44,1,0,,Monday,0
4228,2023/12/19,Prague_1,1818.1100000000001,18.44,0.91,0,,Tuesday,0
4228,2023/12/20,Prague_1,3863.23,18.44,0.88,0,,Wednesday,0
4228,2023/12/21,Prague_1,3520.79,18.44,1,0,,Thursday,0
4228,2023/12/22,Prague_1,3796.2400000000002,18.44,1,0,,Friday,0
4228,2023/12/23,Prague_1,2242.59,18.44,1,0,,Saturday,0
4228,2023/12/24,Prague_1,535.57,18.44,1,1,Christmas Eve,Sunday,0
4228,2023/12/25,Prague_1,7485.9400000000005,18.44,0.26,1,1st Christmas Day,Monday,1.9585299999999999
4228,2023/12/26,Prague_1,5719.91,18.44,0.58,1,2nd Christmas Day,Tuesday,1.9585299999999999
4228,2023/12/27,Prague_1,7764.400000000001,18.44,1,0,,Wednesday,1.9585299999999999
4228,2023/12/28,Prague_1,8393.769999999999,18.44,1,0,,Thursday,1.9585299999999999
4228,2023/12/29,Prague_1,9924.32,18.44,1,0,,Friday,1.9585299999999999
4228,2023/12/30,Prague_1,9579.92,17.88,1,0,,Saturday,1.9585299999999999
4228,2023/12/31,Prague_1,4272.73,17.88,1,0,,Sunday,1.9585299999999999
4228,2024/1/1,Prague_1,2651.81,17.88,1,1,New Years Day,Monday,0
4228,2024/1/2,Prague_1,4155.62,17.88,1,0,,Tuesday,0
4228,2024/1/3,Prague_1,3937.71,17.88,1,0,,Wednesday,0
4228,2024/1/4,Prague_1,3883.7400000000002,17.88,1,0,,Thursday,0
4228,2024/1/5,Prague_1,3733.38,17.88,1,0,,Friday,0
4228,2024/1/6,Prague_1,3874.0099999999998,17.88,0.72,1,Epiphany,Saturday,0
4228,2024/1/7,Prague_1,3895.8499999999995,17.88,1,0,,Sunday,0
4228,2024/1/8,Prague_1,3849.4399999999996,17.88,1,0,,Monday,0
4228,2024/1/9,Prague_1,4043.62,17.88,1,0,,Tuesday,0
4228,2024/1/10,Prague_1,4011.7000000000003,17.88,1,0,,Wednesday,0
4228,2024/1/11,Prague_1,4522.490000000001,17.88,1,0,,Thursday,0
4228,2024/1/12,Prague_1,5386.150000000001,17.88,1,0,,Friday,0
4228,2024/1/13,Prague_1,3936.2400000000002,17.88,1,0,,Saturday,0
4228,2024/1/14,Prague_1,4345.46,17.88,1,0,,Sunday,0
4228,2024/1/15,Prague_1,16305.52,17.88,1,0,,Monday,3.40935
4228,2024/1/16,Prague_1,15795.850000000002,17.88,1,0,,Tuesday,3.40935
4228,2024/1/17,Prague_1,16684.289999999997,17.88,1,0,,Wednesday,3.40935
4228,2024/1/18,Prague_1,18234.16,17.88,1,0,,Thursday,3.40935
4228,2024/1/19,Prague_1,19229.77,17.88,1,0,,Friday,3.40935
4228,2024/1/20,Prague_1,15190.91,17.88,1,0,,Saturday,3.40935
4228,2024/1/21,Prague_1,15703.94,17.88,1,0,,Sunday,3.40935
4228,2024/1/22,Prague_1,3598.77,17.88,1,0,,Monday,0
4228,2024/1/23,Prague_1,3338.44,17.88,1,0,,Tuesday,0
4228,2024/1/24,Prague_1,3563.21,17.88,1,0,,Wednesday,0
4228,2024/1/25,Prague_1,4524.59,17.88,1,0,,Thursday,0
4228,2024/1/26,Prague_1,5400.849999999999,17.88,1,0,,Friday,0
4228,2024/1/27,Prague_1,3894.0999999999995,17.88,1,0,,Saturday,0
4228,2024/1/28,Prague_1,3957.52,17.88,1,0,,Sunday,0
4228,2024/1/29,Prague_1,3872.96,17.88,1,0,,Monday,0
4228,2024/1/30,Prague_1,3680.5299999999997,17.88,1,0,,Tuesday,0
4228,2024/1/31,Prague_1,3795.3300000000004,17.88,1,0,,Wednesday,0
4228,2024/2/1,Prague_1,4730.25,17.88,0.96,0,Memorial Day of the Republic,Thursday,0
4228,2024/2/2,Prague_1,5067.650000000001,17.88,0.8,0,,Friday,0
4228,2024/2/3,Prague_1,4224.29,17.88,0.8,0,,Saturday,0
4228,2024/2/4,Prague_1,3454.64,17.88,0.75,0,,Sunday,0
4228,2024/2/5,Prague_1,3591.2799999999997,17.88,1,0,,Monday,0
4228,2024/2/6,Prague_1,3657.1500000000005,17.88,1,0,,Tuesday,0
4228,2024/2/7,Prague_1,4469.29,17.88,1,0,,Wednesday,0
4228,2024/2/8,Prague_1,4781.28,17.88,1,0,,Thursday,0
4228,2024/2/9,Prague_1,5296.06,17.88,1,0,,Friday,0
4228,2024/2/10,Prague_1,3827.88,17.88,1,0,,Saturday,0
4228,2024/2/11,Prague_1,4808.09,17.88,1,0,,Sunday,0
4228,2024/2/12,Prague_1,3758.9300000000003,17.88,1,0,,Monday,0
4228,2024/2/13,Prague_1,3516.1,17.88,1,0,,Tuesday,0
4228,2024/2/14,Prague_1,3725.54,17.88,1,0,,Wednesday,0
4228,2024/2/15,Prague_1,4428.62,17.88,1,0,,Thursday,0
4228,2024/2/16,Prague_1,5893.44,17.88,1,0,,Friday,0
4228,2024/2/17,Prague_1,5278.349999999999,17.88,1,0,,Saturday,0
4228,2024/2/18,Prague_1,5058.97,17.88,1,0,,Sunday,0
4228,2024/2/19,Prague_1,11477.970000000001,17.88,1,0,,Monday,3.0466100000000003
4228,2024/2/20,Prague_1,11773.86,17.88,1,0,,Tuesday,3.0466100000000003
4228,2024/2/21,Prague_1,12079.62,17.88,1,0,,Wednesday,3.0466100000000003
4228,2024/2/22,Prague_1,13389.32,17.88,1,0,,Thursday,3.0466100000000003
4228,2024/2/23,Prague_1,14043.19,17.88,1,0,,Friday,3.0466100000000003
4228,2024/2/24,Prague_1,12983.6,17.88,1,0,,Saturday,3.0466100000000003
4228,2024/2/25,Prague_1,13905.29,17.88,1,0,Memorial Day for the Victims of the Communist Dictatorships,Sunday,3.0466100000000003
4228,2024/2/26,Prague_1,8789.269999999999,17.88,1,0,,Monday,1.8550700000000002
4228,2024/2/27,Prague_1,10048.220000000001,17.88,1,0,,Tuesday,2.32127
4228,2024/2/28,Prague_1,4112.92,17.88,1,0,,Wednesday,0.04347
4228,2024/2/29,Prague_1,4736.55,17.88,0.96,0,,Thursday,0
4228,2024/3/1,Prague_1,6015.45,17.88,0.82,0,,Friday,0
4228,2024/3/2,Prague_1,8262.87,17.88,0.02,0,,Saturday,0
4228,2024/3/3,Prague_1,4527.95,17.88,0.67,0,,Sunday,0
4228,2024/3/4,Prague_1,5184.27,17.88,1,0,,Monday,0
4228,2024/3/5,Prague_1,4856.110000000001,17.88,1,0,,Tuesday,0
4228,2024/3/6,Prague_1,4518.08,17.88,1,0,,Wednesday,0
4228,2024/3/7,Prague_1,5950.84,17.88,1,0,,Thursday,0
4228,2024/3/8,Prague_1,5869.150000000001,18.44,1,0,International womens day,Friday,0
4228,2024/3/9,Prague_1,5383.77,18.44,1,0,,Saturday,0
4228,2024/3/10,Prague_1,5156.48,18.44,1,0,,Sunday,0
4228,2024/3/11,Prague_1,4538.94,18.44,1,0,,Monday,0
4228,2024/3/12,Prague_1,4885.02,18.44,1,0,,Tuesday,0
4228,2024/3/13,Prague_1,4444.72,18.44,1,0,,Wednesday,0
4228,2024/3/14,Prague_1,5234.389999999999,18.44,1,0,,Thursday,0
4228,2024/3/15,Prague_1,6669.46,18.44,1,1,Memorial Day for the Victims of the Holocaust,Friday,0
4228,2024/3/16,Prague_1,5567.03,18.44,1,0,,Saturday,0
4228,2024/3/17,Prague_1,4570.650000000001,18.44,1,0,,Sunday,0
4228,2024/3/18,Prague_1,4859.12,18.44,1,0,,Monday,0
4228,2024/3/19,Prague_1,4204.759999999999,18.44,1,0,,Tuesday,0
4228,2024/3/20,Prague_1,5263.650000000001,18.44,0.9400000000000001,0,,Wednesday,0
4228,2024/3/21,Prague_1,5972.33,18.44,1,0,,Thursday,0
4228,2024/3/22,Prague_1,6402.97,18.44,1,0,,Friday,0
4228,2024/3/23,Prague_1,5117.139999999999,18.44,1,0,,Saturday,0
4228,2024/3/24,Prague_1,5294.099999999999,18.44,1,0,,Sunday,0
4228,2024/3/25,Prague_1,5281.639999999999,18.44,1,0,,Monday,0
4228,2024/3/26,Prague_1,5422.69,18.44,0.82,0,,Tuesday,0
4228,2024/3/27,Prague_1,5167.05,18.44,0.82,0,,Wednesday,0
4228,2024/3/28,Prague_1,6679.05,18.44,1,0,,Thursday,0
4228,2024/3/29,Prague_1,3755.7799999999997,18.44,0.61,1,Good Friday,Friday,0
4228,2024/3/30,Prague_1,3782.2400000000002,18.44,1,1,,Saturday,0
4228,2024/3/31,Prague_1,4649.54,18.44,1,1,,Sunday,0
4228,2024/4/1,Prague_1,5694.5,18.44,1,1,Easter Monday,Monday,0
4228,2024/4/2,Prague_1,5324.48,18.44,0.57,0,,Tuesday,0
4228,2024/4/3,Prague_1,4644.92,18.44,0.36,0,,Wednesday,0
4228,2024/4/4,Prague_1,7005.53,18.44,1,0,,Thursday,0
4228,2024/4/5,Prague_1,5385.73,18.44,0.36,0,,Friday,0
4228,2024/4/6,Prague_1,6809.81,18.44,0.8,0,,Saturday,0
4228,2024/4/7,Prague_1,6158.04,18.44,0.82,0,,Sunday,0
4228,2024/4/8,Prague_1,4555.18,18.44,0.37,0,,Monday,0
4228,2024/4/9,Prague_1,5567.59,18.44,0.63,0,,Tuesday,0
4228,2024/4/10,Prague_1,5029.150000000001,18.44,0.7299999999999999,0,,Wednesday,0
4228,2024/4/11,Prague_1,7462.07,18.44,1,0,,Thursday,0
4228,2024/4/12,Prague_1,6734.07,18.44,0.82,0,,Friday,0
4228,2024/4/13,Prague_1,6123.53,18.44,1,0,,Saturday,0
4228,2024/4/14,Prague_1,6490.47,18.44,1,0,,Sunday,0
4228,2024/4/15,Prague_1,13318.34,18.44,1,0,,Monday,2.11057
4228,2024/4/16,Prague_1,12494.16,18.44,1,0,Memorial Day for the Victims of the Holocaust,Tuesday,2.11057
4228,2024/4/17,Prague_1,13123.39,18.44,1,0,,Wednesday,2.11057
4228,2024/4/18,Prague_1,14801.009999999998,18.44,1,0,,Thursday,2.11057
4228,2024/4/19,Prague_1,16194.64,18.44,1,0,,Friday,2.11057
4228,2024/4/20,Prague_1,12721.449999999999,18.44,1,0,,Saturday,2.11057
4228,2024/4/21,Prague_1,12290.18,18.44,1,0,,Sunday,2.11057
4228,2024/4/22,Prague_1,11750.480000000001,18.44,1,0,,Monday,2.11057
4228,2024/4/23,Prague_1,12227.67,18.44,1,0,,Tuesday,2.11057
4228,2024/4/24,Prague_1,10968.86,18.44,1,0,,Wednesday,2.11057
4228,2024/4/25,Prague_1,12213.74,18.44,1,0,,Thursday,2.11057
4228,2024/4/26,Prague_1,14248.779999999999,18.44,1,0,,Friday,2.11057
4228,2024/4/27,Prague_1,10005.1,18.44,1,0,,Saturday,2.11057
4228,2024/4/28,Prague_1,11879.699999999999,18.44,1,0,,Sunday,2.11057
4228,2024/4/29,Prague_1,5522.93,18.44,1,0,,Monday,0
4228,2024/4/30,Prague_1,5488.42,18.44,1,0,,Tuesday,0
4228,2024/5/1,Prague_1,4857.16,18.44,1,1,Labour Day,Wednesday,0
4228,2024/5/2,Prague_1,6164.55,18.44,1,0,,Thursday,0
4228,2024/5/3,Prague_1,6700.400000000001,18.44,1,0,,Friday,0
4228,2024/5/4,Prague_1,4283.02,18.44,0.95,0,,Saturday,0
4228,2024/5/5,Prague_1,4760.349999999999,18.44,0.83,0,,Sunday,0
4228,2024/5/6,Prague_1,4560.08,18.44,1,0,,Monday,0
4228,2024/5/7,Prague_1,7094.849999999999,18.44,0.83,0,,Tuesday,0
4228,2024/5/8,Prague_1,5818.19,18.44,1,1,Den osvobozeni,Wednesday,0
4228,2024/5/9,Prague_1,6868.54,18.44,1,1,Ascension day,Thursday,0
4228,2024/5/10,Prague_1,6949.04,18.44,1,0,,Friday,0
4228,2024/5/11,Prague_1,5552.12,18.44,1,0,,Saturday,0
4228,2024/5/12,Prague_1,6470.31,18.44,1,0,,Sunday,0
4228,2024/5/13,Prague_1,6655.46,18.44,1,0,,Monday,0
4228,2024/5/14,Prague_1,6125.349999999999,18.44,1,0,,Tuesday,0
4228,2024/5/15,Prague_1,5256.860000000001,18.44,1,0,,Wednesday,0
4228,2024/5/16,Prague_1,7038.43,18.44,1,0,,Thursday,0
4228,2024/5/17,Prague_1,7963.2699999999995,18.44,1,0,,Friday,0
4228,2024/5/18,Prague_1,5269.740000000001,18.44,1,0,,Saturday,0
4228,2024/5/19,Prague_1,5829.32,18.44,1,1,Whit sunday,Sunday,0
4228,2024/5/20,Prague_1,5264.98,18.44,1,1,Whit monday,Monday,0
4228,2024/5/21,Prague_1,6049.68,18.44,1,0,National Defense Day,Tuesday,0
4228,2024/5/22,Prague_1,6105.54,18.44,1,0,,Wednesday,0
4228,2024/5/23,Prague_1,6432.37,18.44,1,0,,Thursday,0
4228,2024/5/24,Prague_1,7142.8,18.44,1,0,,Friday,0
4228,2024/5/25,Prague_1,5585.16,18.44,1,0,,Saturday,0
4228,2024/5/26,Prague_1,5641.16,18.44,1,0,,Sunday,0
4228,2024/5/27,Prague_1,4990.09,18.44,1,0,,Monday,0
4228,2024/5/28,Prague_1,4386.48,18.44,1,0,,Tuesday,0
4228,2024/5/29,Prague_1,5535.599999999999,18.44,1,0,,Wednesday,0
4228,2024/5/30,Prague_1,5272.05,18.44,1,1,Corpus Christi,Thursday,0
4228,2024/5/31,Prague_1,6047.650000000001,18.44,1,0,,Friday,0
4228,2024/6/1,Prague_1,4943.54,18.44,1,0,,Saturday,0
4228,2024/6/2,Prague_1,4776.8,18.44,1,0,,Sunday,0
4879,2020/8/1,Prague_1,9461.34,4.48,0.63,0,,Saturday,1.14282
4879,2020/8/2,Prague_1,9717.26,4.48,0.59,0,,Sunday,1.14282
4879,2020/8/3,Prague_1,11117.470000000001,4.48,0.64,0,,Monday,1.14282
4879,2020/8/4,Prague_1,9690.1,4.48,0.6,0,,Tuesday,1.14282
4879,2020/8/5,Prague_1,10960.46,4.48,0.52,0,,Wednesday,1.14282
4879,2020/8/6,Prague_1,7003.43,4.48,0.45,0,,Thursday,1.14282
4879,2020/8/7,Prague_1,11389.84,4.48,0.52,0,,Friday,1.14282
4879,2020/8/8,Prague_1,11056.64,4.48,0.56,1,Peace Festival in Augsburg,Saturday,1.14282
4879,2020/8/9,Prague_1,9119.949999999999,4.48,0.56,0,,Sunday,1.14282
4879,2020/8/10,Prague_1,10764.25,4.48,0.6,0,,Monday,1.14282
4879,2020/8/11,Prague_1,8946.980000000001,4.48,0.61,0,,Tuesday,1.14282
4879,2020/8/12,Prague_1,10435.67,4.48,0.52,0,,Wednesday,1.14282
4879,2020/8/13,Prague_1,9790.34,4.48,0.5,0,,Thursday,1.14282
4879,2020/8/14,Prague_1,10549.35,4.48,0.5,0,,Friday,1.14282
4879,2020/8/15,Prague_1,9896.81,4.48,0.5,1,Assumption of the Virgin Mary,Saturday,1.14282
4879,2020/8/16,Prague_1,10009.720000000001,4.48,0.46,0,,Sunday,1.14282
4879,2020/8/17,Prague_1,10564.12,4.48,0.47000000000000003,0,,Monday,1.14282
4879,2020/8/18,Prague_1,10172.68,4.48,0.5,0,,Tuesday,1.14282
4879,2020/8/19,Prague_1,8790.11,4.48,0.48,0,,Wednesday,1.14282
4879,2020/8/20,Prague_1,8571.15,4.48,0.45,1,State Foundation Day,Thursday,1.14282
4879,2020/8/21,Prague_1,11277.63,4.48,0.47000000000000003,1,Hungary National Day Holiday,Friday,1.14282
4879,2020/8/22,Prague_1,11967.34,4.48,0.48,0,,Saturday,1.14282
4879,2020/8/23,Prague_1,10431.12,4.48,0.47000000000000003,0,,Sunday,1.14282
4879,2020/8/24,Prague_1,10135.51,4.48,0.47000000000000003,0,,Monday,1.14282
4879,2020/8/25,Prague_1,9410.1,4.48,0.47000000000000003,0,,Tuesday,1.14282
4879,2020/8/26,Prague_1,9086.699999999999,4.48,0.47000000000000003,0,,Wednesday,1.14282
4879,2020/8/27,Prague_1,8470.14,4.48,0.47000000000000003,0,,Thursday,1.14282
4879,2020/8/28,Prague_1,9738.33,4.48,0.48,0,,Friday,1.14282
4879,2020/8/29,Prague_1,9401.56,4.48,0.46,0,,Saturday,1.14282
4879,2020/8/30,Prague_1,11840.57,4.48,0.46,0,,Sunday,1.14282
4879,2020/8/31,Prague_1,9634.59,4.48,0.56,0,,Monday,1.14282
4879,2020/9/1,Prague_1,9440.76,4.48,0.57,0,,Tuesday,1.14282
4879,2020/9/2,Prague_1,9791.81,4.48,0.54,0,,Wednesday,1.14282
4879,2020/9/3,Prague_1,9935.800000000001,4.48,0.55,0,,Thursday,1.14282
4879,2020/9/4,Prague_1,10861.9,4.48,0.61,0,,Friday,1.14282
4879,2020/9/5,Prague_1,13078.59,4.48,0.57,0,,Saturday,1.14282
4879,2020/9/6,Prague_1,11471.46,4.48,0.56,0,,Sunday,1.14282
4879,2020/9/7,Prague_1,9757.65,4.48,0.57,0,,Monday,1.14282
4879,2020/9/8,Prague_1,10439.1,4.48,0.61,0,,Tuesday,1.14282
4879,2020/9/9,Prague_1,10633.35,4.48,0.54,0,,Wednesday,1.14282
4879,2020/9/10,Prague_1,11056.71,4.48,0.59,0,,Thursday,1.14282
4879,2020/9/11,Prague_1,11032.91,4.48,0.75,0,,Friday,1.14282
4879,2020/9/12,Prague_1,11360.09,4.48,0.75,0,,Saturday,1.14282
4879,2020/9/13,Prague_1,10675.42,4.48,0.76,0,,Sunday,1.14282
4879,2020/9/14,Prague_1,11087.79,4.48,0.7700000000000001,0,,Monday,1.14282
4879,2020/9/15,Prague_1,10566.5,4.48,0.8099999999999999,0,,Tuesday,1.14282
4879,2020/9/16,Prague_1,9075.08,4.48,0.76,0,,Wednesday,1.14282
4879,2020/9/17,Prague_1,11026.050000000001,4.48,0.7299999999999999,0,,Thursday,1.14282
4879,2020/9/18,Prague_1,13760.88,4.48,0.76,0,,Friday,1.14282
4879,2020/9/19,Prague_1,13725.88,4.48,0.74,0,,Saturday,1.14282
4879,2020/9/20,Prague_1,12681.06,4.48,0.68,0,,Sunday,1.14282
4879,2020/9/21,Prague_1,13278.720000000001,4.48,0.61,0,,Monday,1.14282
4879,2020/9/22,Prague_1,12541.13,4.48,0.56,0,,Tuesday,1.14282
4879,2020/9/23,Prague_1,13708.94,4.48,0.46,0,,Wednesday,1.14282
4879,2020/9/24,Prague_1,13308.470000000001,4.48,0.48,0,,Thursday,1.14282
4879,2020/9/25,Prague_1,16515.73,4.48,0.56,0,,Friday,1.14282
4879,2020/9/26,Prague_1,16574.25,4.48,0.57,0,,Saturday,1.14282
4879,2020/9/27,Prague_1,15070.929999999998,4.48,0.52,0,,Sunday,1.14282
4879,2020/9/28,Prague_1,18381.93,4.48,0.46,1,Den ceske statnosti,Monday,1.14282
4879,2020/9/29,Prague_1,13118,4.48,0.5,0,,Tuesday,1.14282
4879,2020/9/30,Prague_1,13882.82,4.48,0.52,0,,Wednesday,1.14282
4879,2020/10/1,Prague_1,12577.74,4.48,0.52,0,,Thursday,1.14282
4879,2020/10/2,Prague_1,10696.21,4.48,0.58,0,,Friday,1.14282
4879,2020/10/3,Prague_1,15065.399999999998,4.48,0.55,1,German Unity Day,Saturday,1.14282
4879,2020/10/4,Prague_1,14855.960000000001,4.48,0.47000000000000003,0,,Sunday,1.14282
4879,2020/10/5,Prague_1,14906.779999999999,4.48,0.47000000000000003,0,,Monday,1.14282
4879,2020/10/6,Prague_1,14098.49,4.48,0.47000000000000003,0,Memorial Day for the Martyrs of Arad,Tuesday,1.14282
4879,2020/10/7,Prague_1,13930.769999999999,4.48,0.46,0,,Wednesday,1.14282
4879,2020/10/8,Prague_1,14311.71,4.48,0.47000000000000003,0,,Thursday,1.14282
4879,2020/10/9,Prague_1,18876.13,4.48,0.59,0,,Friday,1.14282
4879,2020/10/10,Prague_1,16135.56,4.48,0.64,0,,Saturday,1.14282
4879,2020/10/11,Prague_1,15785.98,4.48,0.79,0,,Sunday,1.14282
4879,2020/10/12,Prague_1,18516.960000000003,4.48,0.76,0,,Monday,1.14282
4879,2020/10/13,Prague_1,13221.74,4.48,0.8,0,,Tuesday,1.14282
4879,2020/10/14,Prague_1,18275.460000000003,4.48,0.8,0,,Wednesday,1.14282
4879,2020/10/15,Prague_1,12564.79,4.48,0.86,0,,Thursday,1.14282
4879,2020/10/16,Prague_1,14689.220000000001,4.48,0.82,0,,Friday,1.14282
4879,2020/10/17,Prague_1,9370.41,4.48,0.83,0,,Saturday,1.14282
4879,2020/10/18,Prague_1,18489.52,4.48,0.86,0,,Sunday,1.14282
4879,2020/10/19,Prague_1,18871.23,4.48,0.76,0,,Monday,1.14282
4879,2020/10/20,Prague_1,18043.2,4.48,0.7299999999999999,0,,Tuesday,1.14282
4879,2020/10/21,Prague_1,18139.17,4.48,0.65,0,,Wednesday,1.14282
4879,2020/10/22,Prague_1,17980.83,4.48,0.87,0,,Thursday,1.14282
4879,2020/10/23,Prague_1,17709.37,4.48,0.8099999999999999,1,Memorial day of the 1956 Revolution,Friday,1.14282
4879,2020/10/24,Prague_1,19336.8,4.48,0.8099999999999999,0,,Saturday,1.14282
4879,2020/10/25,Prague_1,16626.05,4.48,0.62,0,,Sunday,1.14282
4879,2020/10/26,Prague_1,21644.7,4.48,0.54,0,,Monday,1.14282
4879,2020/10/27,Prague_1,19207.37,4.48,0.59,0,,Tuesday,1.14282
4879,2020/10/28,Prague_1,20501.39,4.48,0.59,1,Den vzniku samostatneho ceskoslovenskeho statu,Wednesday,1.14282
4879,2020/10/29,Prague_1,19054.14,4.48,0.56,0,,Thursday,1.14282
4879,2020/10/30,Prague_1,19528.67,4.48,0.57,0,,Friday,1.14282
4879,2020/10/31,Prague_1,20269.899999999998,4.48,0.52,1,Reformation Day,Saturday,1.14282
4879,2020/11/1,Prague_1,17915.45,4.48,0.46,1,All Saints Day,Sunday,1.14282
4879,2020/11/2,Prague_1,18923.17,4.48,0.5,0,,Monday,1.14282
4879,2020/11/3,Prague_1,19511.8,4.48,0.54,0,,Tuesday,1.14282
4879,2020/11/4,Prague_1,19157.18,4.48,0.5,0,,Wednesday,1.14282
4879,2020/11/5,Prague_1,17111.01,4.48,0.51,0,,Thursday,1.14282
4879,2020/11/6,Prague_1,19075.559999999998,4.48,0.55,0,,Friday,1.14282
4879,2020/11/7,Prague_1,18769.38,4.48,0.51,0,,Saturday,1.14282
4879,2020/11/8,Prague_1,19796.210000000003,4.48,0.47000000000000003,0,,Sunday,1.14282
4879,2020/11/9,Prague_1,19694.01,4.48,0.52,0,,Monday,1.14282
4879,2020/11/10,Prague_1,16102.31,4.48,0.51,0,,Tuesday,1.14282
4879,2020/11/11,Prague_1,16725.45,4.48,0.52,0,,Wednesday,1.14282
4879,2020/11/12,Prague_1,17763.62,4.48,0.54,0,,Thursday,1.14282
4879,2020/11/13,Prague_1,26986.05,4.48,0.57,0,,Friday,1.14282
4879,2020/11/14,Prague_1,15187.899999999998,4.48,0.55,0,,Saturday,1.14282
4879,2020/11/15,Prague_1,17431.75,4.48,0.5,0,,Sunday,1.14282
4879,2020/11/16,Prague_1,20264.72,4.48,0.55,0,,Monday,1.14282
4879,2020/11/17,Prague_1,17574.41,4.48,0.6,1,Den boje za svobodu a demokracii,Tuesday,1.14282
4879,2020/11/18,Prague_1,18616.99,4.48,0.55,0,,Wednesday,1.14282
4879,2020/11/19,Prague_1,16631.09,4.48,0.62,0,,Thursday,1.14282
4879,2020/11/20,Prague_1,22229.13,4.48,0.67,0,,Friday,1.14282
4879,2020/11/21,Prague_1,18314.87,4.48,0.65,0,,Saturday,1.14282
4879,2020/11/22,Prague_1,14487.48,4.48,0.64,0,,Sunday,1.14282
4879,2020/11/23,Prague_1,18718.559999999998,4.48,0.62,0,,Monday,1.14282
4879,2020/11/24,Prague_1,18654.93,4.48,0.58,0,,Tuesday,1.14282
4879,2020/11/25,Prague_1,16788.17,4.48,0.6,0,,Wednesday,1.14282
4879,2020/11/26,Prague_1,19928.58,4.48,0.57,0,,Thursday,1.14282
4879,2020/11/27,Prague_1,23758.350000000002,4.48,0.57,0,,Friday,1.14282
4879,2020/11/28,Prague_1,18035.92,4.48,0.52,0,,Saturday,1.14282
4879,2020/11/29,Prague_1,17060.47,4.48,0.48,0,,Sunday,1.14282
4879,2020/11/30,Prague_1,18995.059999999998,4.48,0.51,0,,Monday,1.14282
4879,2020/12/1,Prague_1,16946.86,4.48,0.5,0,,Tuesday,1.14282
4879,2020/12/2,Prague_1,15256.289999999999,4.48,0.48,0,,Wednesday,1.14282
4879,2020/12/3,Prague_1,16552.48,4.48,0.54,0,,Thursday,1.14282
4879,2020/12/4,Prague_1,19555.27,4.48,0.66,0,,Friday,1.14282
4879,2020/12/5,Prague_1,19726.7,4.48,0.66,0,,Saturday,1.14282
4879,2020/12/6,Prague_1,13312.04,4.48,0.55,0,,Sunday,1.14282
4879,2020/12/7,Prague_1,18456.899999999998,4.48,0.48999999999999994,0,,Monday,1.14282
4879,2020/12/8,Prague_1,6670.37,4.48,0.48999999999999994,0,,Tuesday,1.14282
4879,2020/12/9,Prague_1,14300.16,4.48,0.48,0,,Wednesday,1.14282
4879,2020/12/10,Prague_1,16799.16,4.48,0.51,0,,Thursday,1.14282
4879,2020/12/11,Prague_1,18681.67,4.48,0.53,0,,Friday,1.14282
4879,2020/12/12,Prague_1,17801.559999999998,4.48,0.53,0,,Saturday,1.14282
4879,2020/12/13,Prague_1,16847.74,4.48,0.48999999999999994,0,,Sunday,1.14282
4879,2020/12/14,Prague_1,18515.77,4.48,0.5,0,,Monday,1.14282
4879,2020/12/15,Prague_1,13691.93,4.48,0.51,0,,Tuesday,1.14282
4879,2020/12/16,Prague_1,14363.86,4.48,0.51,0,,Wednesday,1.14282
4879,2020/12/17,Prague_1,14555.17,4.48,0.54,0,,Thursday,1.14282
4879,2020/12/18,Prague_1,18473.91,4.48,0.58,0,,Friday,1.14282
4879,2020/12/19,Prague_1,19918.78,4.48,0.6,0,,Saturday,1.14282
4879,2020/12/20,Prague_1,20445.25,4.48,0.57,0,,Sunday,1.14282
4879,2020/12/21,Prague_1,21750.61,4.48,0.57,0,,Monday,1.14282
4879,2020/12/22,Prague_1,22728.72,4.48,0.76,0,,Tuesday,1.14282
4879,2020/12/23,Prague_1,29486.239999999998,4.48,0.89,0,,Wednesday,1.14282
4879,2020/12/24,Prague_1,12650.19,4.48,0.97,1,Christmas Eve,Thursday,1.14282
4879,2020/12/26,Prague_1,20833.89,4.48,0.63,1,2nd Christmas Day,Saturday,1.14282
4879,2020/12/27,Prague_1,21609.49,4.48,0.53,0,,Sunday,1.14282
4879,2020/12/28,Prague_1,22691.690000000002,4.48,0.47000000000000003,0,,Monday,1.14282
4879,2020/12/29,Prague_1,20867.63,4.48,0.48,0,,Tuesday,1.14282
4879,2020/12/30,Prague_1,24122.350000000002,4.48,0.7,0,,Wednesday,1.14282
4879,2020/12/31,Prague_1,28639.38,4.48,0.92,0,,Thursday,1.14282
4879,2021/1/1,Prague_1,0,4.48,0.7299999999999999,1,New Years Day,Friday,1.14282
4879,2021/1/2,Prague_1,17270.960000000003,4.48,0.83,0,,Saturday,1.14282
4879,2021/1/3,Prague_1,16054.779999999999,4.48,0.7,0,,Sunday,1.14282
4879,2021/1/4,Prague_1,16667.49,4.48,0.83,0,,Monday,1.14282
4879,2021/1/5,Prague_1,16154.67,4.48,0.88,0,,Tuesday,1.14282
4879,2021/1/6,Prague_1,19099.01,4.48,1,1,Epiphany,Wednesday,1.14282
4879,2021/1/7,Prague_1,18069.24,4.48,0.74,0,,Thursday,1.14282
4879,2021/1/8,Prague_1,17904.600000000002,4.48,0.7700000000000001,0,,Friday,1.14282
4879,2021/1/9,Prague_1,21201.32,4.48,1,0,,Saturday,1.14282
4879,2021/1/10,Prague_1,22051.75,4.48,1,0,,Sunday,1.14282
4879,2021/1/11,Prague_1,22311.940000000002,4.48,0.9400000000000001,0,,Monday,1.14282
4879,2021/1/12,Prague_1,18532.43,4.48,0.9400000000000001,0,,Tuesday,1.14282
4879,2021/1/13,Prague_1,22529.99,4.48,1,0,,Wednesday,1.14282
4879,2021/1/14,Prague_1,19477.850000000002,4.48,1,0,,Thursday,1.14282
4879,2021/1/15,Prague_1,23506.350000000002,4.48,0.87,0,,Friday,1.14282
4879,2021/1/16,Prague_1,21003.78,4.48,1,0,,Saturday,1.14282
4879,2021/1/17,Prague_1,20953.100000000002,4.48,1,0,,Sunday,1.14282
4879,2021/1/18,Prague_1,20536.039999999997,4.48,1,0,,Monday,1.14282
4879,2021/1/19,Prague_1,21696.850000000002,4.48,1,0,,Tuesday,1.14282
4879,2021/1/20,Prague_1,20486.76,4.48,0.9,0,,Wednesday,1.14282
4879,2021/1/21,Prague_1,15648.5,4.48,1,0,,Thursday,1.14282
4879,2021/1/22,Prague_1,27027.210000000003,4.48,1,0,,Friday,1.14282
4879,2021/1/23,Prague_1,23665.11,4.48,1,0,,Saturday,1.14282
4879,2021/1/24,Prague_1,20370.98,4.48,1,0,,Sunday,1.14282
4879,2021/1/25,Prague_1,19399.59,4.48,1,0,,Monday,1.14282
4879,2021/1/26,Prague_1,17021.83,4.48,0.96,0,,Tuesday,1.14282
4879,2021/1/27,Prague_1,18205.53,4.48,0.9799999999999999,0,,Wednesday,1.14282
4879,2021/1/28,Prague_1,17012.100000000002,4.48,0.97,0,,Thursday,1.14282
4879,2021/1/29,Prague_1,20452.74,4.48,0.97,0,,Friday,1.14282
4879,2021/1/30,Prague_1,20447.350000000002,4.48,0.86,0,,Saturday,1.14282
4879,2021/1/31,Prague_1,19444.809999999998,4.48,1,0,,Sunday,1.14282
4879,2021/2/1,Prague_1,19018.3,4.48,0.99,0,Memorial Day of the Republic,Monday,1.14282
4879,2021/2/2,Prague_1,18901.399999999998,4.48,0.93,0,,Tuesday,1.14282
4879,2021/2/3,Prague_1,19749.52,4.48,1,0,,Wednesday,1.14282
4879,2021/2/4,Prague_1,14849.800000000001,4.48,0.84,0,,Thursday,1.14282
4879,2021/2/5,Prague_1,22417.92,4.48,1,0,,Friday,1.14282
4879,2021/2/6,Prague_1,21633.92,4.48,0.95,0,,Saturday,1.14282
4879,2021/2/7,Prague_1,19287.38,4.48,1,0,,Sunday,1.14282
4879,2021/2/8,Prague_1,19856.83,4.48,0.91,0,,Monday,1.14282
4879,2021/2/9,Prague_1,20625.64,4.48,0.88,0,,Tuesday,1.14282
4879,2021/2/10,Prague_1,18950.190000000002,4.48,0.93,0,,Wednesday,1.14282
4879,2021/2/11,Prague_1,18391.73,4.48,0.89,0,,Thursday,1.14282
4879,2021/2/12,Prague_1,20273.12,4.48,0.99,0,,Friday,1.14282
4879,2021/2/13,Prague_1,22656.34,4.48,1,0,,Saturday,1.14282
4879,2021/2/14,Prague_1,21258.51,4.48,0.89,0,,Sunday,1.14282
4879,2021/2/15,Prague_1,18411.190000000002,4.48,1,0,,Monday,1.14282
4879,2021/2/16,Prague_1,19270.789999999997,4.48,0.99,0,,Tuesday,1.14282
4879,2021/2/17,Prague_1,19452.86,4.48,1,0,,Wednesday,1.14282
4879,2021/2/18,Prague_1,22204.77,4.48,1,0,,Thursday,1.14282
4879,2021/2/19,Prague_1,25219.18,4.48,1,0,,Friday,1.14282
4879,2021/2/20,Prague_1,23922.149999999998,4.48,1,0,,Saturday,1.14282
4879,2021/2/21,Prague_1,18861.57,4.48,0.82,0,,Sunday,1.14282
4879,2021/2/22,Prague_1,21395.99,4.48,0.96,0,,Monday,1.14282
4879,2021/2/23,Prague_1,20805.75,4.48,1,0,,Tuesday,1.14282
4879,2021/2/24,Prague_1,19780.88,4.48,0.72,0,,Wednesday,1.14282
4879,2021/2/25,Prague_1,19467.210000000003,4.48,0.97,0,Memorial Day for the Victims of the Communist Dictatorships,Thursday,1.14282
4879,2021/2/26,Prague_1,22916.600000000002,4.48,0.96,0,,Friday,1.14282
4879,2021/2/27,Prague_1,22443.82,4.48,0.96,0,,Saturday,1.14282
4879,2021/2/28,Prague_1,18043.76,4.48,1,0,,Sunday,1.14282
4879,2021/3/1,Prague_1,18134.34,4.48,1,0,,Monday,1.14282
4879,2021/3/2,Prague_1,22435,4.48,1,0,,Tuesday,1.14282
4879,2021/3/3,Prague_1,24378.899999999998,4.48,1,0,,Wednesday,1.14282
4879,2021/3/4,Prague_1,20643,4.48,1,0,,Thursday,1.14282
4879,2021/3/5,Prague_1,27882.89,4.48,0.9799999999999999,0,,Friday,1.14282
4879,2021/3/6,Prague_1,23618.28,4.48,1,0,,Saturday,1.14282
4879,2021/3/7,Prague_1,23516.850000000002,4.48,0.9,0,,Sunday,1.14282
4879,2021/3/8,Prague_1,19335.82,4.48,0.9,0,International womens day,Monday,1.14282
4879,2021/3/9,Prague_1,22404.899999999998,4.48,1,0,,Tuesday,1.14282
4879,2021/3/10,Prague_1,21353.92,4.48,1,0,,Wednesday,1.14282
4879,2021/3/11,Prague_1,21013.649999999998,4.48,0.97,0,,Thursday,1.14282
4879,2021/3/12,Prague_1,22777.72,4.48,1,0,,Friday,1.14282
4879,2021/3/13,Prague_1,26576.899999999998,4.48,1,0,,Saturday,1.14282
4879,2021/3/14,Prague_1,21603.399999999998,4.48,0.9,0,,Sunday,1.14282
4879,2021/3/15,Prague_1,20337.17,4.48,0.93,1,Memorial Day for the Victims of the Holocaust,Monday,1.14282
4879,2021/3/16,Prague_1,19447.539999999997,4.48,0.92,0,,Tuesday,1.14282
4879,2021/3/17,Prague_1,20168.190000000002,4.48,0.89,0,,Wednesday,1.14282
4879,2021/3/18,Prague_1,19871.600000000002,4.48,0.95,0,,Thursday,1.14282
4879,2021/3/19,Prague_1,27898.5,4.48,0.97,0,,Friday,1.14282
4879,2021/3/20,Prague_1,25753.559999999998,4.48,0.93,0,,Saturday,1.14282
4879,2021/3/21,Prague_1,21673.960000000003,4.48,1,0,,Sunday,1.14282
4879,2021/3/22,Prague_1,19774.789999999997,4.48,1,0,,Monday,1.14282
4879,2021/3/23,Prague_1,21442.539999999997,4.48,0.87,0,,Tuesday,1.14282
4879,2021/3/24,Prague_1,22303.539999999997,4.48,1,0,,Wednesday,1.14282
4879,2021/3/25,Prague_1,18172.559999999998,4.48,0.91,0,,Thursday,1.14282
4879,2021/3/26,Prague_1,23567.32,4.48,1,0,,Friday,1.14282
4879,2021/3/27,Prague_1,26552.12,4.48,0.85,0,,Saturday,1.14282
4879,2021/3/28,Prague_1,20776.559999999998,4.48,1,0,,Sunday,1.14282
4879,2021/3/29,Prague_1,21168.07,4.48,0.92,0,,Monday,1.14282
4879,2021/3/30,Prague_1,21043.26,4.48,0.87,0,,Tuesday,1.14282
4879,2021/3/31,Prague_1,23502.149999999998,4.48,0.87,0,,Wednesday,1.14282
4879,2021/4/1,Prague_1,27410.600000000002,4.48,0.86,0,,Thursday,1.14282
4879,2021/4/2,Prague_1,31757.32,4.48,0.93,1,Good Friday,Friday,1.14282
4879,2021/4/3,Prague_1,24991.26,4.48,0.82,1,,Saturday,1.14282
4879,2021/4/4,Prague_1,20903.12,4.48,0.87,1,,Sunday,1.14282
4879,2021/4/5,Prague_1,18940.600000000002,4.48,1,1,Easter Monday,Monday,1.14282
4879,2021/4/6,Prague_1,25186.350000000002,4.48,0.99,0,,Tuesday,1.14282
4879,2021/4/7,Prague_1,17965.99,4.48,0.99,0,,Wednesday,1.14282
4879,2021/4/8,Prague_1,21186.62,4.48,0.9,0,,Thursday,1.14282
4879,2021/4/9,Prague_1,28027.649999999998,4.48,1,0,,Friday,1.14282
4879,2021/4/10,Prague_1,26333.86,4.48,1,0,,Saturday,1.14282
4879,2021/4/11,Prague_1,21852.74,4.48,1,0,,Sunday,1.14282
4879,2021/4/12,Prague_1,21306.74,4.48,0.92,0,,Monday,1.14282
4879,2021/4/13,Prague_1,19000.59,4.48,1,0,,Tuesday,1.14282
4879,2021/4/14,Prague_1,22189.789999999997,4.48,1,0,,Wednesday,1.14282
4879,2021/4/15,Prague_1,21954.73,4.48,1,0,,Thursday,1.14282
4879,2021/4/16,Prague_1,28667.17,4.48,1,0,Memorial Day for the Victims of the Holocaust,Friday,1.14282
4879,2021/4/17,Prague_1,27652.8,4.48,1,0,,Saturday,1.14282
4879,2021/4/18,Prague_1,21249.690000000002,4.48,1,0,,Sunday,1.14282
4879,2021/4/19,Prague_1,20730.22,4.48,1,0,,Monday,1.14282
4879,2021/4/20,Prague_1,21523.95,4.48,1,0,,Tuesday,1.14282
4879,2021/4/21,Prague_1,19909.05,4.48,1,0,,Wednesday,1.14282
4879,2021/4/22,Prague_1,20455.399999999998,4.48,1,0,,Thursday,1.14282
4879,2021/4/23,Prague_1,25837.210000000003,4.48,1,0,,Friday,1.14282
4879,2021/4/24,Prague_1,24197.39,4.48,1,0,,Saturday,1.14282
4879,2021/4/25,Prague_1,19251.190000000002,4.48,1,0,,Sunday,1.14282
4879,2021/4/26,Prague_1,20389.74,4.48,1,0,,Monday,1.14282
4879,2021/4/27,Prague_1,20429.289999999997,4.48,1,0,,Tuesday,1.14282
4879,2021/4/28,Prague_1,18053.07,4.48,1,0,,Wednesday,1.14282
4879,2021/4/29,Prague_1,21362.600000000002,4.48,1,0,,Thursday,1.14282
4879,2021/4/30,Prague_1,29052.03,4.48,1,0,,Friday,1.14282
4879,2021/5/1,Prague_1,22571.57,4.48,1,1,Labour Day,Saturday,1.14282
4879,2021/5/2,Prague_1,20832.77,4.48,1,0,,Sunday,1.14282
4879,2021/5/3,Prague_1,19359.27,4.48,1,0,,Monday,1.14282
4879,2021/5/4,Prague_1,20660.01,4.48,1,0,,Tuesday,1.14282
4879,2021/5/5,Prague_1,17499.649999999998,4.48,1,0,,Wednesday,1.14282
4879,2021/5/6,Prague_1,19988.92,4.48,1,0,,Thursday,1.14282
4879,2021/5/7,Prague_1,26988.08,4.48,1,0,,Friday,1.14282
4879,2021/5/8,Prague_1,23615.62,4.48,0.95,1,Den osvobozeni,Saturday,1.14282
4879,2021/5/9,Prague_1,18184.460000000003,4.48,1,0,,Sunday,1.14282
4879,2021/5/10,Prague_1,19319.02,4.48,1,0,,Monday,1.14282
4879,2021/5/11,Prague_1,16569,4.48,1,0,,Tuesday,1.14282
4879,2021/5/12,Prague_1,15489.179999999998,4.48,0.9799999999999999,0,,Wednesday,1.14282
4879,2021/5/13,Prague_1,19000.38,4.48,0.88,1,Ascension day,Thursday,1.14282
4879,2021/5/14,Prague_1,23903.809999999998,4.48,1,0,,Friday,1.14282
4879,2021/5/15,Prague_1,24661.28,4.48,1,0,,Saturday,1.14282
4879,2021/5/16,Prague_1,19473.72,4.48,0.97,0,,Sunday,1.14282
4879,2021/5/17,Prague_1,15868.300000000001,4.48,1,0,,Monday,1.14282
4879,2021/5/18,Prague_1,18955.23,4.48,0.9799999999999999,0,,Tuesday,1.14282
4879,2021/5/19,Prague_1,17414.460000000003,4.48,1,0,,Wednesday,1.14282
4879,2021/5/20,Prague_1,19710.11,4.48,1,0,,Thursday,1.14282
4879,2021/5/21,Prague_1,24759.63,4.48,1,0,National Defense Day,Friday,1.14282
4879,2021/5/22,Prague_1,22040.76,4.48,1,0,,Saturday,1.14282
4879,2021/5/23,Prague_1,18679.289999999997,4.48,0.9799999999999999,1,Whit sunday,Sunday,1.14282
4879,2021/5/24,Prague_1,16996.91,4.48,0.95,1,Whit monday,Monday,1.14282
4879,2021/5/25,Prague_1,16640.539999999997,4.48,1,0,,Tuesday,1.14282
4879,2021/5/26,Prague_1,17394.440000000002,4.48,0.87,0,,Wednesday,1.14282
4879,2021/5/27,Prague_1,16845.43,4.48,1,0,,Thursday,0.39998
4879,2021/5/28,Prague_1,21493.99,4.48,1,0,,Friday,1.0544099999999998
4879,2021/5/29,Prague_1,21978.74,4.48,1,0,,Saturday,1.0544099999999998
4879,2021/5/30,Prague_1,18484.62,4.48,1,0,,Sunday,1.0544099999999998
4879,2021/5/31,Prague_1,19259.03,4.48,0.9799999999999999,0,,Monday,1.0544099999999998
4879,2021/6/1,Prague_1,17148.39,4.48,1,0,,Tuesday,1.0544099999999998
4879,2021/6/2,Prague_1,17002.09,4.48,1,0,,Wednesday,1.0544099999999998
4879,2021/6/3,Prague_1,15078.490000000002,4.48,1,1,Corpus Christi,Thursday,1.0544099999999998
4879,2021/6/4,Prague_1,22129.73,4.48,0.96,0,Day of National Unity,Friday,1.0544099999999998
4879,2021/6/5,Prague_1,17759.28,4.48,1,0,,Saturday,1.0544099999999998
4879,2021/6/6,Prague_1,18137.28,4.48,1,0,,Sunday,1.0544099999999998
4879,2021/6/7,Prague_1,17580.43,4.48,0.99,0,,Monday,1.0544099999999998
4879,2021/6/8,Prague_1,16086,4.48,1,0,,Tuesday,1.0544099999999998
4879,2021/6/9,Prague_1,15981.279999999999,4.48,0.99,0,,Wednesday,1.0544099999999998
4879,2021/6/10,Prague_1,16958.899999999998,4.48,1,0,,Thursday,1.0544099999999998
4879,2021/6/11,Prague_1,21122.710000000003,4.48,1,0,,Friday,1.0544099999999998
4879,2021/6/12,Prague_1,17871,4.48,1,0,,Saturday,1.0544099999999998
4879,2021/6/13,Prague_1,17548.09,4.48,1,0,,Sunday,1.0544099999999998
4879,2021/6/14,Prague_1,16953.37,4.48,0.95,0,,Monday,1.0544099999999998
4879,2021/6/15,Prague_1,13787.550000000001,4.48,0.96,0,,Tuesday,1.0544099999999998
4879,2021/6/16,Prague_1,17369.45,4.48,1,0,,Wednesday,1.0544099999999998
4879,2021/6/17,Prague_1,14176.12,4.48,1,0,,Thursday,1.0544099999999998
4879,2021/6/18,Prague_1,21890.399999999998,4.48,1,0,,Friday,1.0544099999999998
4879,2021/6/19,Prague_1,16934.399999999998,4.48,1,0,Independent Hungary Day,Saturday,1.0544099999999998
4879,2021/6/20,Prague_1,15738.800000000001,4.48,1,0,,Sunday,1.0544099999999998
4879,2021/6/21,Prague_1,16939.02,4.48,1,0,,Monday,1.0544099999999998
4879,2021/6/22,Prague_1,14818.789999999999,4.48,0.83,0,,Tuesday,1.0544099999999998
4879,2021/6/23,Prague_1,15296.470000000001,4.48,1,0,,Wednesday,1.0544099999999998
4879,2021/6/24,Prague_1,15660.960000000001,4.48,1,0,,Thursday,1.0544099999999998
4879,2021/6/25,Prague_1,17687.32,4.48,1,0,,Friday,1.0544099999999998
4879,2021/6/26,Prague_1,17731.84,4.48,1,0,,Saturday,1.0544099999999998
4879,2021/6/27,Prague_1,16784.25,4.48,1,0,,Sunday,1.0544099999999998
4879,2021/6/28,Prague_1,16052.539999999999,4.48,1,0,,Monday,1.0544099999999998
4879,2021/6/29,Prague_1,16325.33,4.48,1,0,,Tuesday,1.0544099999999998
4879,2021/6/30,Prague_1,14196.699999999999,4.48,1,0,,Wednesday,1.0544099999999998
4879,2021/7/1,Prague_1,13943.65,4.48,1,0,,Thursday,1.0544099999999998
4879,2021/7/2,Prague_1,18795.14,4.48,1,0,,Friday,1.0544099999999998
4879,2021/7/3,Prague_1,15527.960000000001,4.48,1,0,,Saturday,1.0544099999999998
4879,2021/7/4,Prague_1,14732.34,4.48,1,0,,Sunday,1.0544099999999998
4879,2021/7/5,Prague_1,16065.070000000002,4.48,0.91,1,Cyrila a Metodej,Monday,1.0544099999999998
4879,2021/7/6,Prague_1,14383.880000000001,4.48,1,1,Jan Hus,Tuesday,1.0544099999999998
4879,2021/7/7,Prague_1,12015.85,4.48,1,0,,Wednesday,1.0544099999999998
4879,2021/7/8,Prague_1,11733.19,4.48,1,0,,Thursday,1.0544099999999998
4879,2021/7/9,Prague_1,17325.98,4.48,1,0,,Friday,1.0544099999999998
4879,2021/7/10,Prague_1,16584.399999999998,4.48,1,0,,Saturday,1.0544099999999998
4879,2021/7/11,Prague_1,15522.220000000001,4.48,0.9799999999999999,0,,Sunday,1.0544099999999998
4879,2021/7/12,Prague_1,12700.449999999999,4.48,1,0,,Monday,1.0544099999999998
4879,2021/7/13,Prague_1,13579.44,4.48,1,0,,Tuesday,1.0544099999999998
4879,2021/7/14,Prague_1,14558.880000000001,4.48,0.97,0,,Wednesday,1.0544099999999998
4879,2021/7/15,Prague_1,14072.800000000001,4.48,1,0,,Thursday,1.0544099999999998
4879,2021/7/16,Prague_1,18474.75,4.48,1,0,,Friday,1.0544099999999998
4879,2021/7/17,Prague_1,16539.039999999997,4.48,1,0,,Saturday,1.0544099999999998
4879,2021/7/18,Prague_1,14992.740000000002,4.48,1,0,,Sunday,1.0544099999999998
4879,2021/7/19,Prague_1,14555.800000000001,4.48,1,0,,Monday,1.0544099999999998
4879,2021/7/20,Prague_1,14215.81,4.48,1,0,,Tuesday,1.0544099999999998
4879,2021/7/21,Prague_1,13774.74,4.48,0.99,0,,Wednesday,1.0544099999999998
4879,2021/7/22,Prague_1,12599.09,4.48,1,0,,Thursday,1.0544099999999998
4879,2021/7/23,Prague_1,14468.02,4.48,1,0,,Friday,1.0544099999999998
4879,2021/7/24,Prague_1,14726.880000000001,4.48,1,0,,Saturday,1.0544099999999998
4879,2021/7/25,Prague_1,15806.42,4.48,0.99,0,,Sunday,1.0544099999999998
4879,2021/7/26,Prague_1,12727.4,4.48,0.96,0,,Monday,1.0544099999999998
4879,2021/7/27,Prague_1,13007.4,4.48,1,0,,Tuesday,1.0544099999999998
4879,2021/7/28,Prague_1,14500.08,4.48,1,0,,Wednesday,1.0544099999999998
4879,2021/7/29,Prague_1,14282.519999999999,4.48,1,0,,Thursday,1.0544099999999998
4879,2021/7/30,Prague_1,16668.399999999998,4.48,1,0,,Friday,1.0544099999999998
4879,2021/7/31,Prague_1,14459.899999999998,4.48,0.92,0,,Saturday,1.0544099999999998
4879,2021/8/1,Prague_1,13508.04,4.48,1,0,,Sunday,1.0544099999999998
4879,2021/8/2,Prague_1,15583.75,4.48,1,0,,Monday,1.0544099999999998
4879,2021/8/3,Prague_1,13655.11,4.48,0.9799999999999999,0,,Tuesday,1.0544099999999998
4879,2021/8/4,Prague_1,10221.68,4.48,1,0,,Wednesday,1.0544099999999998
4879,2021/8/5,Prague_1,15024.17,4.48,1,0,,Thursday,1.0544099999999998
4879,2021/8/6,Prague_1,17179.12,4.48,0.99,0,,Friday,1.0544099999999998
4879,2021/8/7,Prague_1,14660.52,4.48,1,0,,Saturday,1.0544099999999998
4879,2021/8/8,Prague_1,14070.14,4.48,1,1,Peace Festival in Augsburg,Sunday,1.0544099999999998
4879,2021/8/9,Prague_1,14176.26,4.48,1,0,,Monday,1.0544099999999998
4879,2021/8/10,Prague_1,13258.769999999999,4.48,1,0,,Tuesday,1.0544099999999998
4879,2021/8/11,Prague_1,14418.949999999999,4.48,1,0,,Wednesday,1.0544099999999998
4879,2021/8/12,Prague_1,13684.16,4.48,1,0,,Thursday,1.0544099999999998
4879,2021/8/13,Prague_1,17550.539999999997,4.48,0.97,0,,Friday,1.0544099999999998
4879,2021/8/14,Prague_1,16401.77,4.48,1,0,,Saturday,1.0544099999999998
4879,2021/8/15,Prague_1,15062.740000000002,4.48,0.99,1,Assumption of the Virgin Mary,Sunday,1.0544099999999998
4879,2021/8/16,Prague_1,15190.630000000001,4.48,1,0,,Monday,1.0544099999999998
4879,2021/8/17,Prague_1,13629.35,4.48,0.84,0,,Tuesday,1.0544099999999998
4879,2021/8/18,Prague_1,12473.230000000001,4.48,0.9799999999999999,0,,Wednesday,1.0544099999999998
4879,2021/8/19,Prague_1,14435.259999999998,4.48,0.9799999999999999,0,,Thursday,1.0544099999999998
4879,2021/8/20,Prague_1,16298.59,4.48,1,1,State Foundation Day,Friday,1.0544099999999998
4879,2021/8/21,Prague_1,17057.039999999997,4.48,1,0,,Saturday,1.0544099999999998
4879,2021/8/22,Prague_1,18393.97,4.48,1,0,,Sunday,1.0544099999999998
4879,2021/8/23,Prague_1,16699.76,4.48,1,0,,Monday,1.0544099999999998
4879,2021/8/24,Prague_1,13863.220000000001,4.48,0.9799999999999999,0,,Tuesday,1.0544099999999998
4879,2021/8/25,Prague_1,13367.199999999999,4.48,0.9799999999999999,0,,Wednesday,1.0544099999999998
4879,2021/8/26,Prague_1,14877.449999999999,4.48,0.97,0,,Thursday,1.0544099999999998
4879,2021/8/27,Prague_1,14873.25,4.48,0.9799999999999999,0,,Friday,1.0544099999999998
4879,2021/8/28,Prague_1,17833.059999999998,4.48,0.87,0,,Saturday,1.0544099999999998
4879,2021/8/29,Prague_1,16218.44,4.48,0.93,0,,Sunday,1.0544099999999998
4879,2021/8/30,Prague_1,14812.070000000002,4.48,0.97,0,,Monday,1.0544099999999998
4879,2021/8/31,Prague_1,15061.06,4.48,0.89,0,,Tuesday,1.0544099999999998
4879,2021/9/1,Prague_1,14608.300000000001,4.48,1,0,,Wednesday,1.0544099999999998
4879,2021/9/2,Prague_1,13985.86,4.48,1,0,,Thursday,1.0544099999999998
4879,2021/9/3,Prague_1,20058.92,4.48,0.99,0,,Friday,1.0544099999999998
4879,2021/9/4,Prague_1,15739.850000000002,4.48,1,0,,Saturday,1.0544099999999998
4879,2021/9/5,Prague_1,17444.84,4.48,1,0,,Sunday,1.0544099999999998
4879,2021/9/6,Prague_1,16502.22,4.48,1,0,,Monday,1.0544099999999998
4879,2021/9/7,Prague_1,16141.649999999998,4.48,1,0,,Tuesday,1.0544099999999998
4879,2021/9/8,Prague_1,13560.050000000001,4.48,0.9400000000000001,0,,Wednesday,1.0544099999999998
4879,2021/9/9,Prague_1,13483.19,4.48,1,0,,Thursday,1.0544099999999998
4879,2021/9/10,Prague_1,18971.82,4.48,1,0,,Friday,1.0544099999999998
4879,2021/9/11,Prague_1,15009.259999999998,4.48,1,0,,Saturday,1.0544099999999998
4879,2021/9/12,Prague_1,16056.179999999998,4.48,1,0,,Sunday,1.0544099999999998
4879,2021/9/13,Prague_1,13359.64,4.48,1,0,,Monday,1.0544099999999998
4879,2021/9/14,Prague_1,18169.41,4.48,0.9799999999999999,0,,Tuesday,1.0544099999999998
4879,2021/9/15,Prague_1,17730.789999999997,4.48,0.97,0,,Wednesday,1.0544099999999998
4879,2021/9/16,Prague_1,15275.119999999999,4.48,1,0,,Thursday,1.0544099999999998
4879,2021/9/17,Prague_1,19650.26,4.48,0.88,0,,Friday,1.0544099999999998
4879,2021/9/18,Prague_1,15499.19,4.48,1,0,,Saturday,1.0544099999999998
4879,2021/9/19,Prague_1,18329.22,4.48,1,0,,Sunday,1.0544099999999998
4879,2021/9/20,Prague_1,16334.990000000002,4.48,0.79,0,,Monday,1.0544099999999998
4879,2021/9/21,Prague_1,17064.32,4.48,0.99,0,,Tuesday,1.0544099999999998
4879,2021/9/22,Prague_1,15464.539999999999,4.48,1,0,,Wednesday,1.0544099999999998
4879,2021/9/23,Prague_1,16872.38,4.48,1,0,,Thursday,1.0544099999999998
4879,2021/9/24,Prague_1,24712.45,4.48,1,0,,Friday,1.0544099999999998
4879,2021/9/25,Prague_1,21121.52,4.48,1,0,,Saturday,1.0544099999999998
4879,2021/9/26,Prague_1,16001.929999999998,4.48,1,0,,Sunday,1.0544099999999998
4879,2021/9/27,Prague_1,19005.77,4.48,0.9799999999999999,0,,Monday,1.0544099999999998
4879,2021/9/28,Prague_1,19026.28,4.48,0.8099999999999999,1,Den ceske statnosti,Tuesday,1.0544099999999998
4879,2021/9/29,Prague_1,17674.51,4.48,1,0,,Wednesday,1.0544099999999998
4879,2021/9/30,Prague_1,16180.710000000001,4.48,1,0,,Thursday,1.0544099999999998
4879,2021/10/1,Prague_1,23151.309999999998,4.48,1,0,,Friday,1.0544099999999998
4879,2021/10/2,Prague_1,22216.39,4.48,1,0,,Saturday,1.0544099999999998
4879,2021/10/3,Prague_1,20135.99,4.48,0.93,1,German Unity Day,Sunday,1.0544099999999998
4879,2021/10/4,Prague_1,15030.119999999999,4.48,1,0,,Monday,1.0544099999999998
4879,2021/10/5,Prague_1,17131.45,4.48,1,0,,Tuesday,1.0544099999999998
4879,2021/10/6,Prague_1,19700.100000000002,4.48,1,0,Memorial Day for the Martyrs of Arad,Wednesday,1.0544099999999998
4879,2021/10/7,Prague_1,17987.059999999998,4.48,1,0,,Thursday,1.0544099999999998
4879,2021/10/8,Prague_1,22027.600000000002,4.48,1,0,,Friday,1.0544099999999998
4879,2021/10/9,Prague_1,18394.039999999997,4.48,0.88,0,,Saturday,1.0544099999999998
4879,2021/10/10,Prague_1,18604.039999999997,4.48,0.91,0,,Sunday,1.0544099999999998
4879,2021/10/11,Prague_1,20744.08,4.48,0.95,0,,Monday,1.0544099999999998
4879,2021/10/12,Prague_1,18556.72,4.48,1,0,,Tuesday,1.0544099999999998
4879,2021/10/13,Prague_1,18769.73,4.48,1,0,,Wednesday,1.0544099999999998
4879,2021/10/14,Prague_1,19084.8,4.48,1,0,,Thursday,1.0544099999999998
4879,2021/10/15,Prague_1,24446.100000000002,4.48,1,0,,Friday,1.0544099999999998
4879,2021/10/16,Prague_1,20393.87,4.48,0.97,0,,Saturday,1.0544099999999998
4879,2021/10/17,Prague_1,17441.2,4.48,0.82,0,,Sunday,1.0544099999999998
4879,2021/10/18,Prague_1,17430.63,4.48,1,0,,Monday,1.0544099999999998
4879,2021/10/19,Prague_1,18096.399999999998,4.48,0.99,0,,Tuesday,1.0544099999999998
4879,2021/10/20,Prague_1,17468.22,4.48,1,0,,Wednesday,1.0544099999999998
4879,2021/10/21,Prague_1,19137.72,4.48,0.95,0,,Thursday,1.0544099999999998
4879,2021/10/22,Prague_1,25312.91,4.48,1,0,,Friday,1.0544099999999998
4879,2021/10/23,Prague_1,21719.39,4.48,1,1,Memorial day of the 1956 Revolution,Saturday,1.0544099999999998
4879,2021/10/24,Prague_1,20018.32,4.48,1,0,,Sunday,1.0544099999999998
4879,2021/10/25,Prague_1,20576.36,4.48,1,0,,Monday,1.0544099999999998
4879,2021/10/26,Prague_1,16249.94,4.48,1,0,,Tuesday,1.0544099999999998
4879,2021/10/27,Prague_1,20683.39,4.48,0.84,0,,Wednesday,1.0544099999999998
4879,2021/10/28,Prague_1,22706.95,4.48,0.85,1,Den vzniku samostatneho ceskoslovenskeho statu,Thursday,1.0544099999999998
4879,2021/10/29,Prague_1,18721.57,4.48,1,0,,Friday,1.0544099999999998
4879,2021/10/30,Prague_1,18581.64,4.48,1,0,,Saturday,1.0544099999999998
4879,2021/10/31,Prague_1,24623.690000000002,4.48,1,1,Reformation Day,Sunday,1.0544099999999998
4879,2021/11/1,Prague_1,18524.45,4.48,0.83,1,All Saints Day,Monday,1.0544099999999998
4879,2021/11/2,Prague_1,9597.21,4.48,0.47000000000000003,0,,Tuesday,1.0544099999999998
4879,2021/11/3,Prague_1,15503.740000000002,4.48,0.62,0,,Wednesday,1.0544099999999998
4879,2021/11/4,Prague_1,14821.52,4.48,0.74,0,,Thursday,1.0544099999999998
4879,2021/11/5,Prague_1,24294.97,4.48,1,0,,Friday,1.0544099999999998
4879,2021/11/6,Prague_1,21927.22,4.48,1,0,,Saturday,1.0544099999999998
4879,2021/11/7,Prague_1,21823.690000000002,4.48,1,0,,Sunday,1.0544099999999998
4879,2021/11/8,Prague_1,20252.33,4.48,1,0,,Monday,1.0544099999999998
4879,2021/11/9,Prague_1,16382.029999999999,4.48,1,0,,Tuesday,1.0544099999999998
4879,2021/11/10,Prague_1,19464.41,4.48,1,0,,Wednesday,1.0544099999999998
4879,2021/11/11,Prague_1,21872.83,4.48,1,0,,Thursday,1.0544099999999998
4879,2021/11/12,Prague_1,26489.26,4.48,1,0,,Friday,1.0544099999999998
4879,2021/11/13,Prague_1,22934.59,4.48,1,0,,Saturday,1.0544099999999998
4879,2021/11/14,Prague_1,21134.61,4.48,1,0,,Sunday,1.0544099999999998
4879,2021/11/15,Prague_1,20276.690000000002,4.48,1,0,,Monday,1.0544099999999998
4879,2021/11/16,Prague_1,21962.99,4.48,0.92,0,,Tuesday,1.0544099999999998
4879,2021/11/17,Prague_1,22648.850000000002,4.48,1,1,Den boje za svobodu a demokracii,Wednesday,1.0544099999999998
4879,2021/11/18,Prague_1,20062.210000000003,4.48,1,0,,Thursday,1.0544099999999998
4879,2021/11/19,Prague_1,27981.24,4.48,1,0,,Friday,1.0544099999999998
4879,2021/11/20,Prague_1,23048.55,4.48,1,0,,Saturday,1.0544099999999998
4879,2021/11/21,Prague_1,24635.17,4.48,1,0,,Sunday,1.0544099999999998
4879,2021/11/22,Prague_1,23665.600000000002,4.48,1,0,,Monday,1.0544099999999998
4879,2021/11/23,Prague_1,21092.960000000003,4.48,0.9,0,,Tuesday,1.0544099999999998
4879,2021/11/24,Prague_1,19945.100000000002,4.48,1,0,,Wednesday,1.0544099999999998
4879,2021/11/25,Prague_1,22812.58,4.48,1,0,,Thursday,1.0544099999999998
4879,2021/11/26,Prague_1,28307.23,4.48,1,0,,Friday,1.0544099999999998
4879,2021/11/27,Prague_1,23968.14,4.48,1,0,,Saturday,1.0544099999999998
4879,2021/11/28,Prague_1,26936.49,4.48,1,0,,Sunday,1.0544099999999998
4879,2021/11/29,Prague_1,20301.75,4.48,1,0,,Monday,1.0544099999999998
4879,2021/11/30,Prague_1,25819.710000000003,4.48,1,0,,Tuesday,1.0544099999999998
4879,2021/12/1,Prague_1,20807.22,4.48,1,0,,Wednesday,1.0544099999999998
4879,2021/12/2,Prague_1,22211.210000000003,4.48,0.97,0,,Thursday,1.0544099999999998
4879,2021/12/3,Prague_1,25736.27,4.48,1,0,,Friday,1.0544099999999998
4879,2021/12/4,Prague_1,22690.43,4.48,1,0,,Saturday,1.0544099999999998
4879,2021/12/5,Prague_1,23867.83,4.48,1,0,,Sunday,1.0544099999999998
4879,2021/12/6,Prague_1,20089.09,4.48,1,0,,Monday,1.0544099999999998
4879,2021/12/7,Prague_1,19536.58,4.48,1,0,,Tuesday,1.0544099999999998
4879,2021/12/8,Prague_1,21517.440000000002,4.48,0.9799999999999999,0,,Wednesday,1.0544099999999998
4879,2021/12/9,Prague_1,22168.649999999998,4.48,1,0,,Thursday,1.0544099999999998
4879,2021/12/10,Prague_1,25922.05,4.48,1,0,,Friday,1.0544099999999998
4879,2021/12/11,Prague_1,24399.13,4.48,1,0,,Saturday,1.0544099999999998
4879,2021/12/12,Prague_1,26899.600000000002,4.48,1,0,,Sunday,1.0544099999999998
4879,2021/12/13,Prague_1,20997.34,4.48,1,0,,Monday,1.0544099999999998
4879,2021/12/14,Prague_1,25730.53,4.48,1,0,,Tuesday,1.0544099999999998
4879,2021/12/15,Prague_1,24477.32,4.48,1,0,,Wednesday,1.0544099999999998
4879,2021/12/16,Prague_1,21096.039999999997,4.48,1,0,,Thursday,1.0544099999999998
4879,2021/12/17,Prague_1,26657.960000000003,4.48,1,0,,Friday,1.0544099999999998
4879,2021/12/18,Prague_1,24084.55,4.48,1,0,,Saturday,1.0544099999999998
4879,2021/12/19,Prague_1,22542.8,4.48,1,0,,Sunday,1.0544099999999998
4879,2021/12/20,Prague_1,22489.600000000002,4.48,1,0,,Monday,1.0544099999999998
4879,2021/12/21,Prague_1,22466.99,4.48,1,0,,Tuesday,1.0544099999999998
4879,2021/12/22,Prague_1,26481.28,4.48,1,0,,Wednesday,1.0544099999999998
4879,2021/12/23,Prague_1,39087.72,4.48,1,0,,Thursday,1.0544099999999998
4879,2021/12/24,Prague_1,15388.17,4.48,0.92,1,Christmas Eve,Friday,1.0544099999999998
4879,2021/12/26,Prague_1,21843.64,4.48,0.9400000000000001,1,2nd Christmas Day,Sunday,1.0544099999999998
4879,2021/12/27,Prague_1,21751.940000000002,5.35,0.91,0,,Monday,1.0544099999999998
4879,2021/12/28,Prague_1,18705.539999999997,5.35,1,0,,Tuesday,1.0544099999999998
4879,2021/12/29,Prague_1,20198.5,5.35,1,0,,Wednesday,1.0544099999999998
4879,2021/12/30,Prague_1,32150.93,5.35,0.9400000000000001,0,,Thursday,1.0544099999999998
4879,2021/12/31,Prague_1,23652.649999999998,5.35,0.9400000000000001,0,,Friday,1.0544099999999998
4879,2022/1/1,Prague_1,0,5.35,0.48999999999999994,1,New Years Day,Saturday,1.0544099999999998
4879,2022/1/2,Prague_1,22991.64,5.35,1,0,,Sunday,1.0544099999999998
4879,2022/1/3,Prague_1,20303.36,5.35,1,0,,Monday,1.0544099999999998
4879,2022/1/4,Prague_1,20626.41,5.35,1,0,,Tuesday,1.0544099999999998
4879,2022/1/5,Prague_1,18480.210000000003,5.35,1,0,,Wednesday,1.0544099999999998
4879,2022/1/6,Prague_1,20115.13,5.35,1,1,Epiphany,Thursday,1.0544099999999998
4879,2022/1/7,Prague_1,24352.23,5.35,1,0,,Friday,1.0544099999999998
4879,2022/1/8,Prague_1,25903.43,5.35,1,0,,Saturday,1.0544099999999998
4879,2022/1/9,Prague_1,22091.02,5.35,1,0,,Sunday,1.0544099999999998
4879,2022/1/10,Prague_1,17420.62,5.35,1,0,,Monday,1.0544099999999998
4879,2022/1/11,Prague_1,19690.37,5.35,0.96,0,,Tuesday,1.0544099999999998
4879,2022/1/12,Prague_1,19700.03,5.35,1,0,,Wednesday,1.0544099999999998
4879,2022/1/13,Prague_1,20148.17,5.35,1,0,,Thursday,1.0544099999999998
4879,2022/1/14,Prague_1,24202.99,5.35,1,0,,Friday,1.0544099999999998
4879,2022/1/15,Prague_1,20651.47,5.35,1,0,,Saturday,1.0544099999999998
4879,2022/1/16,Prague_1,19509.77,5.35,1,0,,Sunday,1.0544099999999998
4879,2022/1/17,Prague_1,20524.42,5.35,1,0,,Monday,1.0544099999999998
4879,2022/1/18,Prague_1,19061.77,5.35,0.99,0,,Tuesday,1.0544099999999998
4879,2022/1/19,Prague_1,21139.51,5.35,0.93,0,,Wednesday,1.0544099999999998
4879,2022/1/20,Prague_1,21420.7,5.35,1,0,,Thursday,1.0544099999999998
4879,2022/1/21,Prague_1,27826.26,5.35,0.92,0,,Friday,1.0544099999999998
4879,2022/1/22,Prague_1,21511.42,5.35,0.96,0,,Saturday,1.0544099999999998
4879,2022/1/23,Prague_1,21592.899999999998,5.35,1,0,,Sunday,1.0544099999999998
4879,2022/1/24,Prague_1,19857.95,5.35,1,0,,Monday,1.0544099999999998
4879,2022/1/25,Prague_1,16771.86,5.35,0.74,0,,Tuesday,1.0544099999999998
4879,2022/1/26,Prague_1,21365.12,5.35,0.85,0,,Wednesday,1.0544099999999998
4879,2022/1/27,Prague_1,23647.539999999997,5.35,1,0,,Thursday,1.0544099999999998
4879,2022/1/28,Prague_1,25449.48,5.35,0.85,0,,Friday,1.0544099999999998
4879,2022/1/29,Prague_1,21585.55,5.35,1,0,,Saturday,1.0544099999999998
4879,2022/1/30,Prague_1,25431.28,5.35,0.92,0,,Sunday,1.0544099999999998
4879,2022/1/31,Prague_1,20482.07,5.35,1,0,,Monday,1.0544099999999998
4879,2022/2/1,Prague_1,18468.38,5.35,1,0,Memorial Day of the Republic,Tuesday,1.0544099999999998
4879,2022/2/2,Prague_1,21404.53,5.35,1,0,,Wednesday,1.0544099999999998
4879,2022/2/3,Prague_1,21875,5.35,1,0,,Thursday,1.0544099999999998
4879,2022/2/4,Prague_1,24761.66,5.35,0.95,0,,Friday,1.0544099999999998
4879,2022/2/5,Prague_1,18500.51,5.35,1,0,,Saturday,1.0544099999999998
4879,2022/2/6,Prague_1,19625.76,5.35,1,0,,Sunday,1.0544099999999998
4879,2022/2/7,Prague_1,16520.84,5.35,1,0,,Monday,1.0544099999999998
4879,2022/2/8,Prague_1,21191.24,5.35,1,0,,Tuesday,1.0544099999999998
4879,2022/2/9,Prague_1,18924.57,5.35,1,0,,Wednesday,1.0544099999999998
4879,2022/2/10,Prague_1,18483.08,5.35,1,0,,Thursday,1.0544099999999998
4879,2022/2/11,Prague_1,26195.190000000002,5.35,1,0,,Friday,1.0544099999999998
4879,2022/2/12,Prague_1,21308.42,5.35,0.87,0,,Saturday,1.0544099999999998
4879,2022/2/13,Prague_1,18161.64,5.35,0.9799999999999999,0,,Sunday,1.0544099999999998
4879,2022/2/14,Prague_1,16242.100000000002,5.35,1,0,,Monday,1.0544099999999998
4879,2022/2/15,Prague_1,5409.46,5.35,0.64,0,,Tuesday,1.0544099999999998
4879,2022/2/16,Prague_1,18670.539999999997,5.35,1,0,,Wednesday,1.0544099999999998
4879,2022/2/17,Prague_1,18304.93,5.35,1,0,,Thursday,1.0544099999999998
4879,2022/2/18,Prague_1,25004.559999999998,5.35,0.93,0,,Friday,1.0544099999999998
4879,2022/2/19,Prague_1,19044.27,5.35,0.88,0,,Saturday,1.0544099999999998
4879,2022/2/20,Prague_1,22812.72,5.35,1,0,,Sunday,1.0544099999999998
4879,2022/2/21,Prague_1,17424.61,5.35,0.97,0,,Monday,1.0544099999999998
4879,2022/2/22,Prague_1,16564.45,5.35,1,0,,Tuesday,1.0544099999999998
4879,2022/2/23,Prague_1,15383.970000000001,5.35,1,0,,Wednesday,1.0544099999999998
4879,2022/2/24,Prague_1,16026.990000000002,5.35,0.9799999999999999,0,,Thursday,1.0544099999999998
4879,2022/2/25,Prague_1,26920.039999999997,5.35,1,0,Memorial Day for the Victims of the Communist Dictatorships,Friday,1.0544099999999998
4879,2022/2/26,Prague_1,21069.51,5.35,0.84,0,,Saturday,1.0544099999999998
4879,2022/2/27,Prague_1,18764.690000000002,5.35,1,0,,Sunday,1.0544099999999998
4879,2022/2/28,Prague_1,17917.97,5.35,0.9400000000000001,0,,Monday,1.0544099999999998
4879,2022/3/1,Prague_1,17752.28,5.35,0.9400000000000001,0,,Tuesday,1.0544099999999998
4879,2022/3/2,Prague_1,15289.19,5.35,0.92,0,,Wednesday,1.0544099999999998
4879,2022/3/3,Prague_1,17532.899999999998,5.35,1,0,,Thursday,1.0544099999999998
4879,2022/3/4,Prague_1,25269.58,5.35,1,0,,Friday,1.0544099999999998
4879,2022/3/5,Prague_1,18227.72,5.35,0.87,0,,Saturday,1.0544099999999998
4879,2022/3/6,Prague_1,19711.3,5.35,0.87,0,,Sunday,1.0544099999999998
4879,2022/3/7,Prague_1,17059.28,5.35,0.97,0,,Monday,1.0544099999999998
4879,2022/3/8,Prague_1,16476.95,5.35,0.97,0,International womens day,Tuesday,1.0544099999999998
4879,2022/3/9,Prague_1,15463.56,5.35,1,0,,Wednesday,1.0544099999999998
4879,2022/3/10,Prague_1,17709.789999999997,5.35,1,0,,Thursday,1.0544099999999998
4879,2022/3/11,Prague_1,24607.66,5.35,1,0,,Friday,1.0544099999999998
4879,2022/3/12,Prague_1,19512.22,5.35,1,0,,Saturday,1.0544099999999998
4879,2022/3/13,Prague_1,17966.059999999998,5.35,0.85,0,,Sunday,1.0544099999999998
4879,2022/3/14,Prague_1,16250.009999999998,5.35,0.97,1,1848 Revolution Memorial Day (Extra holiday),Monday,1.0544099999999998
4879,2022/3/15,Prague_1,13724.62,5.35,0.9400000000000001,1,Memorial Day for the Victims of the Holocaust,Tuesday,1.0544099999999998
4879,2022/3/16,Prague_1,15788.570000000002,5.35,0.9400000000000001,0,,Wednesday,1.0544099999999998
4879,2022/3/17,Prague_1,13905.08,5.35,0.9400000000000001,0,,Thursday,1.0544099999999998
4879,2022/3/18,Prague_1,21384.789999999997,5.35,1,0,,Friday,1.0544099999999998
4879,2022/3/19,Prague_1,22197.07,5.35,1,0,,Saturday,1.0544099999999998
4879,2022/3/20,Prague_1,19154.03,5.35,0.86,0,,Sunday,1.0544099999999998
4879,2022/3/21,Prague_1,17927.14,5.35,0.9400000000000001,0,,Monday,1.0544099999999998
4879,2022/3/22,Prague_1,14580.58,5.35,0.96,0,,Tuesday,1.0544099999999998
4879,2022/3/23,Prague_1,16320.92,5.35,0.97,0,,Wednesday,1.0544099999999998
4879,2022/3/24,Prague_1,14897.050000000001,5.35,0.91,0,,Thursday,1.0544099999999998
4879,2022/3/25,Prague_1,21838.95,5.35,1,0,,Friday,1.0544099999999998
4879,2022/3/26,Prague_1,21723.59,5.35,0.97,0,,Saturday,1.0544099999999998
4879,2022/3/27,Prague_1,18979.17,5.35,1,0,,Sunday,1.0544099999999998
4879,2022/3/28,Prague_1,16690.59,5.35,0.88,0,,Monday,1.0544099999999998
4879,2022/3/29,Prague_1,14489.09,5.35,0.96,0,,Tuesday,1.0544099999999998
4879,2022/3/30,Prague_1,15018.92,5.35,0.96,0,,Wednesday,1.0544099999999998
4879,2022/3/31,Prague_1,16211.789999999999,5.35,0.89,0,,Thursday,1.0544099999999998
4879,2022/4/1,Prague_1,20828.710000000003,5.35,0.9,0,,Friday,1.0544099999999998
4879,2022/4/2,Prague_1,19077.66,5.35,0.96,0,,Saturday,1.0544099999999998
4879,2022/4/3,Prague_1,17933.72,5.35,1,0,,Sunday,1.0544099999999998
4879,2022/4/4,Prague_1,16434.39,5.35,0.9,0,,Monday,1.0544099999999998
4879,2022/4/5,Prague_1,14765.94,6.21,0.86,0,,Tuesday,1.0544099999999998
4879,2022/4/6,Prague_1,13379.449999999999,6.21,0.91,0,,Wednesday,1.0544099999999998
4879,2022/4/7,Prague_1,14964.880000000001,6.21,0.91,0,,Thursday,1.0544099999999998
4879,2022/4/8,Prague_1,20815.690000000002,6.21,0.93,0,,Friday,1.0544099999999998
4879,2022/4/9,Prague_1,18284.14,6.21,1,0,,Saturday,1.0544099999999998
4879,2022/4/10,Prague_1,19188.960000000003,6.21,0.96,0,,Sunday,1.0544099999999998
4879,2022/4/11,Prague_1,15774.64,6.21,1,0,,Monday,1.0544099999999998
4879,2022/4/12,Prague_1,14957.25,6.21,0.87,0,,Tuesday,1.0544099999999998
4879,2022/4/13,Prague_1,17923.22,6.21,0.9400000000000001,0,,Wednesday,1.0544099999999998
4879,2022/4/14,Prague_1,19110.7,6.21,0.71,0,,Thursday,1.0544099999999998
4879,2022/4/15,Prague_1,19340.789999999997,6.21,0.74,1,Good Friday,Friday,1.0544099999999998
4879,2022/4/16,Prague_1,14523.600000000002,6.21,0.78,1,Memorial Day for the Victims of the Holocaust,Saturday,1.0544099999999998
4879,2022/4/17,Prague_1,13444.69,6.21,0.79,1,,Sunday,1.0544099999999998
4879,2022/4/18,Prague_1,15987.09,6.21,0.9,1,Easter Monday,Monday,1.0544099999999998
4879,2022/4/19,Prague_1,16621.01,6.21,0.93,0,,Tuesday,1.0544099999999998
4879,2022/4/20,Prague_1,15078.91,6.21,0.9799999999999999,0,,Wednesday,1.0544099999999998
4879,2022/4/21,Prague_1,13309.1,6.21,1,0,,Thursday,1.0544099999999998
4879,2022/4/22,Prague_1,20091.82,6.21,1,0,,Friday,1.0544099999999998
4879,2022/4/23,Prague_1,18437.02,6.21,1,0,,Saturday,1.0544099999999998
4879,2022/4/24,Prague_1,17004.89,6.21,0.9799999999999999,0,,Sunday,1.0544099999999998
4879,2022/4/25,Prague_1,16609.88,6.21,1,0,,Monday,1.0544099999999998
4879,2022/4/26,Prague_1,13641.11,6.21,1,0,,Tuesday,1.0544099999999998
4879,2022/4/27,Prague_1,13653.5,6.21,0.92,0,,Wednesday,1.0544099999999998
4879,2022/4/28,Prague_1,12723.69,6.21,0.93,0,,Thursday,1.0544099999999998
4879,2022/4/29,Prague_1,17967.11,6.21,0.95,0,,Friday,1.0544099999999998
4879,2022/4/30,Prague_1,16452.03,6.21,0.82,0,,Saturday,1.0544099999999998
4879,2022/5/1,Prague_1,15575.279999999999,6.21,1,1,Labour Day,Sunday,1.0544099999999998
4879,2022/5/2,Prague_1,13794.13,6.21,0.86,0,,Monday,1.0544099999999998
4879,2022/5/3,Prague_1,15151.779999999999,6.21,0.96,0,,Tuesday,1.0544099999999998
4879,2022/5/4,Prague_1,14010.43,6.21,0.99,0,,Wednesday,1.0544099999999998
4879,2022/5/5,Prague_1,13346.970000000001,6.21,0.86,0,,Thursday,1.0544099999999998
4879,2022/5/6,Prague_1,17664.36,6.21,1,0,,Friday,1.0544099999999998
4879,2022/5/7,Prague_1,17428.39,6.21,0.9400000000000001,0,,Saturday,1.0544099999999998
4879,2022/5/8,Prague_1,23902.83,6.21,0.9799999999999999,1,Den osvobozeni,Sunday,1.0544099999999998
4879,2022/5/9,Prague_1,16346.820000000002,6.21,0.91,0,,Monday,1.0544099999999998
4879,2022/5/10,Prague_1,13452.39,6.21,1,0,,Tuesday,1.0544099999999998
4879,2022/5/11,Prague_1,13168.26,6.21,0.93,0,,Wednesday,1.0544099999999998
4879,2022/5/12,Prague_1,14531.23,6.21,0.95,0,,Thursday,1.0544099999999998
4879,2022/5/13,Prague_1,18045.649999999998,6.21,1,0,,Friday,1.0544099999999998
4879,2022/5/14,Prague_1,18036.899999999998,6.21,0.99,0,,Saturday,1.0544099999999998
4879,2022/5/15,Prague_1,15853.25,6.21,1,0,,Sunday,1.0544099999999998
4879,2022/5/16,Prague_1,15424.289999999999,6.21,0.95,0,,Monday,1.0544099999999998
4879,2022/5/17,Prague_1,12848.08,6.21,0.93,0,,Tuesday,1.0544099999999998
4879,2022/5/18,Prague_1,13031.62,6.21,0.9400000000000001,0,,Wednesday,1.0544099999999998
4879,2022/5/19,Prague_1,13936.65,6.21,0.9799999999999999,0,,Thursday,1.0544099999999998
4879,2022/5/20,Prague_1,17978.73,6.21,0.95,0,,Friday,1.0544099999999998
4879,2022/5/21,Prague_1,14943.25,6.21,1,0,National Defense Day,Saturday,1.0544099999999998
4879,2022/5/22,Prague_1,16263.029999999999,6.21,0.97,0,,Sunday,1.0544099999999998
4879,2022/5/23,Prague_1,14142.449999999999,6.21,1,0,,Monday,1.0544099999999998
4879,2022/5/24,Prague_1,13245.4,6.21,0.9,0,,Tuesday,1.0544099999999998
4879,2022/5/25,Prague_1,12637.1,6.21,0.9400000000000001,0,,Wednesday,1.0544099999999998
4879,2022/5/26,Prague_1,11972.800000000001,6.21,1,1,Ascension day,Thursday,1.0544099999999998
4879,2022/5/27,Prague_1,17131.87,6.21,0.85,0,,Friday,1.0544099999999998
4879,2022/5/28,Prague_1,15250.48,6.21,0.9400000000000001,0,,Saturday,1.0544099999999998
4879,2022/5/29,Prague_1,15379.98,6.21,0.9400000000000001,0,,Sunday,1.0544099999999998
4879,2022/5/30,Prague_1,14093.94,6.21,1,0,,Monday,1.0544099999999998
4879,2022/5/31,Prague_1,14276.08,6.21,1,0,,Tuesday,1.0544099999999998
4879,2022/6/1,Prague_1,11800.74,6.21,0.97,0,,Wednesday,1.0544099999999998
4879,2022/6/2,Prague_1,9659.86,6.21,1,0,,Thursday,1.0544099999999998
4879,2022/6/3,Prague_1,16985.710000000003,6.21,0.76,0,,Friday,1.0544099999999998
4879,2022/6/4,Prague_1,15504.300000000001,6.21,0.95,0,Day of National Unity,Saturday,1.0544099999999998
4879,2022/6/5,Prague_1,16126.67,6.21,0.99,1,Whit sunday,Sunday,1.0544099999999998
4879,2022/6/6,Prague_1,14977.83,6.21,1,1,Whit monday,Monday,1.0544099999999998
4879,2022/6/7,Prague_1,13088.88,6.21,0.9,0,,Tuesday,1.0544099999999998
4879,2022/6/8,Prague_1,11385.99,6.21,0.93,0,,Wednesday,1.0544099999999998
4879,2022/6/9,Prague_1,13656.86,6.21,0.9400000000000001,0,,Thursday,1.0544099999999998
4879,2022/6/10,Prague_1,18279.66,6.21,0.99,0,,Friday,1.0544099999999998
4879,2022/6/11,Prague_1,13462.470000000001,6.21,0.9799999999999999,0,,Saturday,1.0544099999999998
4879,2022/6/12,Prague_1,15964.83,6.21,0.93,0,,Sunday,1.0544099999999998
4879,2022/6/13,Prague_1,12692.61,6.21,0.9799999999999999,0,,Monday,1.0544099999999998
4879,2022/6/14,Prague_1,11476.85,6.21,1,0,,Tuesday,1.0544099999999998
4879,2022/6/15,Prague_1,12998.65,6.21,0.9,0,,Wednesday,1.0544099999999998
4879,2022/6/16,Prague_1,11369.470000000001,6.21,0.97,1,Corpus Christi,Thursday,1.0544099999999998
4879,2022/6/17,Prague_1,17225.600000000002,6.21,1,0,,Friday,1.0544099999999998
4879,2022/6/18,Prague_1,13034.63,6.21,1,0,,Saturday,1.0544099999999998
4879,2022/6/19,Prague_1,14386.33,6.21,0.86,0,Independent Hungary Day,Sunday,1.0544099999999998
4879,2022/6/20,Prague_1,12437.67,6.21,1,0,,Monday,1.0544099999999998
4879,2022/6/21,Prague_1,11462.01,6.21,0.96,0,,Tuesday,1.0544099999999998
4879,2022/6/22,Prague_1,11761.19,6.21,1,0,,Wednesday,1.0544099999999998
4879,2022/6/23,Prague_1,12036.01,6.21,0.9,0,,Thursday,1.0544099999999998
4879,2022/6/24,Prague_1,15716.119999999999,6.21,1,0,,Friday,1.0544099999999998
4879,2022/6/25,Prague_1,15491.42,6.21,0.95,0,,Saturday,1.0544099999999998
4879,2022/6/26,Prague_1,14028.56,6.21,1,0,,Sunday,1.0544099999999998
4879,2022/6/27,Prague_1,12191.41,6.21,1,0,,Monday,1.0544099999999998
4879,2022/6/28,Prague_1,13520.01,6.21,1,0,,Tuesday,1.0544099999999998
4879,2022/6/29,Prague_1,13289.29,6.21,1,0,,Wednesday,1.0544099999999998
4879,2022/6/30,Prague_1,11230.519999999999,6.21,0.9400000000000001,0,,Thursday,1.0544099999999998
4879,2022/7/1,Prague_1,14035.56,6.21,1,0,,Friday,1.0544099999999998
4879,2022/7/2,Prague_1,12384.61,6.21,0.9799999999999999,0,,Saturday,1.0544099999999998
4879,2022/7/3,Prague_1,10387.65,6.21,1,0,,Sunday,1.0544099999999998
4879,2022/7/4,Prague_1,10203.76,6.21,0.9400000000000001,0,,Monday,1.0544099999999998
4879,2022/7/5,Prague_1,9581.6,6.21,0.78,1,Cyrila a Metodej,Tuesday,1.0544099999999998
4879,2022/7/6,Prague_1,8483.79,6.21,0.76,1,Jan Hus,Wednesday,1.0544099999999998
4879,2022/7/7,Prague_1,9027.34,6.21,0.93,0,,Thursday,1.0544099999999998
4879,2022/7/8,Prague_1,11957.19,6.21,1,0,,Friday,1.0544099999999998
4879,2022/7/9,Prague_1,12326.019999999999,6.21,0.8,0,,Saturday,1.0544099999999998
4879,2022/7/10,Prague_1,13438.18,6.21,1,0,,Sunday,1.0544099999999998
4879,2022/7/11,Prague_1,10155.74,6.21,0.93,0,,Monday,1.0544099999999998
4879,2022/7/12,Prague_1,9621.99,6.21,0.89,0,,Tuesday,1.0544099999999998
4879,2022/7/13,Prague_1,9627.800000000001,6.21,0.97,0,,Wednesday,1.0544099999999998
4879,2022/7/14,Prague_1,9379.230000000001,6.21,0.9799999999999999,0,,Thursday,1.0544099999999998
4879,2022/7/15,Prague_1,11782.4,6.21,1,0,,Friday,1.0544099999999998
4879,2022/7/16,Prague_1,13438.11,6.21,0.9400000000000001,0,,Saturday,1.0544099999999998
4879,2022/7/17,Prague_1,12186.93,6.21,0.9400000000000001,0,,Sunday,1.0544099999999998
4879,2022/7/18,Prague_1,11299.96,6.21,0.9,0,,Monday,1.0544099999999998
4879,2022/7/19,Prague_1,10651.199999999999,6.21,0.9799999999999999,0,,Tuesday,1.0544099999999998
4879,2022/7/20,Prague_1,10224.83,6.21,0.99,0,,Wednesday,1.0544099999999998
4879,2022/7/21,Prague_1,10348.519999999999,6.21,0.91,0,,Thursday,1.0544099999999998
4879,2022/7/22,Prague_1,13027.21,6.21,0.9400000000000001,0,,Friday,1.0544099999999998
4879,2022/7/23,Prague_1,11488.54,6.21,1,0,,Saturday,1.0544099999999998
4879,2022/7/24,Prague_1,11933.11,6.21,0.9799999999999999,0,,Sunday,1.0544099999999998
4879,2022/7/25,Prague_1,9452.029999999999,6.21,1,0,,Monday,1.0544099999999998
4879,2022/7/26,Prague_1,11433.800000000001,6.21,0.96,0,,Tuesday,1.0544099999999998
4879,2022/7/27,Prague_1,9778.16,6.21,0.96,0,,Wednesday,1.0544099999999998
4879,2022/7/28,Prague_1,9053.87,6.21,1,0,,Thursday,1.0544099999999998
4879,2022/7/29,Prague_1,13773.9,6.21,0.87,0,,Friday,1.0544099999999998
4879,2022/7/30,Prague_1,11270.21,6.21,0.95,0,,Saturday,1.0544099999999998
4879,2022/7/31,Prague_1,11150.16,6.21,0.9799999999999999,0,,Sunday,1.0544099999999998
4879,2022/8/1,Prague_1,6507.69,6.21,0.96,0,,Monday,1.0544099999999998
4879,2022/8/2,Prague_1,8879.36,6.21,0.9799999999999999,0,,Tuesday,1.0544099999999998
4879,2022/8/3,Prague_1,9517.62,6.21,0.9,0,,Wednesday,1.0544099999999998
4879,2022/8/4,Prague_1,11054.050000000001,6.21,0.89,0,,Thursday,1.0544099999999998
4879,2022/8/5,Prague_1,11198.81,6.21,0.86,0,,Friday,1.0544099999999998
4879,2022/8/6,Prague_1,11226.88,6.21,1,0,,Saturday,1.0544099999999998
4879,2022/8/7,Prague_1,11669.56,6.21,1,0,,Sunday,1.0544099999999998
4879,2022/8/8,Prague_1,11255.51,6.21,1,1,Peace Festival in Augsburg,Monday,1.0544099999999998
4879,2022/8/9,Prague_1,9609.88,6.21,0.9,0,,Tuesday,1.0544099999999998
4879,2022/8/10,Prague_1,9285.15,6.21,0.9799999999999999,0,,Wednesday,1.0544099999999998
4879,2022/8/11,Prague_1,9031.68,6.21,1,0,,Thursday,1.0544099999999998
4879,2022/8/12,Prague_1,12497.730000000001,6.21,0.95,0,,Friday,1.0544099999999998
4879,2022/8/13,Prague_1,12087.949999999999,6.21,1,0,,Saturday,1.0544099999999998
4879,2022/8/14,Prague_1,12267.71,6.21,0.91,0,,Sunday,1.0544099999999998
4879,2022/8/15,Prague_1,10238.550000000001,6.21,1,1,Assumption of the Virgin Mary,Monday,1.0544099999999998
4879,2022/8/16,Prague_1,10613.68,6.21,0.99,0,,Tuesday,1.0544099999999998
4879,2022/8/17,Prague_1,10471.86,6.21,0.9400000000000001,0,,Wednesday,1.0544099999999998
4879,2022/8/18,Prague_1,11722.13,6.21,1,0,,Thursday,1.0544099999999998
4879,2022/8/19,Prague_1,14355.179999999998,6.21,0.93,0,,Friday,1.0544099999999998
4879,2022/8/20,Prague_1,11336.01,6.21,0.89,1,State Foundation Day,Saturday,1.0544099999999998
4879,2022/8/21,Prague_1,11335.59,6.21,0.97,0,,Sunday,1.0544099999999998
4879,2022/8/22,Prague_1,9014.949999999999,6.21,1,0,,Monday,1.0544099999999998
4879,2022/8/23,Prague_1,10620.050000000001,6.21,0.87,0,,Tuesday,1.0544099999999998
4879,2022/8/24,Prague_1,11136.93,6.21,0.96,0,,Wednesday,1.0544099999999998
4879,2022/8/25,Prague_1,10107.93,6.21,1,0,,Thursday,1.0544099999999998
4879,2022/8/26,Prague_1,12702.83,6.21,1,0,,Friday,1.0544099999999998
4879,2022/8/27,Prague_1,12391.89,6.21,0.91,0,,Saturday,1.0544099999999998
4879,2022/8/28,Prague_1,12092.43,6.21,0.97,0,,Sunday,1.0544099999999998
4879,2022/8/29,Prague_1,10997.35,6.21,0.9,0,,Monday,1.0544099999999998
4879,2022/8/30,Prague_1,9628.99,6.21,0.96,0,,Tuesday,1.0544099999999998
4879,2022/8/31,Prague_1,12389.230000000001,6.21,0.9,0,,Wednesday,1.0544099999999998
4879,2022/9/1,Prague_1,13695.99,6.21,0.97,0,,Thursday,1.0544099999999998
4879,2022/9/2,Prague_1,14106.26,6.21,0.99,0,,Friday,1.0544099999999998
4879,2022/9/3,Prague_1,12670.91,6.21,1,0,,Saturday,1.0544099999999998
4879,2022/9/4,Prague_1,12024.25,6.21,0.92,0,,Sunday,1.0544099999999998
4879,2022/9/5,Prague_1,11280.43,6.21,0.9400000000000001,0,,Monday,1.0544099999999998
4879,2022/9/6,Prague_1,11983.300000000001,6.21,1,0,,Tuesday,1.0544099999999998
4879,2022/9/7,Prague_1,10908.59,6.21,0.91,0,,Wednesday,1.0544099999999998
4879,2022/9/8,Prague_1,11826.99,6.21,0.99,0,,Thursday,1.0544099999999998
4879,2022/9/9,Prague_1,13879.529999999999,6.21,0.92,0,,Friday,1.0544099999999998
4879,2022/9/10,Prague_1,11403.91,6.21,0.84,0,,Saturday,1.0544099999999998
4879,2022/9/11,Prague_1,12087.32,6.21,0.9400000000000001,0,,Sunday,1.0544099999999998
4879,2022/9/12,Prague_1,13310.99,6.21,0.9799999999999999,0,,Monday,1.0544099999999998
4879,2022/9/13,Prague_1,8305.99,6.21,0.85,0,,Tuesday,1.0544099999999998
4879,2022/9/14,Prague_1,9774.1,6.21,0.84,0,,Wednesday,1.0544099999999998
4879,2022/9/15,Prague_1,12951.33,6.21,0.9400000000000001,0,,Thursday,1.0544099999999998
4879,2022/9/16,Prague_1,13146.699999999999,6.21,0.84,0,,Friday,1.0544099999999998
4879,2022/9/17,Prague_1,11338.949999999999,6.21,0.84,0,,Saturday,1.0544099999999998
4879,2022/9/18,Prague_1,11711,6.21,0.93,0,,Sunday,1.0544099999999998
4879,2022/9/19,Prague_1,10082.31,6.21,0.83,0,,Monday,1.0544099999999998
4879,2022/9/20,Prague_1,11865.56,6.21,0.9,0,,Tuesday,1.0544099999999998
4879,2022/9/21,Prague_1,11936.4,6.21,1,0,,Wednesday,1.0544099999999998
4879,2022/9/22,Prague_1,13626.06,6.21,1,0,,Thursday,1.0544099999999998
4879,2022/9/23,Prague_1,16118.759999999998,6.21,0.97,0,,Friday,1.0544099999999998
4879,2022/9/24,Prague_1,13728.33,6.21,0.9,0,,Saturday,1.0544099999999998
4879,2022/9/25,Prague_1,13170.92,6.21,1,0,,Sunday,1.0544099999999998
4879,2022/9/26,Prague_1,13548.43,6.21,1,0,,Monday,1.0544099999999998
4879,2022/9/27,Prague_1,14933.73,6.21,1,0,,Tuesday,1.0544099999999998
4879,2022/9/28,Prague_1,20703.34,6.21,0.79,1,Den ceske statnosti,Wednesday,1.0544099999999998
4879,2022/9/29,Prague_1,11651.5,6.21,1,0,,Thursday,1.0544099999999998
4879,2022/9/30,Prague_1,16813.37,6.21,0.9799999999999999,0,,Friday,1.0544099999999998
4879,2022/10/1,Prague_1,12915.699999999999,6.21,1,0,,Saturday,1.0544099999999998
4879,2022/10/2,Prague_1,14179.269999999999,6.21,0.99,0,,Sunday,1.0544099999999998
4879,2022/10/3,Prague_1,12886.44,6.21,1,1,German Unity Day,Monday,1.0544099999999998
4879,2022/10/4,Prague_1,11342.94,6.21,0.9799999999999999,0,,Tuesday,1.0544099999999998
4879,2022/10/5,Prague_1,8508.71,6.21,0.78,0,,Wednesday,1.0544099999999998
4879,2022/10/6,Prague_1,12641.019999999999,6.21,0.96,0,Memorial Day for the Martyrs of Arad,Thursday,1.0544099999999998
4879,2022/10/7,Prague_1,14280.63,6.21,0.9799999999999999,0,,Friday,1.0544099999999998
4879,2022/10/8,Prague_1,14102.550000000001,6.21,0.9,0,,Saturday,1.0544099999999998
4879,2022/10/9,Prague_1,12855.43,6.21,0.97,0,,Sunday,1.0544099999999998
4879,2022/10/10,Prague_1,13073.480000000001,6.21,0.9799999999999999,0,,Monday,1.0544099999999998
4879,2022/10/11,Prague_1,11999.33,6.21,0.9799999999999999,0,,Tuesday,1.0544099999999998
4879,2022/10/12,Prague_1,11856.81,6.21,0.9799999999999999,0,,Wednesday,1.0544099999999998
4879,2022/10/13,Prague_1,11732.14,6.21,0.9799999999999999,0,,Thursday,1.0544099999999998
4879,2022/10/14,Prague_1,14035.14,6.21,0.9799999999999999,0,,Friday,1.0544099999999998
4879,2022/10/15,Prague_1,14396.130000000001,6.21,0.97,0,,Saturday,1.0544099999999998
4879,2022/10/16,Prague_1,13464.36,6.21,0.97,0,,Sunday,1.0544099999999998
4879,2022/10/17,Prague_1,12219.34,6.21,0.9799999999999999,0,,Monday,1.0544099999999998
4879,2022/10/18,Prague_1,11014.71,6.21,0.9799999999999999,0,,Tuesday,1.0544099999999998
4879,2022/10/19,Prague_1,9826.529999999999,6.21,0.92,0,,Wednesday,1.0544099999999998
4879,2022/10/20,Prague_1,12679.59,6.21,0.9799999999999999,0,,Thursday,1.0544099999999998
4879,2022/10/21,Prague_1,16863.14,6.21,0.96,0,,Friday,1.0544099999999998
4879,2022/10/22,Prague_1,12904.71,6.21,0.97,0,,Saturday,1.0544099999999998
4879,2022/10/23,Prague_1,12155.15,6.21,0.97,1,Memorial day of the 1956 Revolution,Sunday,1.0544099999999998
4879,2022/10/24,Prague_1,11791.92,6.21,0.9799999999999999,0,,Monday,1.0544099999999998
4879,2022/10/25,Prague_1,10506.230000000001,6.21,0.9799999999999999,0,,Tuesday,1.0544099999999998
4879,2022/10/26,Prague_1,12406.800000000001,6.21,0.85,0,,Wednesday,1.0544099999999998
4879,2022/10/27,Prague_1,13051.5,6.21,0.9799999999999999,0,,Thursday,1.0544099999999998
4879,2022/10/28,Prague_1,15023.61,6.21,0.9799999999999999,1,Den vzniku samostatneho ceskoslovenskeho statu,Friday,1.0544099999999998
4879,2022/10/29,Prague_1,12186.51,6.21,0.97,0,,Saturday,1.0544099999999998
4879,2022/10/30,Prague_1,14796.460000000001,6.21,0.95,0,,Sunday,1.0544099999999998
4879,2022/10/31,Prague_1,11713.24,6.21,0.9799999999999999,1,Reformation Day,Monday,1.0544099999999998
4879,2022/11/1,Prague_1,10925.81,6.21,0.96,1,All Saints Day,Tuesday,1.0544099999999998
4879,2022/11/2,Prague_1,10882.83,6.21,0.99,0,,Wednesday,1.0544099999999998
4879,2022/11/3,Prague_1,14489.649999999998,6.21,0.96,0,,Thursday,1.0544099999999998
4879,2022/11/4,Prague_1,15452.08,6.21,0.99,0,,Friday,1.0544099999999998
4879,2022/11/5,Prague_1,15728.649999999998,6.21,0.87,0,,Saturday,1.0544099999999998
4879,2022/11/6,Prague_1,13943.16,6.21,0.9799999999999999,0,,Sunday,1.0544099999999998
4879,2022/11/7,Prague_1,12164.18,6.21,0.99,0,,Monday,1.0544099999999998
4879,2022/11/8,Prague_1,12154.800000000001,6.21,0.9799999999999999,0,,Tuesday,1.0544099999999998
4879,2022/11/9,Prague_1,12636.89,6.21,0.99,0,,Wednesday,1.0544099999999998
4879,2022/11/10,Prague_1,11339.09,6.21,0.99,0,,Thursday,1.0544099999999998
4879,2022/11/11,Prague_1,18060.42,6.21,0.99,0,,Friday,1.0544099999999998
4879,2022/11/12,Prague_1,15572.970000000001,6.21,0.99,0,,Saturday,1.0544099999999998
4879,2022/11/13,Prague_1,12758.06,6.21,0.9799999999999999,0,,Sunday,1.0544099999999998
4879,2022/11/14,Prague_1,12515.720000000001,6.21,0.99,0,,Monday,1.0544099999999998
4879,2022/11/15,Prague_1,12202.68,6.21,0.99,0,,Tuesday,1.0544099999999998
4879,2022/11/16,Prague_1,14943.25,6.21,0.9799999999999999,0,,Wednesday,1.0544099999999998
4879,2022/11/17,Prague_1,12947.62,6.21,0.95,1,Den boje za svobodu a demokracii,Thursday,1.0544099999999998
4879,2022/11/18,Prague_1,13450.92,6.21,0.99,0,,Friday,1.0544099999999998
4879,2022/11/19,Prague_1,14200.13,6.21,0.9799999999999999,0,,Saturday,1.0544099999999998
4879,2022/11/20,Prague_1,15561.98,6.21,0.9799999999999999,0,,Sunday,1.0544099999999998
4879,2022/11/21,Prague_1,12544.21,6.21,0.9799999999999999,0,,Monday,1.0544099999999998
4879,2022/11/22,Prague_1,13837.67,6.21,0.9799999999999999,0,,Tuesday,1.0544099999999998
4879,2022/11/23,Prague_1,12214.09,7.08,0.99,0,,Wednesday,1.0544099999999998
4879,2022/11/24,Prague_1,12728.24,7.08,0.99,0,,Thursday,1.0544099999999998
4879,2022/11/25,Prague_1,13710.06,7.08,0.99,0,,Friday,1.0544099999999998
4879,2022/11/26,Prague_1,14812.77,7.08,0.99,0,,Saturday,1.0544099999999998
4879,2022/11/27,Prague_1,13718.67,7.08,0.9799999999999999,0,,Sunday,1.0544099999999998
4879,2022/11/28,Prague_1,12013.050000000001,7.08,0.99,0,,Monday,1.0544099999999998
4879,2022/11/29,Prague_1,12359.13,7.08,0.9799999999999999,0,,Tuesday,1.0544099999999998
4879,2022/11/30,Prague_1,12274.29,7.08,0.9799999999999999,0,,Wednesday,1.0544099999999998
4879,2022/12/1,Prague_1,11436.25,7.08,0.9799999999999999,0,,Thursday,1.0544099999999998
4879,2022/12/2,Prague_1,15489.460000000001,7.08,0.99,0,,Friday,1.0544099999999998
4879,2022/12/3,Prague_1,15865.570000000002,7.08,0.88,0,,Saturday,1.0544099999999998
4879,2022/12/4,Prague_1,11336.36,7.08,0.9799999999999999,0,,Sunday,1.0544099999999998
4879,2022/12/5,Prague_1,10851.26,7.08,0.9799999999999999,0,,Monday,1.0544099999999998
4879,2022/12/6,Prague_1,9933.35,7.08,0.9799999999999999,0,,Tuesday,1.0544099999999998
4879,2022/12/7,Prague_1,10329.83,7.08,0.99,0,,Wednesday,1.0544099999999998
4879,2022/12/8,Prague_1,14049.07,7.08,0.99,0,,Thursday,1.0544099999999998
4879,2022/12/9,Prague_1,16118.34,7.08,0.9799999999999999,0,,Friday,1.0544099999999998
4879,2022/12/10,Prague_1,17634.61,7.08,0.9400000000000001,0,,Saturday,1.0544099999999998
4879,2022/12/11,Prague_1,14906.64,7.08,0.9799999999999999,0,,Sunday,1.0544099999999998
4879,2022/12/12,Prague_1,12447.19,7.08,0.99,0,,Monday,1.0544099999999998
4879,2022/12/13,Prague_1,14043.54,7.08,0.9400000000000001,0,,Tuesday,1.0136699999999998
4879,2022/12/14,Prague_1,13894.720000000001,7.08,0.93,0,,Wednesday,0.88606
4879,2022/12/15,Prague_1,12964.91,7.08,1,0,,Thursday,0.88606
4879,2022/12/16,Prague_1,16525.95,7.08,0.9,0,,Friday,0.88606
4879,2022/12/17,Prague_1,16014.25,7.08,0.9799999999999999,0,,Saturday,0.88606
4879,2022/12/18,Prague_1,16081.94,7.08,0.7700000000000001,0,,Sunday,0.88606
4879,2022/12/19,Prague_1,14271.81,7.08,0.9400000000000001,0,,Monday,0.88606
4879,2022/12/20,Prague_1,14756.56,7.08,0.9799999999999999,0,,Tuesday,0.27118
4879,2022/12/21,Prague_1,13665.89,7.08,0.9799999999999999,0,,Wednesday,0
4879,2022/12/22,Prague_1,18918.2,7.08,0.9799999999999999,0,,Thursday,0
4879,2022/12/23,Prague_1,25823.28,7.08,0.99,0,,Friday,0
4879,2022/12/24,Prague_1,11294.220000000001,7.08,1,1,Christmas Eve,Saturday,0
4879,2022/12/26,Prague_1,12765.970000000001,7.08,0.95,1,2nd Christmas Day,Monday,0
4879,2022/12/27,Prague_1,11688.949999999999,7.08,0.9799999999999999,0,,Tuesday,0
4879,2022/12/28,Prague_1,10852.449999999999,7.08,0.9799999999999999,0,,Wednesday,0
4879,2022/12/29,Prague_1,13691.51,7.08,0.9799999999999999,0,,Thursday,0
4879,2022/12/30,Prague_1,15335.320000000002,7.08,0.8,0,,Friday,0
4879,2022/12/31,Prague_1,16010.89,7.08,0.86,0,,Saturday,0
4879,2023/1/1,Prague_1,0,7.08,0.52,1,New Years Day,Sunday,0
4879,2023/1/2,Prague_1,9120.65,7.08,0.86,0,,Monday,0
4879,2023/1/3,Prague_1,8767.99,7.08,0.9799999999999999,0,,Tuesday,0.7696500000000001
4879,2023/1/4,Prague_1,11804.519999999999,7.08,0.9799999999999999,0,,Wednesday,1.0544099999999998
4879,2023/1/5,Prague_1,11205.81,7.08,0.9799999999999999,0,,Thursday,1.0544099999999998
4879,2023/1/6,Prague_1,15195.81,7.08,0.96,1,Epiphany,Friday,1.0544099999999998
4879,2023/1/7,Prague_1,14268.029999999999,7.08,0.9799999999999999,0,,Saturday,1.0544099999999998
4879,2023/1/8,Prague_1,12596.57,7.08,0.9,0,,Sunday,1.0544099999999998
4879,2023/1/9,Prague_1,9526.93,7.08,0.93,0,,Monday,1.0544099999999998
4879,2023/1/10,Prague_1,10450.93,7.08,0.78,0,,Tuesday,1.0544099999999998
4879,2023/1/11,Prague_1,9351.09,7.08,0.9799999999999999,0,,Wednesday,1.0544099999999998
4879,2023/1/12,Prague_1,11088.279999999999,7.08,0.9,0,,Thursday,1.0544099999999998
4879,2023/1/13,Prague_1,15055.179999999998,7.08,0.99,0,,Friday,1.0544099999999998
4879,2023/1/14,Prague_1,13900.11,7.08,0.9799999999999999,0,,Saturday,1.0544099999999998
4879,2023/1/15,Prague_1,13042.89,7.08,0.76,0,,Sunday,1.0544099999999998
4879,2023/1/16,Prague_1,9942.029999999999,7.08,0.9799999999999999,0,,Monday,1.0544099999999998
4879,2023/1/17,Prague_1,11659.970000000001,7.08,0.9799999999999999,0,,Tuesday,1.0544099999999998
4879,2023/1/18,Prague_1,10021.41,7.08,0.93,0,,Wednesday,1.0544099999999998
4879,2023/1/19,Prague_1,11360.37,7.08,0.95,0,,Thursday,1.0544099999999998
4879,2023/1/20,Prague_1,13953.449999999999,7.08,0.9,0,,Friday,1.0544099999999998
4879,2023/1/21,Prague_1,13179.04,7.08,0.9,0,,Saturday,1.0544099999999998
4879,2023/1/22,Prague_1,1877.26,7.08,0.48999999999999994,0,,Sunday,1.0544099999999998
4879,2023/1/23,Prague_1,7654.639999999999,7.08,0.8,0,,Monday,1.0544099999999998
4879,2023/1/24,Prague_1,10967.81,7.08,0.82,0,,Tuesday,1.0544099999999998
4879,2023/1/25,Prague_1,11116.91,7.08,0.9799999999999999,0,,Wednesday,1.0544099999999998
4879,2023/1/26,Prague_1,10446.1,7.08,0.86,0,,Thursday,1.0544099999999998
4879,2023/1/27,Prague_1,13243.79,7.08,0.84,0,,Friday,1.0544099999999998
4879,2023/1/28,Prague_1,13252.33,7.08,0.91,0,,Saturday,1.0544099999999998
4879,2023/1/29,Prague_1,11980.71,7.08,0.88,0,,Sunday,1.0544099999999998
4879,2023/1/30,Prague_1,8028.51,7.08,0.75,0,,Monday,1.0544099999999998
4879,2023/1/31,Prague_1,9222.36,7.08,0.86,0,,Tuesday,1.0544099999999998
4879,2023/2/1,Prague_1,8713.529999999999,7.08,0.88,0,Memorial Day of the Republic,Wednesday,1.0544099999999998
4879,2023/2/2,Prague_1,10299.24,7.08,0.89,0,,Thursday,1.0544099999999998
4879,2023/2/3,Prague_1,13134.94,7.08,0.78,0,,Friday,1.0544099999999998
4879,2023/2/4,Prague_1,13839.56,7.08,0.97,0,,Saturday,1.0544099999999998
4879,2023/2/5,Prague_1,11637.99,7.08,0.9799999999999999,0,,Sunday,1.0544099999999998
4879,2023/2/6,Prague_1,7816.550000000001,7.08,0.7299999999999999,0,,Monday,1.0544099999999998
4879,2023/2/7,Prague_1,10751.86,7.08,0.99,0,,Tuesday,1.0544099999999998
4879,2023/2/8,Prague_1,11667.67,7.08,0.9799999999999999,0,,Wednesday,1.0544099999999998
4879,2023/2/9,Prague_1,10528,7.08,0.97,0,,Thursday,1.0544099999999998
4879,2023/2/10,Prague_1,13134.94,7.08,0.87,0,,Friday,1.0544099999999998
4879,2023/2/11,Prague_1,11471.74,7.08,0.86,0,,Saturday,1.0544099999999998
4879,2023/2/12,Prague_1,10072.79,7.08,0.8099999999999999,0,,Sunday,1.0544099999999998
4879,2023/2/13,Prague_1,8417.71,7.08,0.93,0,,Monday,1.0544099999999998
4879,2023/2/14,Prague_1,9689.33,7.08,0.8099999999999999,0,,Tuesday,1.0544099999999998
4879,2023/2/15,Prague_1,9118.83,7.08,0.93,0,,Wednesday,1.0544099999999998
4879,2023/2/16,Prague_1,9661.4,7.08,0.86,0,,Thursday,1.0544099999999998
4879,2023/2/17,Prague_1,12232.92,7.08,0.87,0,,Friday,1.0544099999999998
4879,2023/2/18,Prague_1,10269.91,7.08,0.8099999999999999,0,,Saturday,1.0544099999999998
4879,2023/2/19,Prague_1,8590.82,7.08,0.7,0,,Sunday,1.0544099999999998
4879,2023/2/20,Prague_1,7693.07,7.08,0.86,0,,Monday,1.0544099999999998
4879,2023/2/21,Prague_1,8213.24,7.08,0.89,0,,Tuesday,1.0544099999999998
4879,2023/2/22,Prague_1,9410.519999999999,7.08,0.97,0,,Wednesday,1.0544099999999998
4879,2023/2/23,Prague_1,9763.88,7.08,0.9799999999999999,0,,Thursday,1.0544099999999998
4879,2023/2/24,Prague_1,13835.36,7.08,0.9400000000000001,0,,Friday,1.0544099999999998
4879,2023/2/25,Prague_1,11402.300000000001,7.08,0.78,0,Memorial Day for the Victims of the Communist Dictatorships,Saturday,1.0544099999999998
4879,2023/2/26,Prague_1,11146.24,7.08,0.8,0,,Sunday,1.0544099999999998
4879,2023/2/27,Prague_1,8713.25,7.08,0.85,0,,Monday,1.0544099999999998
4879,2023/2/28,Prague_1,9251.550000000001,7.08,0.89,0,,Tuesday,1.0544099999999998
4879,2023/3/1,Prague_1,6643.42,7.08,0.89,0,,Wednesday,1.0544099999999998
4879,2023/3/2,Prague_1,13200.81,7.08,0.79,0,,Thursday,1.0544099999999998
4879,2023/3/3,Prague_1,16724.75,7.08,0.79,0,,Friday,1.0544099999999998
4879,2023/3/4,Prague_1,16273.740000000002,7.08,0.84,0,,Saturday,1.0544099999999998
4879,2023/3/5,Prague_1,13887.79,7.08,0.91,0,,Sunday,1.0544099999999998
4879,2023/3/6,Prague_1,10746.89,7.08,0.89,0,,Monday,1.0544099999999998
4879,2023/3/7,Prague_1,11317.949999999999,7.08,0.89,0,,Tuesday,1.0544099999999998
4879,2023/3/8,Prague_1,11345.39,7.08,0.86,0,International womens day,Wednesday,1.0544099999999998
4879,2023/3/9,Prague_1,12568.99,7.08,0.9,0,,Thursday,1.0544099999999998
4879,2023/3/10,Prague_1,15755.600000000002,7.08,0.86,0,,Friday,1.0544099999999998
4879,2023/3/11,Prague_1,15600.34,7.08,0.8,0,,Saturday,1.0544099999999998
4879,2023/3/12,Prague_1,14678.300000000001,7.08,0.8,0,,Sunday,1.0544099999999998
4879,2023/3/13,Prague_1,11427.29,7.08,0.82,0,,Monday,1.0544099999999998
4879,2023/3/14,Prague_1,11621.75,7.08,0.8099999999999999,0,,Tuesday,1.0544099999999998
4879,2023/3/15,Prague_1,13198.92,7.08,0.8099999999999999,1,Memorial Day for the Victims of the Holocaust,Wednesday,1.0544099999999998
4879,2023/3/16,Prague_1,10529.61,7.08,0.93,0,,Thursday,1.0544099999999998
4879,2023/3/17,Prague_1,15544.06,7.08,0.88,0,,Friday,1.0544099999999998
4879,2023/3/18,Prague_1,14233.59,7.08,0.95,0,,Saturday,1.0544099999999998
4879,2023/3/19,Prague_1,14915.81,7.08,0.92,0,,Sunday,1.0544099999999998
4879,2023/3/20,Prague_1,10478.300000000001,7.08,0.96,0,,Monday,1.0544099999999998
4879,2023/3/21,Prague_1,11884.04,7.08,0.86,0,,Tuesday,1.0544099999999998
4879,2023/3/22,Prague_1,10290.49,7.08,0.9,0,,Wednesday,1.0544099999999998
4879,2023/3/23,Prague_1,12596.64,7.08,0.93,0,,Thursday,1.0544099999999998
4879,2023/3/24,Prague_1,14600.67,7.08,0.91,0,,Friday,1.0544099999999998
4879,2023/3/25,Prague_1,15011.36,7.08,0.83,0,,Saturday,1.0544099999999998
4879,2023/3/26,Prague_1,13149.220000000001,7.08,0.97,0,,Sunday,1.0544099999999998
4879,2023/3/27,Prague_1,12043.220000000001,7.08,0.79,0,,Monday,1.0544099999999998
4879,2023/3/28,Prague_1,11977.980000000001,7.08,0.84,0,,Tuesday,1.0544099999999998
4879,2023/3/29,Prague_1,10561.18,7.08,0.9400000000000001,0,,Wednesday,1.0544099999999998
4879,2023/3/30,Prague_1,12378.38,7.08,0.88,0,,Thursday,1.0544099999999998
4879,2023/3/31,Prague_1,16032.17,7.08,0.9400000000000001,0,,Friday,1.0544099999999998
4879,2023/4/1,Prague_1,14172.269999999999,7.08,0.95,0,,Saturday,1.0544099999999998
4879,2023/4/2,Prague_1,14454.23,7.08,0.88,0,,Sunday,1.0544099999999998
4879,2023/4/3,Prague_1,11001.41,7.08,0.9799999999999999,0,,Monday,1.0544099999999998
4879,2023/4/4,Prague_1,11302.970000000001,7.08,0.88,0,,Tuesday,1.0544099999999998
4879,2023/4/5,Prague_1,11118.94,7.08,0.83,0,,Wednesday,1.34967
4879,2023/4/6,Prague_1,19128.690000000002,7.08,0.87,0,,Thursday,1.0544099999999998
4879,2023/4/7,Prague_1,16933.559999999998,7.08,0.91,1,Good Friday,Friday,1.0544099999999998
4879,2023/4/8,Prague_1,11440.24,7.08,0.89,1,,Saturday,1.7936099999999997
4879,2023/4/9,Prague_1,10364.970000000001,7.08,0.97,1,,Sunday,2.4264799999999997
4879,2023/4/10,Prague_1,12426.19,7.08,0.83,1,Easter Monday,Monday,1.0544099999999998
4879,2023/4/11,Prague_1,7815.43,7.08,0.9799999999999999,0,,Tuesday,2.3526999999999996
4879,2023/4/12,Prague_1,7028.91,7.08,0.9799999999999999,0,,Wednesday,2.43215
4879,2023/4/13,Prague_1,12204.01,7.08,0.96,0,,Thursday,1.0544099999999998
4879,2023/4/14,Prague_1,16226.279999999999,7.08,0.85,0,,Friday,1.0544099999999998
4879,2023/4/15,Prague_1,15238.720000000001,7.08,0.78,0,,Saturday,1.0544099999999998
4879,2023/4/16,Prague_1,12381.74,7.08,0.87,0,Memorial Day for the Victims of the Holocaust,Sunday,1.0544099999999998
4879,2023/4/17,Prague_1,10900.12,7.08,0.92,0,,Monday,1.0544099999999998
4879,2023/4/18,Prague_1,10571.82,7.08,0.8,0,,Tuesday,1.0544099999999998
4879,2023/4/19,Prague_1,10334.87,7.08,0.85,0,,Wednesday,1.0544099999999998
4879,2023/4/20,Prague_1,12638.15,7.08,0.89,0,,Thursday,1.0544099999999998
4879,2023/4/21,Prague_1,14897.399999999998,7.08,0.97,0,,Friday,1.0544099999999998
4879,2023/4/22,Prague_1,15567.44,7.08,0.86,0,,Saturday,1.0544099999999998
4879,2023/4/23,Prague_1,12728.31,7.08,0.9400000000000001,0,,Sunday,1.0544099999999998
4879,2023/4/24,Prague_1,10995.18,7.08,0.91,0,,Monday,1.0544099999999998
4879,2023/4/25,Prague_1,12095.93,7.08,0.84,0,,Tuesday,1.0544099999999998
4879,2023/4/26,Prague_1,10040.66,7.08,0.89,0,,Wednesday,1.0544099999999998
4879,2023/4/27,Prague_1,12257.42,7.08,0.9799999999999999,0,,Thursday,1.0544099999999998
4879,2023/4/28,Prague_1,15823.850000000002,7.08,0.82,0,,Friday,1.0544099999999998
4879,2023/4/29,Prague_1,16413.600000000002,7.08,0.9400000000000001,0,,Saturday,1.0544099999999998
4879,2023/4/30,Prague_1,13903.89,7.08,0.97,0,,Sunday,1.0544099999999998
4879,2023/5/1,Prague_1,14578.899999999998,7.08,0.9799999999999999,1,Labour Day,Monday,1.0544099999999998
4879,2023/5/2,Prague_1,10349.220000000001,7.08,0.88,0,,Tuesday,1.0544099999999998
4879,2023/5/3,Prague_1,10864.56,7.08,0.76,0,,Wednesday,1.0544099999999998
4879,2023/5/4,Prague_1,14009.87,7.08,0.97,0,,Thursday,1.0544099999999998
4879,2023/5/5,Prague_1,17277.68,7.08,0.83,0,,Friday,1.0544099999999998
4879,2023/5/6,Prague_1,16117.710000000001,7.08,0.8,0,,Saturday,1.0544099999999998
4879,2023/5/7,Prague_1,12730.41,7.08,0.84,0,,Sunday,1.0544099999999998
4879,2023/5/8,Prague_1,14665.42,7.08,0.8099999999999999,1,Den osvobozeni,Monday,1.0544099999999998
4879,2023/5/9,Prague_1,14935.69,7.08,0.92,0,,Tuesday,1.0544099999999998
4879,2023/5/10,Prague_1,11767.56,7.08,0.85,0,,Wednesday,1.0544099999999998
4879,2023/5/11,Prague_1,12302.85,7.08,0.91,0,,Thursday,1.0544099999999998
4879,2023/5/12,Prague_1,17412.92,7.08,0.93,0,,Friday,1.0544099999999998
4879,2023/5/13,Prague_1,14421.820000000002,7.08,0.9799999999999999,0,,Saturday,1.0544099999999998
4879,2023/5/14,Prague_1,13911.029999999999,7.08,0.9,0,,Sunday,1.0544099999999998
4879,2023/5/15,Prague_1,12050.99,7.08,0.97,0,,Monday,1.0544099999999998
4879,2023/5/16,Prague_1,13007.75,7.08,0.88,0,,Tuesday,1.0544099999999998
4879,2023/5/17,Prague_1,10717.42,7.08,0.9400000000000001,0,,Wednesday,1.0544099999999998
4879,2023/5/18,Prague_1,13074.81,7.08,0.92,1,Ascension day,Thursday,1.0544099999999998
4879,2023/5/19,Prague_1,16175.880000000001,7.08,0.97,0,,Friday,1.0544099999999998
4879,2023/5/20,Prague_1,14035.56,7.08,0.97,0,,Saturday,1.0544099999999998
4879,2023/5/21,Prague_1,15290.380000000001,7.08,0.96,0,National Defense Day,Sunday,1.0544099999999998
4879,2023/5/22,Prague_1,12838.14,7.08,0.9799999999999999,0,,Monday,1.0544099999999998
4879,2023/5/23,Prague_1,13296.15,7.08,0.9799999999999999,0,,Tuesday,1.0544099999999998
4879,2023/5/24,Prague_1,10508.33,7.08,0.9400000000000001,0,,Wednesday,1.0544099999999998
4879,2023/5/25,Prague_1,12301.94,7.08,0.9799999999999999,0,,Thursday,1.0544099999999998
4879,2023/5/26,Prague_1,15675.94,7.08,0.9799999999999999,0,,Friday,1.0544099999999998
4879,2023/5/27,Prague_1,15619.449999999999,7.08,0.97,0,,Saturday,1.0544099999999998
4879,2023/5/28,Prague_1,15366.75,7.08,0.97,1,Whit sunday,Sunday,1.0544099999999998
4879,2023/5/29,Prague_1,13007.61,7.08,0.9799999999999999,1,Whit monday,Monday,1.0544099999999998
4879,2023/5/30,Prague_1,12246.85,7.08,0.9799999999999999,0,,Tuesday,1.0544099999999998
4879,2023/5/31,Prague_1,9595.529999999999,7.08,0.9400000000000001,0,,Wednesday,1.0544099999999998
4879,2023/6/1,Prague_1,6530.44,7.08,0.9799999999999999,0,,Thursday,1.0544099999999998
4879,2023/6/2,Prague_1,14256.83,7.08,0.93,0,,Friday,1.0544099999999998
4879,2023/6/3,Prague_1,12594.75,7.08,0.96,0,,Saturday,1.0544099999999998
4879,2023/6/4,Prague_1,12921.44,7.08,0.95,0,Day of National Unity,Sunday,1.0544099999999998
4879,2023/6/5,Prague_1,10026.38,7.08,0.93,0,,Monday,1.0544099999999998
4879,2023/6/6,Prague_1,10396.26,7.08,0.83,0,,Tuesday,1.0544099999999998
4879,2023/6/7,Prague_1,8550.85,7.08,0.95,0,,Wednesday,1.0544099999999998
4879,2023/6/8,Prague_1,9557.87,7.08,0.86,1,Corpus Christi,Thursday,1.0544099999999998
4879,2023/6/9,Prague_1,14230.37,7.08,0.86,0,,Friday,1.0544099999999998
4879,2023/6/10,Prague_1,13212.99,7.08,0.87,0,,Saturday,1.0544099999999998
4879,2023/6/11,Prague_1,11688.88,7.08,0.88,0,,Sunday,1.0544099999999998
4879,2023/6/12,Prague_1,10622.57,7.08,0.96,0,,Monday,1.0544099999999998
4879,2023/6/13,Prague_1,11493.44,7.08,0.9,0,,Tuesday,1.0544099999999998
4879,2023/6/14,Prague_1,10282.79,7.08,0.89,0,,Wednesday,1.0544099999999998
4879,2023/6/15,Prague_1,11348.68,7.08,0.87,0,,Thursday,1.0544099999999998
4879,2023/6/16,Prague_1,12853.12,7.08,0.95,0,,Friday,1.0544099999999998
4879,2023/6/17,Prague_1,13403.18,7.08,0.85,0,,Saturday,1.0544099999999998
4879,2023/6/18,Prague_1,11436.88,7.08,0.9400000000000001,0,,Sunday,1.0544099999999998
4879,2023/6/19,Prague_1,10243.17,7.08,0.95,0,Independent Hungary Day,Monday,1.0544099999999998
4879,2023/6/20,Prague_1,10760.61,7.08,0.93,0,,Tuesday,1.0544099999999998
4879,2023/6/21,Prague_1,12156.970000000001,7.08,0.86,0,,Wednesday,1.0544099999999998
4879,2023/6/22,Prague_1,11418.54,7.08,0.91,0,,Thursday,1.0544099999999998
4879,2023/6/23,Prague_1,11115.65,7.08,1,0,,Friday,1.0544099999999998
4879,2023/6/24,Prague_1,11780.58,7.08,0.89,0,,Saturday,1.0544099999999998
4879,2023/6/25,Prague_1,12052.67,7.08,0.99,0,,Sunday,1.0544099999999998
4879,2023/6/26,Prague_1,10650.92,7.08,0.96,0,,Monday,1.0544099999999998
4879,2023/6/27,Prague_1,9622.76,7.08,1,0,,Tuesday,1.0544099999999998
4879,2023/6/28,Prague_1,8983.38,7.08,0.97,0,,Wednesday,1.0544099999999998
4879,2023/6/29,Prague_1,7773.99,7.08,1,0,,Thursday,1.0544099999999998
4879,2023/6/30,Prague_1,12589.99,7.08,1,0,,Friday,1.0544099999999998
4879,2023/7/1,Prague_1,14630,7.08,0.74,0,,Saturday,1.0544099999999998
4879,2023/7/2,Prague_1,10784.41,7.08,0.9,0,,Sunday,1.0544099999999998
4879,2023/7/3,Prague_1,8560.51,7.08,1,0,,Monday,1.0544099999999998
4879,2023/7/4,Prague_1,10563.279999999999,7.08,0.88,0,,Tuesday,1.0544099999999998
4879,2023/7/5,Prague_1,10800.79,7.08,0.84,1,Cyrila a Metodej,Wednesday,1.0544099999999998
4879,2023/7/6,Prague_1,7449.96,7.08,1,1,Jan Hus,Thursday,1.0544099999999998
4879,2023/7/7,Prague_1,10347.96,7.08,0.99,0,,Friday,1.0544099999999998
4879,2023/7/8,Prague_1,11414.34,7.08,0.91,0,,Saturday,1.0544099999999998
4879,2023/7/9,Prague_1,11997.51,7.08,0.7700000000000001,0,,Sunday,1.0544099999999998
4879,2023/7/10,Prague_1,9954.769999999999,7.08,0.91,0,,Monday,1.0544099999999998
4879,2023/7/11,Prague_1,10084.13,7.08,0.83,0,,Tuesday,1.0544099999999998
4879,2023/7/12,Prague_1,8066.3099999999995,7.08,1,0,,Wednesday,1.0544099999999998
4879,2023/7/13,Prague_1,9174.970000000001,7.08,0.95,0,,Thursday,1.0544099999999998
4879,2023/7/14,Prague_1,10146.779999999999,7.08,0.89,0,,Friday,1.0544099999999998
4879,2023/7/15,Prague_1,13991.81,7.08,0.76,0,,Saturday,1.0544099999999998
4879,2023/7/16,Prague_1,11039.14,7.08,0.91,0,,Sunday,1.0544099999999998
4879,2023/7/17,Prague_1,9716.84,7.08,0.95,0,,Monday,1.0544099999999998
4879,2023/7/18,Prague_1,9581.6,7.08,1,0,,Tuesday,1.0544099999999998
4879,2023/7/19,Prague_1,9303.84,7.08,1,0,,Wednesday,1.0544099999999998
4879,2023/7/20,Prague_1,8949.71,7.08,1,0,,Thursday,1.0544099999999998
4879,2023/7/21,Prague_1,12403.720000000001,7.08,0.89,0,,Friday,1.0544099999999998
4879,2023/7/22,Prague_1,11955.300000000001,7.08,0.86,0,,Saturday,1.0544099999999998
4879,2023/7/23,Prague_1,10013.779999999999,7.08,0.9400000000000001,0,,Sunday,1.0544099999999998
4879,2023/7/24,Prague_1,9657.69,7.08,0.92,0,,Monday,1.0544099999999998
4879,2023/7/25,Prague_1,9577.61,7.08,0.9,0,,Tuesday,1.0544099999999998
4879,2023/7/26,Prague_1,9933,7.08,0.88,0,,Wednesday,1.0544099999999998
4879,2023/7/27,Prague_1,9176.37,7.08,0.9400000000000001,0,,Thursday,1.0544099999999998
4879,2023/7/28,Prague_1,9606.24,7.08,0.97,0,,Friday,1.0544099999999998
4879,2023/7/29,Prague_1,12684.07,7.08,0.76,0,,Saturday,1.0544099999999998
4879,2023/7/30,Prague_1,12364.17,7.08,0.75,0,,Sunday,1.0544099999999998
4879,2023/7/31,Prague_1,10672.480000000001,7.08,1,0,,Monday,1.0544099999999998
4879,2023/8/1,Prague_1,9662.66,7.08,1,0,,Tuesday,1.0544099999999998
4879,2023/8/2,Prague_1,10102.050000000001,7.08,0.91,0,,Wednesday,1.0544099999999998
4879,2023/8/3,Prague_1,8319.220000000001,7.08,0.99,0,,Thursday,1.0544099999999998
4879,2023/8/4,Prague_1,12247.41,7.08,0.93,0,,Friday,1.0544099999999998
4879,2023/8/5,Prague_1,10251.99,7.08,1,0,,Saturday,1.0544099999999998
4879,2023/8/6,Prague_1,11234.58,7.08,0.88,0,,Sunday,1.0544099999999998
4879,2023/8/7,Prague_1,10402.91,7.08,1,0,,Monday,1.0544099999999998
4879,2023/8/8,Prague_1,9772.14,7.08,0.9400000000000001,1,Peace Festival in Augsburg,Tuesday,1.0544099999999998
4879,2023/8/9,Prague_1,9959.04,7.08,0.9,0,,Wednesday,1.0544099999999998
4879,2023/8/10,Prague_1,11178.16,7.08,0.86,0,,Thursday,1.0544099999999998
4879,2023/8/11,Prague_1,12294.31,7.08,1,0,,Friday,1.0544099999999998
4879,2023/8/12,Prague_1,11541.25,7.08,0.92,0,,Saturday,1.0544099999999998
4879,2023/8/13,Prague_1,11098.779999999999,7.08,0.9400000000000001,0,,Sunday,1.0544099999999998
4879,2023/8/14,Prague_1,12781.09,7.08,0.85,0,,Monday,1.0544099999999998
4879,2023/8/15,Prague_1,10360.21,7.08,0.82,1,Assumption of the Virgin Mary,Tuesday,1.0544099999999998
4879,2023/8/16,Prague_1,10210.9,7.08,0.88,0,,Wednesday,1.0544099999999998
4879,2023/8/17,Prague_1,9799.79,7.08,0.87,0,,Thursday,1.0544099999999998
4879,2023/8/18,Prague_1,10941.63,7.08,0.85,0,,Friday,1.0544099999999998
4879,2023/8/19,Prague_1,11973.71,7.08,0.89,0,,Saturday,1.0544099999999998
4879,2023/8/20,Prague_1,11144.56,7.08,1,1,State Foundation Day,Sunday,1.0544099999999998
4879,2023/8/21,Prague_1,9437.61,7.08,1,0,,Monday,1.0544099999999998
4879,2023/8/22,Prague_1,9199.26,7.08,1,0,,Tuesday,1.0544099999999998
4879,2023/8/23,Prague_1,9738.050000000001,7.08,1,0,,Wednesday,1.0544099999999998
4879,2023/8/24,Prague_1,8855.14,7.08,1,0,,Thursday,1.0544099999999998
4879,2023/8/25,Prague_1,13978.44,7.08,1,0,,Friday,1.0544099999999998
4879,2023/8/26,Prague_1,13942.25,7.08,1,0,,Saturday,1.0544099999999998
4879,2023/8/27,Prague_1,13291.04,7.08,1,0,,Sunday,1.0544099999999998
4879,2023/8/28,Prague_1,12368.37,7.08,1,0,,Monday,1.0544099999999998
4879,2023/8/29,Prague_1,12030.83,7.08,1,0,,Tuesday,1.0544099999999998
4879,2023/8/30,Prague_1,13453.51,7.08,0.99,0,,Wednesday,1.0544099999999998
4879,2023/8/31,Prague_1,11342.38,7.08,1,0,,Thursday,1.0544099999999998
4879,2023/9/1,Prague_1,13657.769999999999,7.08,1,0,,Friday,1.0544099999999998
4879,2023/9/2,Prague_1,6934.27,7.08,1,0,,Saturday,1.0544099999999998
4879,2023/9/3,Prague_1,14579.320000000002,7.08,1,0,,Sunday,1.0544099999999998
4879,2023/9/4,Prague_1,11782.12,7.08,1,0,,Monday,1.0544099999999998
4879,2023/9/5,Prague_1,12901.279999999999,7.08,1,0,,Tuesday,1.0544099999999998
4879,2023/9/6,Prague_1,12459.230000000001,7.08,0.88,0,,Wednesday,1.0544099999999998
4879,2023/9/7,Prague_1,10633.63,7.08,1,0,,Thursday,1.0544099999999998
4879,2023/9/8,Prague_1,15638.91,7.08,1,0,,Friday,1.0544099999999998
4879,2023/9/9,Prague_1,12240.76,7.08,1,0,,Saturday,1.0544099999999998
4879,2023/9/10,Prague_1,13824.019999999999,7.08,1,0,,Sunday,1.0544099999999998
4879,2023/9/11,Prague_1,12781.79,7.08,1,0,,Monday,1.0544099999999998
4879,2023/9/12,Prague_1,12368.65,7.08,1,0,,Tuesday,1.0544099999999998
4879,2023/9/13,Prague_1,12123.93,7.08,1,0,,Wednesday,1.0544099999999998
4879,2023/9/14,Prague_1,12174.050000000001,7.08,1,0,,Thursday,1.0544099999999998
4879,2023/9/15,Prague_1,14240.800000000001,7.08,1,0,,Friday,1.0544099999999998
4879,2023/9/16,Prague_1,14343.630000000001,7.08,1,0,,Saturday,1.0544099999999998
4879,2023/9/17,Prague_1,17367.14,7.08,0.92,0,,Sunday,1.0544099999999998
4879,2023/9/18,Prague_1,12483.519999999999,7.08,1,0,,Monday,1.0544099999999998
4879,2023/9/19,Prague_1,12833.66,7.08,1,0,,Tuesday,1.0544099999999998
4879,2023/9/20,Prague_1,11416.16,7.08,1,0,,Wednesday,1.0544099999999998
4879,2023/9/21,Prague_1,13074.11,7.08,0.99,0,,Thursday,1.0544099999999998
4879,2023/9/22,Prague_1,15842.33,7.08,0.9400000000000001,0,,Friday,1.0544099999999998
4879,2023/9/23,Prague_1,14560.56,7.08,1,0,,Saturday,1.0544099999999998
4879,2023/9/24,Prague_1,14323.26,7.08,1,0,,Sunday,1.0544099999999998
4879,2023/9/25,Prague_1,11580.87,7.08,1,0,,Monday,1.0544099999999998
4879,2023/9/26,Prague_1,12699.050000000001,7.08,1,0,,Tuesday,1.0544099999999998
4879,2023/9/27,Prague_1,14623.070000000002,7.08,0.9,0,,Wednesday,1.0544099999999998
4879,2023/9/28,Prague_1,17951.149999999998,7.08,1,1,Den ceske statnosti,Thursday,1.0544099999999998
4879,2023/9/29,Prague_1,13211.519999999999,7.08,1,0,,Friday,1.0544099999999998
4879,2023/9/30,Prague_1,13765.71,7.08,1,0,,Saturday,1.0544099999999998
4879,2023/10/1,Prague_1,13970.88,7.08,0.88,0,,Sunday,1.0544099999999998
4879,2023/10/2,Prague_1,10230.36,7.08,0.99,0,,Monday,1.0544099999999998
4879,2023/10/3,Prague_1,11965.730000000001,7.08,0.84,1,German Unity Day,Tuesday,1.0544099999999998
4879,2023/10/4,Prague_1,10850.14,7.08,1,0,,Wednesday,1.0544099999999998
4879,2023/10/5,Prague_1,10618.16,7.08,1,0,,Thursday,1.0544099999999998
4879,2023/10/6,Prague_1,16183.929999999998,7.08,1,0,Memorial Day for the Martyrs of Arad,Friday,1.0544099999999998
4879,2023/10/7,Prague_1,16246.509999999998,7.08,0.88,0,,Saturday,1.0544099999999998
4879,2023/10/8,Prague_1,16046.800000000001,7.08,1,0,,Sunday,1.0544099999999998
4879,2023/10/9,Prague_1,11863.18,7.08,1,0,,Monday,1.0544099999999998
4879,2023/10/10,Prague_1,15180.619999999999,7.08,0.85,0,,Tuesday,1.0544099999999998
4879,2023/10/11,Prague_1,12173.49,7.08,1,0,,Wednesday,1.0544099999999998
4879,2023/10/12,Prague_1,12319.44,7.08,0.99,0,,Thursday,1.0544099999999998
4879,2023/10/13,Prague_1,14126.980000000001,7.08,1,0,,Friday,1.0544099999999998
4879,2023/10/14,Prague_1,13907.529999999999,7.08,1,0,,Saturday,1.0544099999999998
4879,2023/10/15,Prague_1,14618.52,7.08,1,0,,Sunday,1.0544099999999998
4879,2023/10/16,Prague_1,13220.13,7.08,1,0,,Monday,1.0544099999999998
4879,2023/10/17,Prague_1,11794.79,7.08,1,0,,Tuesday,1.0544099999999998
4879,2023/10/18,Prague_1,12980.59,7.08,1,0,,Wednesday,1.0544099999999998
4879,2023/10/19,Prague_1,13204.59,7.08,1,0,,Thursday,1.0544099999999998
4879,2023/10/20,Prague_1,17125.710000000003,7.08,1,0,,Friday,1.0544099999999998
4879,2023/10/21,Prague_1,15311.800000000001,7.08,0.9799999999999999,0,,Saturday,1.0544099999999998
4879,2023/10/22,Prague_1,15823.570000000002,7.08,1,0,,Sunday,1.0544099999999998
4879,2023/10/23,Prague_1,11634.14,7.08,1,1,Memorial day of the 1956 Revolution,Monday,1.0544099999999998
4879,2023/10/24,Prague_1,11106.06,7.08,1,0,,Tuesday,1.0544099999999998
4879,2023/10/25,Prague_1,13331.08,7.08,1,0,,Wednesday,1.0544099999999998
4879,2023/10/26,Prague_1,12843.529999999999,7.08,1,0,,Thursday,1.0544099999999998
4879,2023/10/27,Prague_1,17229.03,7.08,1,0,,Friday,1.0544099999999998
4879,2023/10/28,Prague_1,20320.51,7.08,1,1,Den vzniku samostatneho ceskoslovenskeho statu,Saturday,1.0544099999999998
4879,2023/10/29,Prague_1,17196.62,7.08,1,0,,Sunday,1.0544099999999998
4879,2023/10/30,Prague_1,13731.76,7.08,1,0,,Monday,1.0544099999999998
4879,2023/10/31,Prague_1,12863.199999999999,7.08,1,1,Reformation Day,Tuesday,1.0544099999999998
4879,2023/11/1,Prague_1,12511.730000000001,7.08,1,1,All Saints Day,Wednesday,1.0544099999999998
4879,2023/11/2,Prague_1,17040.8,7.08,1,0,,Thursday,2.1177099999999998
4879,2023/11/3,Prague_1,20960.38,7.08,0.83,0,,Friday,2.1177099999999998
4879,2023/11/4,Prague_1,19051.899999999998,7.08,1,0,,Saturday,2.1177099999999998
4879,2023/11/5,Prague_1,18325.789999999997,7.08,0.99,0,,Sunday,2.1177099999999998
4879,2023/11/6,Prague_1,13352.220000000001,7.08,1,0,,Monday,2.1177099999999998
4879,2023/11/7,Prague_1,13992.65,7.08,1,0,,Tuesday,2.1177099999999998
4879,2023/11/8,Prague_1,14010.220000000001,7.08,1,0,,Wednesday,2.1177099999999998
4879,2023/11/9,Prague_1,15211.42,7.08,1,0,,Thursday,2.1177099999999998
4879,2023/11/10,Prague_1,21910.07,7.08,0.97,0,,Friday,2.1177099999999998
4879,2023/11/11,Prague_1,18474.539999999997,7.08,0.92,0,,Saturday,2.1177099999999998
4879,2023/11/12,Prague_1,16809.940000000002,7.08,0.85,0,,Sunday,2.1177099999999998
4879,2023/11/13,Prague_1,15873.27,7.08,1,0,,Monday,2.1177099999999998
4879,2023/11/14,Prague_1,16019.710000000001,7.08,1,0,,Tuesday,2.1177099999999998
4879,2023/11/15,Prague_1,14992.039999999999,7.08,1,0,,Wednesday,2.1177099999999998
4879,2023/11/16,Prague_1,20810.09,7.08,1,0,,Thursday,2.1177099999999998
4879,2023/11/17,Prague_1,23201.64,7.08,0.6,1,Den boje za svobodu a demokracii,Friday,2.1177099999999998
4879,2023/11/18,Prague_1,16075.990000000002,7.08,1,0,,Saturday,2.1177099999999998
4879,2023/11/19,Prague_1,18037.039999999997,7.08,0.97,0,,Sunday,2.1177099999999998
4879,2023/11/20,Prague_1,15448.23,7.08,1,0,,Monday,2.1177099999999998
4879,2023/11/21,Prague_1,13762.07,7.08,1,0,,Tuesday,2.1177099999999998
4879,2023/11/22,Prague_1,16133.67,7.08,1,0,,Wednesday,2.1177099999999998
4879,2023/11/23,Prague_1,16915.64,7.08,1,0,,Thursday,2.1177099999999998
4879,2023/11/24,Prague_1,19638.22,7.08,0.92,0,,Friday,2.1177099999999998
4879,2023/11/25,Prague_1,19409.67,7.08,0.79,0,,Saturday,2.1177099999999998
4879,2023/11/26,Prague_1,18464.25,7.08,0.85,0,,Sunday,2.1177099999999998
4879,2023/11/27,Prague_1,18238.64,7.08,0.89,0,,Monday,2.1177099999999998
4879,2023/11/28,Prague_1,18066.3,7.08,0.9400000000000001,0,,Tuesday,2.1177099999999998
4879,2023/11/29,Prague_1,18142.95,7.08,1,0,,Wednesday,2.1177099999999998
4879,2023/11/30,Prague_1,21139.09,7.08,0.92,0,,Thursday,2.1177099999999998
4879,2023/12/1,Prague_1,19505.289999999997,7.08,1,0,,Friday,2.1177099999999998
4879,2023/12/2,Prague_1,21873.039999999997,7.08,0.95,0,,Saturday,2.1177099999999998
4879,2023/12/3,Prague_1,18137.63,7.08,1,0,,Sunday,2.1177099999999998
4879,2023/12/4,Prague_1,20123.460000000003,7.08,1,0,,Monday,2.1177099999999998
4879,2023/12/5,Prague_1,20562.43,7.08,1,0,,Tuesday,2.1177099999999998
4879,2023/12/6,Prague_1,16360.89,7.08,1,0,,Wednesday,2.1177099999999998
4879,2023/12/7,Prague_1,19216.05,7.08,1,0,,Thursday,2.1177099999999998
4879,2023/12/8,Prague_1,22496.32,7.08,1,0,,Friday,2.1177099999999998
4879,2023/12/9,Prague_1,23792.16,7.08,0.97,0,,Saturday,2.1177099999999998
4879,2023/12/10,Prague_1,19715.57,7.08,1,0,,Sunday,2.1177099999999998
4879,2023/12/11,Prague_1,20102.460000000003,7.08,1,0,,Monday,2.1177099999999998
4879,2023/12/12,Prague_1,19649.63,7.08,1,0,,Tuesday,2.1177099999999998
4879,2023/12/13,Prague_1,19158.789999999997,7.08,1,0,,Wednesday,2.1177099999999998
4879,2023/12/14,Prague_1,21858.899999999998,7.08,0.89,0,,Thursday,2.1177099999999998
4879,2023/12/15,Prague_1,20689.899999999998,7.08,0.62,0,,Friday,2.1177099999999998
4879,2023/12/16,Prague_1,20906.41,7.08,0.6900000000000001,0,,Saturday,2.1177099999999998
4879,2023/12/17,Prague_1,18033.75,7.08,0.7700000000000001,0,,Sunday,2.1177099999999998
4879,2023/12/18,Prague_1,17688.86,7.08,0.79,0,,Monday,2.1177099999999998
4879,2023/12/19,Prague_1,16211.02,7.08,0.57,0,,Tuesday,1.16851
4879,2023/12/20,Prague_1,15915.41,7.08,0.9400000000000001,0,,Wednesday,1.0544099999999998
4879,2023/12/21,Prague_1,22868.58,7.08,0.61,0,,Thursday,1.0544099999999998
4879,2023/12/22,Prague_1,23713.48,7.08,1,0,,Friday,1.0544099999999998
4879,2023/12/23,Prague_1,34280.54,7.08,0.7,0,,Saturday,1.0544099999999998
4879,2023/12/24,Prague_1,9379.37,7.08,0.85,1,Christmas Eve,Sunday,1.0544099999999998
4879,2023/12/26,Prague_1,19870.76,7.08,1,1,2nd Christmas Day,Tuesday,1.0544099999999998
4879,2023/12/27,Prague_1,21189.84,7.08,0.63,0,,Wednesday,1.0544099999999998
4879,2023/12/28,Prague_1,22233.12,7.08,0.82,0,,Thursday,1.0544099999999998
4879,2023/12/29,Prague_1,17916.36,7.08,0.9400000000000001,0,,Friday,1.0544099999999998
4879,2023/12/30,Prague_1,23535.539999999997,7.08,0.95,0,,Saturday,1.0544099999999998
4879,2023/12/31,Prague_1,25625.600000000002,7.08,0.79,0,,Sunday,1.0544099999999998
4879,2024/1/1,Prague_1,0,6.82,0.33,1,New Years Day,Monday,0.8731099999999999
4879,2024/1/2,Prague_1,16727.27,6.82,1,0,,Tuesday,1.05
4879,2024/1/3,Prague_1,15084.86,6.82,0.91,0,,Wednesday,1.05
4879,2024/1/4,Prague_1,15483.86,6.82,0.93,0,,Thursday,1.05
4879,2024/1/5,Prague_1,19070.59,6.82,0.59,0,,Friday,1.05
4879,2024/1/6,Prague_1,21498.75,6.82,0.62,1,Epiphany,Saturday,1.05
4879,2024/1/7,Prague_1,19459.440000000002,6.82,0.75,0,,Sunday,1.05
4879,2024/1/8,Prague_1,13532.26,6.82,0.9799999999999999,0,,Monday,1.05
4879,2024/1/9,Prague_1,15883.630000000001,6.82,1,0,,Tuesday,1.05
4879,2024/1/10,Prague_1,16081.66,6.82,0.83,0,,Wednesday,1.05
4879,2024/1/11,Prague_1,17393.25,6.82,0.84,0,,Thursday,1.05
4879,2024/1/12,Prague_1,20567.61,6.82,0.95,0,,Friday,1.05
4879,2024/1/13,Prague_1,19967.710000000003,6.82,0.85,0,,Saturday,1.05
4879,2024/1/14,Prague_1,18090.38,6.82,1,0,,Sunday,1.05
4879,2024/1/15,Prague_1,14892.36,6.82,0.93,0,,Monday,1.05
4879,2024/1/16,Prague_1,15789.970000000001,6.82,0.91,0,,Tuesday,1.05
4879,2024/1/17,Prague_1,12463.15,6.82,0.99,0,,Wednesday,1.05
4879,2024/1/18,Prague_1,14002.94,6.82,0.96,0,,Thursday,1.05
4879,2024/1/19,Prague_1,19200.72,6.82,0.9400000000000001,0,,Friday,1.05
4879,2024/1/20,Prague_1,17561.74,6.82,0.9799999999999999,0,,Saturday,1.05
4879,2024/1/21,Prague_1,15657.949999999999,6.82,0.92,0,,Sunday,1.05
4879,2024/1/22,Prague_1,11345.6,6.82,1,0,,Monday,1.05
4879,2024/1/23,Prague_1,15264.27,6.82,0.95,0,,Tuesday,1.05
4879,2024/1/24,Prague_1,14072.31,6.82,0.96,0,,Wednesday,1.05
4879,2024/1/25,Prague_1,13319.46,6.82,1,0,,Thursday,1.05
4879,2024/1/26,Prague_1,20210.68,6.82,0.87,0,,Friday,1.05
4879,2024/1/27,Prague_1,17188.57,7.08,0.93,0,,Saturday,1.05
4879,2024/1/28,Prague_1,17037.09,7.08,0.86,0,,Sunday,1.05
4879,2024/1/29,Prague_1,17208.24,7.08,1,0,,Monday,1.05
4879,2024/1/30,Prague_1,15729.070000000002,7.08,0.54,0,,Tuesday,1.05
4879,2024/1/31,Prague_1,14047.25,7.08,0.93,0,,Wednesday,1.05
4879,2024/2/1,Prague_1,15861.44,7.08,0.97,0,Memorial Day of the Republic,Thursday,1.05
4879,2024/2/2,Prague_1,19530.7,7.08,0.95,0,,Friday,1.05
4879,2024/2/3,Prague_1,21555.52,7.08,0.7299999999999999,0,,Saturday,1.05
4879,2024/2/4,Prague_1,16678.899999999998,7.08,1,0,,Sunday,1.05
4879,2024/2/5,Prague_1,15773.66,7.08,1,0,,Monday,1.05
4879,2024/2/6,Prague_1,13766.76,7.08,0.96,0,,Tuesday,1.05
4879,2024/2/7,Prague_1,15742.23,7.08,0.76,0,,Wednesday,1.05
4879,2024/2/8,Prague_1,17354.190000000002,7.08,0.7299999999999999,0,,Thursday,1.05
4879,2024/2/9,Prague_1,18925.13,7.08,1,0,,Friday,1.05
4879,2024/2/10,Prague_1,20222.58,7.08,0.85,0,,Saturday,1.05
4879,2024/2/11,Prague_1,17992.45,7.08,0.95,0,,Sunday,1.05
4879,2024/2/12,Prague_1,11153.449999999999,7.08,1,0,,Monday,1.05
4879,2024/2/13,Prague_1,13825.84,7.08,1,0,,Tuesday,1.05
4879,2024/2/14,Prague_1,14032.34,7.08,1,0,,Wednesday,1.05
4879,2024/2/15,Prague_1,14246.33,7.08,1,0,,Thursday,1.05
4879,2024/2/16,Prague_1,17065.649999999998,7.08,0.9799999999999999,0,,Friday,1.05
4879,2024/2/17,Prague_1,18780.3,7.08,0.85,0,,Saturday,1.05
4879,2024/2/18,Prague_1,17368.61,7.08,0.9400000000000001,0,,Sunday,1.05
4879,2024/2/19,Prague_1,14228.34,7.08,1,0,,Monday,1.05
4879,2024/2/20,Prague_1,14912.52,7.08,0.95,0,,Tuesday,1.05
4879,2024/2/21,Prague_1,13051.29,7.08,1,0,,Wednesday,1.05
4879,2024/2/22,Prague_1,15673.210000000001,7.08,0.92,0,,Thursday,1.05
4879,2024/2/23,Prague_1,17213.42,7.08,0.92,0,,Friday,1.05
4879,2024/2/24,Prague_1,16908.01,7.08,0.97,0,,Saturday,1.05
4879,2024/2/25,Prague_1,17358.809999999998,7.08,0.9,0,Memorial Day for the Victims of the Communist Dictatorships,Sunday,1.05
4879,2024/2/26,Prague_1,14561.119999999999,7.08,1,0,,Monday,1.05
4879,2024/2/27,Prague_1,14986.58,7.08,0.9400000000000001,0,,Tuesday,1.05
4879,2024/2/28,Prague_1,12978.14,7.08,1,0,,Wednesday,1.05
4879,2024/2/29,Prague_1,14296.31,7.08,1,0,,Thursday,1.05
4879,2024/3/1,Prague_1,20252.960000000003,7.08,0.83,0,,Friday,1.05
4879,2024/3/2,Prague_1,18635.539999999997,7.08,0.84,0,,Saturday,1.05
4879,2024/3/3,Prague_1,13781.18,7.08,1,0,,Sunday,1.05
4879,2024/3/4,Prague_1,15275.19,7.08,1,0,,Monday,1.05
4879,2024/3/5,Prague_1,14322.49,7.08,1,0,,Tuesday,1.05
4879,2024/3/6,Prague_1,12911.220000000001,7.08,1,0,,Wednesday,1.05
4879,2024/3/7,Prague_1,14995.960000000001,7.08,0.9,0,,Thursday,1.05
4879,2024/3/8,Prague_1,18332.58,7.08,0.96,0,International womens day,Friday,1.05
4879,2024/3/9,Prague_1,17848.11,7.08,1,0,,Saturday,1.05
4879,2024/3/10,Prague_1,14579.81,7.08,0.99,0,,Sunday,1.05
4879,2024/3/11,Prague_1,14180.67,7.08,0.9400000000000001,0,,Monday,1.05
4879,2024/3/12,Prague_1,13593.019999999999,7.08,1,0,,Tuesday,1.05
4879,2024/3/13,Prague_1,14168.279999999999,7.08,0.97,0,,Wednesday,1.05
4879,2024/3/14,Prague_1,14266.49,7.08,0.99,0,,Thursday,1.05
4879,2024/3/15,Prague_1,18340.07,7.08,0.9799999999999999,1,Memorial Day for the Victims of the Holocaust,Friday,1.05
4879,2024/3/16,Prague_1,20102.25,7.08,0.86,0,,Saturday,1.05
4879,2024/3/17,Prague_1,16316.509999999998,7.08,0.93,0,,Sunday,1.05
4879,2024/3/18,Prague_1,13971.300000000001,7.08,1,0,,Monday,1.05
4879,2024/3/19,Prague_1,13552.49,7.08,1,0,,Tuesday,1.05
4879,2024/3/20,Prague_1,15398.949999999999,7.08,0.83,0,,Wednesday,1.05
4879,2024/3/21,Prague_1,14133.63,7.08,1,0,,Thursday,1.05
4879,2024/3/22,Prague_1,19543.649999999998,7.08,0.88,0,,Friday,1.05
4879,2024/3/23,Prague_1,18779.809999999998,7.08,1,0,,Saturday,1.05
4879,2024/3/24,Prague_1,16881.27,7.08,0.91,0,,Sunday,1.05
4879,2024/3/25,Prague_1,13804.14,7.08,1,0,,Monday,1.05
4879,2024/3/26,Prague_1,13239.730000000001,7.08,1,0,,Tuesday,1.05
4879,2024/3/27,Prague_1,14630.279999999999,7.08,0.9799999999999999,0,,Wednesday,1.05
4879,2024/3/28,Prague_1,24459.82,7.08,0.8099999999999999,0,,Thursday,1.05
4879,2024/3/29,Prague_1,23086.84,7.08,0.82,1,Good Friday,Friday,1.05
4879,2024/3/30,Prague_1,16563.89,7.08,0.97,1,,Saturday,1.05
4879,2024/3/31,Prague_1,16069.69,7.08,0.89,1,,Sunday,1.05
4879,2024/4/1,Prague_1,18647.789999999997,7.08,0.9400000000000001,1,Easter Monday,Monday,1.05
4879,2024/4/2,Prague_1,14156.17,7.08,0.97,0,,Tuesday,1.05
4879,2024/4/3,Prague_1,12299.35,7.08,1,0,,Wednesday,1.05
4879,2024/4/4,Prague_1,13944.56,7.08,1,0,,Thursday,1.05
4879,2024/4/5,Prague_1,20015.45,7.08,0.8099999999999999,0,,Friday,1.05
4879,2024/4/6,Prague_1,18934.72,7.08,0.7700000000000001,0,,Saturday,1.05
4879,2024/4/7,Prague_1,16050.58,7.08,0.86,0,,Sunday,1.05
4879,2024/4/8,Prague_1,13989.92,7.08,1,0,,Monday,1.05
4879,2024/4/9,Prague_1,13627.88,7.08,1,0,,Tuesday,1.05
4879,2024/4/10,Prague_1,13364.68,7.08,0.93,0,,Wednesday,1.05
4879,2024/4/11,Prague_1,14200.83,7.08,0.96,0,,Thursday,1.05
4879,2024/4/12,Prague_1,18372.899999999998,7.08,0.9799999999999999,0,,Friday,1.05
4879,2024/4/13,Prague_1,17646.37,7.08,1,0,,Saturday,1.05
4879,2024/4/14,Prague_1,18648.84,7.08,0.8099999999999999,0,,Sunday,1.05
4879,2024/4/15,Prague_1,12871.88,7.08,1,0,,Monday,1.05
4879,2024/4/16,Prague_1,14000.35,7.08,0.9,0,Memorial Day for the Victims of the Holocaust,Tuesday,1.05
4879,2024/4/17,Prague_1,12356.470000000001,7.08,0.97,0,,Wednesday,1.05
4879,2024/4/18,Prague_1,14807.800000000001,7.08,0.9400000000000001,0,,Thursday,1.05
4879,2024/4/19,Prague_1,20075.09,7.08,0.99,0,,Friday,1.05
4879,2024/4/20,Prague_1,19487.3,7.08,0.95,0,,Saturday,1.05
4879,2024/4/21,Prague_1,16360.539999999999,7.08,1,0,,Sunday,1.05
4879,2024/4/22,Prague_1,15209.880000000001,7.08,0.97,0,,Monday,1.05
4879,2024/4/23,Prague_1,14634.619999999999,7.08,0.97,0,,Tuesday,1.05
4879,2024/4/24,Prague_1,11862.199999999999,7.08,0.9799999999999999,0,,Wednesday,1.05
4879,2024/4/25,Prague_1,14651.84,7.08,1,0,,Thursday,1.05
4879,2024/4/26,Prague_1,18159.33,7.08,1,0,,Friday,1.05
4879,2024/4/27,Prague_1,18124.05,7.08,1,0,,Saturday,1.05
4879,2024/4/28,Prague_1,16634.03,7.08,1,0,,Sunday,1.05
4879,2024/4/29,Prague_1,11889.08,7.08,0.89,0,,Monday,1.05
4879,2024/4/30,Prague_1,16889.39,7.08,0.96,0,,Tuesday,1.05
4879,2024/5/1,Prague_1,16658.25,7.08,0.64,1,Labour Day,Wednesday,1.05
4879,2024/5/2,Prague_1,13033.720000000001,7.08,1,0,,Thursday,1.05
4879,2024/5/3,Prague_1,17140.76,7.08,1,0,,Friday,1.05
4879,2024/5/4,Prague_1,20228.039999999997,7.08,1,0,,Saturday,1.05
4879,2024/5/5,Prague_1,13987.68,7.08,1,0,,Sunday,1.05
4879,2024/5/6,Prague_1,14170.87,7.08,1,0,,Monday,1.05
4879,2024/5/7,Prague_1,16811.13,7.08,1,0,,Tuesday,1.05
4879,2024/5/8,Prague_1,24065.649999999998,7.08,0.97,1,Den osvobozeni,Wednesday,1.05
4879,2024/5/9,Prague_1,14992.179999999998,7.08,1,1,Ascension day,Thursday,1.05
4879,2024/5/10,Prague_1,17173.59,7.08,1,0,,Friday,1.05
4879,2024/5/11,Prague_1,18253.62,7.08,0.9400000000000001,0,,Saturday,1.05
4879,2024/5/12,Prague_1,16267.720000000001,7.08,0.93,0,,Sunday,1.05
4879,2024/5/13,Prague_1,12057.85,7.08,1,0,,Monday,1.05
4879,2024/5/14,Prague_1,13477.87,7.08,1,0,,Tuesday,1.05
4879,2024/5/15,Prague_1,13492.71,7.08,0.95,0,,Wednesday,1.05
4879,2024/5/16,Prague_1,14678.720000000001,7.08,0.9400000000000001,0,,Thursday,1.05
4879,2024/5/17,Prague_1,18898.67,7.08,0.93,0,,Friday,1.05
4879,2024/5/18,Prague_1,19364.8,7.08,1,0,,Saturday,1.05
4879,2024/5/19,Prague_1,15822.029999999999,7.08,1,1,Whit sunday,Sunday,1.05
4879,2024/5/20,Prague_1,14592.759999999998,7.08,1,1,Whit monday,Monday,1.05
4879,2024/5/21,Prague_1,12926.34,7.08,1,0,National Defense Day,Tuesday,1.05
4879,2024/5/22,Prague_1,14652.050000000001,7.08,0.93,0,,Wednesday,1.05
4879,2024/5/23,Prague_1,12163.550000000001,7.08,0.9,0,,Thursday,1.05
4879,2024/5/24,Prague_1,15032.64,7.08,1,0,,Friday,1.05
4879,2024/5/25,Prague_1,15454.740000000002,7.08,1,0,,Saturday,1.05
4879,2024/5/26,Prague_1,15965.460000000001,7.08,0.97,0,,Sunday,1.05
4879,2024/5/27,Prague_1,11866.61,7.08,1,0,,Monday,1.05
4879,2024/5/28,Prague_1,15841.14,7.08,0.9400000000000001,0,,Tuesday,1.05
4879,2024/5/29,Prague_1,12124.21,7.08,1,0,,Wednesday,1.05
4879,2024/5/30,Prague_1,13033.44,7.08,0.9,1,Corpus Christi,Thursday,1.05
4879,2024/5/31,Prague_1,17861.13,7.08,1,0,,Friday,1.05
4879,2024/6/1,Prague_1,17163.72,7.08,1,0,,Saturday,1.05
4879,2024/6/2,Prague_1,14964.320000000002,7.08,0.9799999999999999,0,,Sunday,1.05
4885,2020/8/1,Prague_1,18503.24,1.66,0.63,0,,Saturday,0
4885,2020/8/2,Prague_1,17599.61,1.66,0.59,0,,Sunday,0
4885,2020/8/3,Prague_1,13086.5,1.66,0.64,0,,Monday,0
4885,2020/8/4,Prague_1,12915.14,1.66,0.6,0,,Tuesday,0
4885,2020/8/5,Prague_1,11407.83,1.66,0.52,0,,Wednesday,0
4885,2020/8/6,Prague_1,18488.33,1.66,0.45,0,,Thursday,0
4885,2020/8/7,Prague_1,16490.039999999997,1.66,0.52,0,,Friday,0
4885,2020/8/8,Prague_1,20583.99,1.66,0.56,1,Peace Festival in Augsburg,Saturday,0
4885,2020/8/9,Prague_1,15785.070000000002,1.66,0.56,0,,Sunday,0
4885,2020/8/10,Prague_1,11003.79,1.66,0.6,0,,Monday,0
4885,2020/8/11,Prague_1,13701.94,1.66,0.61,0,,Tuesday,0
4885,2020/8/12,Prague_1,12424.79,1.66,0.52,0,,Wednesday,0
4885,2020/8/13,Prague_1,14685.509999999998,1.66,0.5,0,,Thursday,0
4885,2020/8/14,Prague_1,17270.75,1.66,0.5,0,,Friday,0
4885,2020/8/15,Prague_1,16214.17,1.66,0.5,1,Assumption of the Virgin Mary,Saturday,0
4885,2020/8/16,Prague_1,10715.949999999999,1.66,0.46,0,,Sunday,0
4885,2020/8/17,Prague_1,14878.429999999998,1.66,0.47000000000000003,0,,Monday,0
4885,2020/8/18,Prague_1,11252.71,1.66,0.5,0,,Tuesday,0
4885,2020/8/19,Prague_1,12698.49,1.66,0.48,0,,Wednesday,0
4885,2020/8/20,Prague_1,17232.74,1.66,0.45,1,State Foundation Day,Thursday,0
4885,2020/8/21,Prague_1,15638.91,1.66,0.47000000000000003,1,Hungary National Day Holiday,Friday,0
4885,2020/8/22,Prague_1,16821.84,1.66,0.48,0,,Saturday,0
4885,2020/8/23,Prague_1,16898.7,1.66,0.47000000000000003,0,,Sunday,0
4885,2020/8/24,Prague_1,14645.119999999999,1.66,0.47000000000000003,0,,Monday,0
4885,2020/8/25,Prague_1,11340,1.66,0.47000000000000003,0,,Tuesday,0
4885,2020/8/26,Prague_1,14867.720000000001,1.66,0.47000000000000003,0,,Wednesday,0
4885,2020/8/27,Prague_1,16284.100000000002,1.66,0.47000000000000003,0,,Thursday,0
4885,2020/8/28,Prague_1,17138.87,1.66,0.48,0,,Friday,0
4885,2020/8/29,Prague_1,16134.09,1.66,0.46,0,,Saturday,0
4885,2020/8/30,Prague_1,17298.539999999997,1.66,0.46,0,,Sunday,0
4885,2020/8/31,Prague_1,11691.89,1.66,0.56,0,,Monday,0
4885,2020/9/1,Prague_1,10119.34,1.66,0.57,0,,Tuesday,0
4885,2020/9/2,Prague_1,8003.449999999999,1.66,0.54,0,,Wednesday,0
4885,2020/9/3,Prague_1,14941.220000000001,1.66,0.55,0,,Thursday,0
4885,2020/9/4,Prague_1,15859.199999999999,1.66,0.61,0,,Friday,0
4885,2020/9/5,Prague_1,18976.51,1.66,0.57,0,,Saturday,0
4885,2020/9/6,Prague_1,16915.57,1.66,0.56,0,,Sunday,0
4885,2020/9/7,Prague_1,11214,1.66,0.57,0,,Monday,0
4885,2020/9/8,Prague_1,13316.31,1.66,0.61,0,,Tuesday,0
4885,2020/9/9,Prague_1,12977.09,1.66,0.54,0,,Wednesday,0
4885,2020/9/10,Prague_1,14675.5,1.66,0.59,0,,Thursday,0
4885,2020/9/11,Prague_1,11516.4,1.66,0.75,0,,Friday,0
4885,2020/9/12,Prague_1,18208.75,1.66,0.75,0,,Saturday,0
4885,2020/9/13,Prague_1,12967.36,1.66,0.76,0,,Sunday,0
4885,2020/9/14,Prague_1,9597.980000000001,1.66,0.7700000000000001,0,,Monday,0
4885,2020/9/15,Prague_1,8922.199999999999,1.66,0.8099999999999999,0,,Tuesday,0
4885,2020/9/16,Prague_1,9767.730000000001,1.66,0.76,0,,Wednesday,0
4885,2020/9/17,Prague_1,13299.44,1.66,0.7299999999999999,0,,Thursday,0
4885,2020/9/18,Prague_1,15187.83,1.66,0.76,0,,Friday,0
4885,2020/9/19,Prague_1,17474.52,1.66,0.74,0,,Saturday,0
4885,2020/9/20,Prague_1,15567.02,1.66,0.68,0,,Sunday,0
4885,2020/9/21,Prague_1,10462.9,1.66,0.61,0,,Monday,0
4885,2020/9/22,Prague_1,13874.14,1.66,0.56,0,,Tuesday,0
4885,2020/9/23,Prague_1,14405.02,1.66,0.46,0,,Wednesday,0
4885,2020/9/24,Prague_1,21178.92,1.66,0.48,0,,Thursday,0
4885,2020/9/25,Prague_1,21158.27,1.66,0.56,0,,Friday,0
4885,2020/9/26,Prague_1,19693.940000000002,1.66,0.57,0,,Saturday,0
4885,2020/9/27,Prague_1,15181.39,1.66,0.52,0,,Sunday,0
4885,2020/9/28,Prague_1,16479.399999999998,1.66,0.46,1,Den ceske statnosti,Monday,0
4885,2020/9/29,Prague_1,12491.36,1.66,0.5,0,,Tuesday,0
4885,2020/9/30,Prague_1,14935.759999999998,1.66,0.52,0,,Wednesday,0
4885,2020/10/1,Prague_1,16832.41,1.66,0.52,0,,Thursday,0
4885,2020/10/2,Prague_1,15946.070000000002,1.66,0.58,0,,Friday,0
4885,2020/10/3,Prague_1,24022.88,1.66,0.55,1,German Unity Day,Saturday,0
4885,2020/10/4,Prague_1,18216.03,1.66,0.47000000000000003,0,,Sunday,0
4885,2020/10/5,Prague_1,18667.88,1.66,0.47000000000000003,0,,Monday,0
4885,2020/10/6,Prague_1,14322.07,1.66,0.47000000000000003,0,Memorial Day for the Martyrs of Arad,Tuesday,0
4885,2020/10/7,Prague_1,16319.73,1.66,0.46,0,,Wednesday,0
4885,2020/10/8,Prague_1,17989.16,1.66,0.47000000000000003,0,,Thursday,0
4885,2020/10/9,Prague_1,18427.01,1.66,0.59,0,,Friday,0
4885,2020/10/10,Prague_1,23927.539999999997,1.66,0.64,0,,Saturday,0
4885,2020/10/11,Prague_1,16799.86,1.66,0.79,0,,Sunday,0
4885,2020/10/12,Prague_1,11720.94,1.66,0.76,0,,Monday,0
4885,2020/10/13,Prague_1,14393.679999999998,1.66,0.8,0,,Tuesday,0
4885,2020/10/14,Prague_1,16176.929999999998,1.66,0.8,0,,Wednesday,0
4885,2020/10/15,Prague_1,24185.14,1.66,0.86,0,,Thursday,0
4885,2020/10/16,Prague_1,28094.01,1.66,0.82,0,,Friday,0
4885,2020/10/17,Prague_1,23501.309999999998,1.66,0.83,0,,Saturday,0
4885,2020/10/18,Prague_1,30592.519999999997,1.66,0.86,0,,Sunday,0
4885,2020/10/19,Prague_1,23551.64,1.66,0.76,0,,Monday,0
4885,2020/10/20,Prague_1,22679.37,1.66,0.7299999999999999,0,,Tuesday,0
4885,2020/10/21,Prague_1,23841.58,1.66,0.65,0,,Wednesday,0
4885,2020/10/22,Prague_1,26033.63,1.66,0.87,0,,Thursday,0
4885,2020/10/23,Prague_1,29851.010000000002,1.66,0.8099999999999999,1,Memorial day of the 1956 Revolution,Friday,0
4885,2020/10/24,Prague_1,24177.72,1.66,0.8099999999999999,0,,Saturday,0
4885,2020/10/25,Prague_1,30487.87,1.66,0.62,0,,Sunday,0
4885,2020/10/26,Prague_1,24388.210000000003,1.66,0.54,0,,Monday,0
4885,2020/10/27,Prague_1,28837.13,1.66,0.59,0,,Tuesday,0
4885,2020/10/28,Prague_1,34073.48,1.66,0.59,1,Den vzniku samostatneho ceskoslovenskeho statu,Wednesday,0
4885,2020/10/29,Prague_1,30240.91,1.66,0.56,0,,Thursday,0
4885,2020/10/30,Prague_1,36496.6,1.66,0.57,0,,Friday,0
4885,2020/10/31,Prague_1,32610.97,1.66,0.52,1,Reformation Day,Saturday,0
4885,2020/11/1,Prague_1,34863.99,1.66,0.46,1,All Saints Day,Sunday,0
4885,2020/11/2,Prague_1,22755.039999999997,1.66,0.5,0,,Monday,0
4885,2020/11/3,Prague_1,28300.02,1.66,0.54,0,,Tuesday,0
4885,2020/11/4,Prague_1,30767.170000000002,1.66,0.5,0,,Wednesday,0
4885,2020/11/5,Prague_1,36501.64,1.66,0.51,0,,Thursday,0
4885,2020/11/6,Prague_1,33609.94,1.66,0.55,0,,Friday,0
4885,2020/11/7,Prague_1,29059.239999999998,1.66,0.51,0,,Saturday,0
4885,2020/11/8,Prague_1,32440.450000000004,1.66,0.47000000000000003,0,,Sunday,0
4885,2020/11/9,Prague_1,21676.690000000002,1.66,0.52,0,,Monday,0
4885,2020/11/10,Prague_1,23357.600000000002,1.66,0.51,0,,Tuesday,0
4885,2020/11/11,Prague_1,28867.440000000002,1.66,0.52,0,,Wednesday,0
4885,2020/11/12,Prague_1,34409.48,1.66,0.54,0,,Thursday,0
4885,2020/11/13,Prague_1,38100.23,1.66,0.57,0,,Friday,0
4885,2020/11/14,Prague_1,31330.950000000004,1.66,0.55,0,,Saturday,0
4885,2020/11/15,Prague_1,33171.46,1.66,0.5,0,,Sunday,0
4885,2020/11/16,Prague_1,21566.58,1.66,0.55,0,,Monday,0
4885,2020/11/17,Prague_1,29908.480000000003,1.66,0.6,1,Den boje za svobodu a demokracii,Tuesday,0
4885,2020/11/18,Prague_1,37788.52,1.66,0.55,0,,Wednesday,0
4885,2020/11/19,Prague_1,33080.04,1.66,0.62,0,,Thursday,0
4885,2020/11/20,Prague_1,40002.200000000004,1.66,0.67,0,,Friday,0
4885,2020/11/21,Prague_1,33789.98,1.66,0.65,0,,Saturday,0
4885,2020/11/22,Prague_1,27695.850000000002,1.66,0.64,0,,Sunday,0
4885,2020/11/23,Prague_1,25847.01,1.66,0.62,0,,Monday,0
4885,2020/11/24,Prague_1,30509.640000000003,1.66,0.58,0,,Tuesday,0
4885,2020/11/25,Prague_1,26827.22,1.66,0.6,0,,Wednesday,0
4885,2020/11/26,Prague_1,39870.04,1.66,0.57,0,,Thursday,0
4885,2020/11/27,Prague_1,36766.170000000006,1.66,0.57,0,,Friday,0
4885,2020/11/28,Prague_1,36240.75,1.66,0.52,0,,Saturday,0
4885,2020/11/29,Prague_1,23609.32,1.66,0.48,0,,Sunday,0
4885,2020/11/30,Prague_1,26533.43,1.66,0.51,0,,Monday,0
4885,2020/12/1,Prague_1,31305.68,1.66,0.5,0,,Tuesday,0
4885,2020/12/2,Prague_1,36370.32,1.66,0.48,0,,Wednesday,0
4885,2020/12/3,Prague_1,35905.799999999996,1.66,0.54,0,,Thursday,0
4885,2020/12/4,Prague_1,30212.28,1.66,0.66,0,,Friday,0
4885,2020/12/5,Prague_1,33528.74,1.66,0.66,0,,Saturday,0
4885,2020/12/6,Prague_1,25592.84,1.66,0.55,0,,Sunday,0
4885,2020/12/7,Prague_1,33837.72,1.66,0.48999999999999994,0,,Monday,0
4885,2020/12/8,Prague_1,25067.7,1.66,0.48999999999999994,0,,Tuesday,0
4885,2020/12/9,Prague_1,29714.579999999998,1.66,0.48,0,,Wednesday,0
4885,2020/12/10,Prague_1,36971.34,1.66,0.51,0,,Thursday,0
4885,2020/12/11,Prague_1,36114.47,1.66,0.53,0,,Friday,0
4885,2020/12/12,Prague_1,34618.57,1.66,0.53,0,,Saturday,0
4885,2020/12/13,Prague_1,27211.52,1.66,0.48999999999999994,0,,Sunday,0
4885,2020/12/14,Prague_1,27654.76,1.66,0.5,0,,Monday,0
4885,2020/12/15,Prague_1,30891.980000000003,1.66,0.51,0,,Tuesday,0
4885,2020/12/16,Prague_1,30044.21,1.66,0.51,0,,Wednesday,0
4885,2020/12/17,Prague_1,31990.140000000003,1.66,0.54,0,,Thursday,0
4885,2020/12/18,Prague_1,41748.28,1.66,0.58,0,,Friday,0
4885,2020/12/19,Prague_1,36845.200000000004,1.66,0.6,0,,Saturday,0
4885,2020/12/20,Prague_1,41655.81,1.66,0.57,0,,Sunday,0
4885,2020/12/21,Prague_1,38656.450000000004,1.66,0.57,0,,Monday,0
4885,2020/12/22,Prague_1,44881.34,1.66,0.76,0,,Tuesday,0
4885,2020/12/23,Prague_1,65224.950000000004,1.66,0.89,0,,Wednesday,0
4885,2020/12/24,Prague_1,27524.42,1.66,0.97,1,Christmas Eve,Thursday,0
4885,2020/12/26,Prague_1,36346.66,1.66,0.63,1,2nd Christmas Day,Saturday,0
4885,2020/12/27,Prague_1,41128.99,1.66,0.53,0,,Sunday,0
4885,2020/12/28,Prague_1,43600.549999999996,1.66,0.47000000000000003,0,,Monday,0
4885,2020/12/29,Prague_1,33486.74,1.66,0.48,0,,Tuesday,0
4885,2020/12/30,Prague_1,51193.66,1.66,0.7,0,,Wednesday,0
4885,2020/12/31,Prague_1,47426.75,1.66,0.92,0,,Thursday,0
4885,2021/1/1,Prague_1,25602.22,1.66,1,1,New Years Day,Friday,0
4885,2021/1/2,Prague_1,37476.53,1.66,0.83,0,,Saturday,0
4885,2021/1/3,Prague_1,30324.21,1.66,0.8099999999999999,0,,Sunday,0
4885,2021/1/4,Prague_1,35280.84,1.66,0.97,0,,Monday,0
4885,2021/1/5,Prague_1,30996.63,1.66,0.89,0,,Tuesday,0
4885,2021/1/6,Prague_1,39447.799999999996,1.66,0.86,1,Epiphany,Wednesday,0
4885,2021/1/7,Prague_1,41662.46,1.66,0.8,0,,Thursday,0
4885,2021/1/8,Prague_1,44065.07,1.66,0.93,0,,Friday,0
4885,2021/1/9,Prague_1,44726.64,1.66,0.92,0,,Saturday,0
4885,2021/1/10,Prague_1,31716.510000000002,1.66,1,0,,Sunday,0
4885,2021/1/11,Prague_1,37023.420000000006,1.66,0.8,0,,Monday,0
4885,2021/1/12,Prague_1,33794.46,1.66,0.89,0,,Tuesday,0
4885,2021/1/13,Prague_1,36267.49,1.66,0.85,0,,Wednesday,0
4885,2021/1/14,Prague_1,36811.46,1.66,0.84,0,,Thursday,0
4885,2021/1/15,Prague_1,43027.04,1.66,0.82,0,,Friday,0
4885,2021/1/16,Prague_1,38735.41,1.66,0.9799999999999999,0,,Saturday,0
4885,2021/1/17,Prague_1,40019.07,1.66,1,0,,Sunday,0
4885,2021/1/18,Prague_1,41937.35,1.66,1,0,,Monday,0
4885,2021/1/19,Prague_1,42098.56,1.66,1,0,,Tuesday,0
4885,2021/1/20,Prague_1,43041.6,1.66,1,0,,Wednesday,0
4885,2021/1/21,Prague_1,40868.450000000004,1.66,1,0,,Thursday,0
4885,2021/1/22,Prague_1,40799.57,1.66,0.85,0,,Friday,0
4885,2021/1/23,Prague_1,40702.97,1.66,1,0,,Saturday,0
4885,2021/1/24,Prague_1,41172.32,1.66,1,0,,Sunday,0
4885,2021/1/25,Prague_1,38105.06,1.66,1,0,,Monday,0
4885,2021/1/26,Prague_1,40533.15,1.66,1,0,,Tuesday,0
4885,2021/1/27,Prague_1,39421.549999999996,1.66,1,0,,Wednesday,0
4885,2021/1/28,Prague_1,38952.829999999994,1.66,0.82,0,,Thursday,0
4885,2021/1/29,Prague_1,45031.56,1.66,0.82,0,,Friday,0
4885,2021/1/30,Prague_1,45735.829999999994,1.66,1,0,,Saturday,0
4885,2021/1/31,Prague_1,33047,1.66,1,0,,Sunday,0
4885,2021/2/1,Prague_1,34577.48,1.66,0.87,0,Memorial Day of the Republic,Monday,0
4885,2021/2/2,Prague_1,39496.450000000004,1.66,0.9400000000000001,0,,Tuesday,0
4885,2021/2/3,Prague_1,40335.26,1.66,1,0,,Wednesday,0
4885,2021/2/4,Prague_1,44382.450000000004,1.66,0.95,0,,Thursday,0
4885,2021/2/5,Prague_1,42092.119999999995,1.66,0.91,0,,Friday,0
4885,2021/2/6,Prague_1,43719.34,1.66,0.88,0,,Saturday,0
4885,2021/2/7,Prague_1,38291.96,1.66,0.9,0,,Sunday,0
4885,2021/2/8,Prague_1,38768.799999999996,1.66,0.9400000000000001,0,,Monday,0
4885,2021/2/9,Prague_1,41225.94,1.66,0.8,0,,Tuesday,0
4885,2021/2/10,Prague_1,39755.73,1.66,0.88,0,,Wednesday,0
4885,2021/2/11,Prague_1,37138.85,1.66,0.7299999999999999,0,,Thursday,0
4885,2021/2/12,Prague_1,37567.880000000005,1.66,0.87,0,,Friday,0
4885,2021/2/13,Prague_1,42339.01,1.66,0.9400000000000001,0,,Saturday,0
4885,2021/2/14,Prague_1,42102.130000000005,1.66,0.88,0,,Sunday,0
4885,2021/2/15,Prague_1,41215.299999999996,1.66,0.95,0,,Monday,0
4885,2021/2/16,Prague_1,37576.07,1.66,0.87,0,,Tuesday,0
4885,2021/2/17,Prague_1,47708.57,1.66,0.9,0,,Wednesday,0
4885,2021/2/18,Prague_1,40987.380000000005,1.66,0.96,0,,Thursday,0
4885,2021/2/19,Prague_1,46215.96,1.66,0.86,0,,Friday,0
4885,2021/2/20,Prague_1,45076.64,1.66,1,0,,Saturday,0
4885,2021/2/21,Prague_1,41431.04,1.66,0.8099999999999999,0,,Sunday,0
4885,2021/2/22,Prague_1,39242.98,1.66,0.85,0,,Monday,0
4885,2021/2/23,Prague_1,37965.130000000005,1.66,0.92,0,,Tuesday,0
4885,2021/2/24,Prague_1,44212.420000000006,1.66,0.88,0,,Wednesday,0
4885,2021/2/25,Prague_1,43892.869999999995,1.66,0.79,0,Memorial Day for the Victims of the Communist Dictatorships,Thursday,0
4885,2021/2/26,Prague_1,49026.950000000004,1.66,0.87,0,,Friday,0
4885,2021/2/27,Prague_1,45727.43,1.66,0.97,0,,Saturday,0
4885,2021/2/28,Prague_1,44288.09,1.66,0.9400000000000001,0,,Sunday,0
4885,2021/3/1,Prague_1,36798.16,1.66,0.92,0,,Monday,0
4885,2021/3/2,Prague_1,43040.34,1.66,0.93,0,,Tuesday,0
4885,2021/3/3,Prague_1,44272.41,1.66,0.87,0,,Wednesday,0
4885,2021/3/4,Prague_1,43031.869999999995,1.66,0.85,0,,Thursday,0
4885,2021/3/5,Prague_1,45444.420000000006,1.66,0.82,0,,Friday,0
4885,2021/3/6,Prague_1,40353.18,1.66,0.93,0,,Saturday,0
4885,2021/3/7,Prague_1,36935.15,1.66,0.82,0,,Sunday,0
4885,2021/3/8,Prague_1,36152.9,1.66,0.7299999999999999,0,International womens day,Monday,0
4885,2021/3/9,Prague_1,32490.29,1.66,0.87,0,,Tuesday,0
4885,2021/3/10,Prague_1,42240.94,1.66,0.83,0,,Wednesday,0
4885,2021/3/11,Prague_1,44021.39,1.66,0.76,0,,Thursday,0
4885,2021/3/12,Prague_1,40527.69,1.66,0.88,0,,Friday,0
4885,2021/3/13,Prague_1,37288.65,1.66,0.9799999999999999,0,,Saturday,0
4885,2021/3/14,Prague_1,27202.84,1.66,0.7700000000000001,0,,Sunday,0
4885,2021/3/15,Prague_1,33231.73,1.66,0.75,1,Memorial Day for the Victims of the Holocaust,Monday,0
4885,2021/3/16,Prague_1,34203.47,1.66,0.78,0,,Tuesday,0
4885,2021/3/17,Prague_1,35973.28,1.66,0.7299999999999999,0,,Wednesday,0
4885,2021/3/18,Prague_1,36235.78,1.66,0.74,0,,Thursday,0
4885,2021/3/19,Prague_1,40438.299999999996,1.66,0.82,0,,Friday,0
4885,2021/3/20,Prague_1,30734.899999999998,1.66,0.8099999999999999,0,,Saturday,0
4885,2021/3/21,Prague_1,32847.85,1.66,0.75,0,,Sunday,0
4885,2021/3/22,Prague_1,31243.38,1.66,0.72,0,,Monday,0
4885,2021/3/23,Prague_1,34379.170000000006,1.66,0.7,0,,Tuesday,0
4885,2021/3/24,Prague_1,35333.06,1.66,0.7700000000000001,0,,Wednesday,0
4885,2021/3/25,Prague_1,35404.74,1.66,0.79,0,,Thursday,0
4885,2021/3/26,Prague_1,39583.880000000005,1.66,0.84,0,,Friday,0
4885,2021/3/27,Prague_1,29927.59,1.66,0.68,0,,Saturday,0
4885,2021/3/28,Prague_1,30506.63,1.66,0.66,0,,Sunday,0
4885,2021/3/29,Prague_1,32154.989999999998,1.66,0.67,0,,Monday,0
4885,2021/3/30,Prague_1,30248.12,1.66,0.68,0,,Tuesday,0
4885,2021/3/31,Prague_1,42478.31,1.66,0.67,0,,Wednesday,0
4885,2021/4/1,Prague_1,63761.11,1.66,0.8099999999999999,0,,Thursday,0
4885,2021/4/2,Prague_1,56443.66,1.66,0.83,1,Good Friday,Friday,0
4885,2021/4/3,Prague_1,36398.11,1.66,0.78,1,,Saturday,0
4885,2021/4/4,Prague_1,28599.48,1.66,0.6900000000000001,1,,Sunday,0
4885,2021/4/5,Prague_1,30596.37,1.66,0.84,1,Easter Monday,Monday,0
4885,2021/4/6,Prague_1,37187.079999999994,1.66,0.6900000000000001,0,,Tuesday,0
4885,2021/4/7,Prague_1,32351.549999999996,1.66,0.71,0,,Wednesday,0
4885,2021/4/8,Prague_1,35926.24,1.66,0.72,0,,Thursday,0
4885,2021/4/9,Prague_1,35169.19,1.66,0.71,0,,Friday,0
4885,2021/4/10,Prague_1,29847.579999999998,1.66,0.72,0,,Saturday,0
4885,2021/4/11,Prague_1,28687.47,1.66,0.86,0,,Sunday,0
4885,2021/4/12,Prague_1,25542.72,1.66,0.6,0,,Monday,0
4885,2021/4/13,Prague_1,29249.43,1.66,0.68,0,,Tuesday,0
4885,2021/4/14,Prague_1,32346.230000000003,1.66,0.74,0,,Wednesday,0
4885,2021/4/15,Prague_1,32436.04,1.66,0.72,0,,Thursday,0
4885,2021/4/16,Prague_1,34748.07,1.66,0.79,0,Memorial Day for the Victims of the Holocaust,Friday,0
4885,2021/4/17,Prague_1,31859.170000000002,1.66,0.67,0,,Saturday,0
4885,2021/4/18,Prague_1,28429.52,1.66,0.86,0,,Sunday,0
4885,2021/4/19,Prague_1,29063.299999999996,1.66,0.78,0,,Monday,0
4885,2021/4/20,Prague_1,29497.230000000003,1.66,0.88,0,,Tuesday,0
4885,2021/4/21,Prague_1,40757.01,1.66,1,0,,Wednesday,0
4885,2021/4/22,Prague_1,42441.14,1.66,1,0,,Thursday,0
4885,2021/4/23,Prague_1,47487.72,1.66,1,0,,Friday,0
4885,2021/4/24,Prague_1,38418.24,1.66,1,0,,Saturday,0
4885,2021/4/25,Prague_1,32421.690000000002,1.66,1,0,,Sunday,0
4885,2021/4/26,Prague_1,39091.99,1.66,0.97,0,,Monday,0
4885,2021/4/27,Prague_1,33936.98,1.66,1,0,,Tuesday,0
4885,2021/4/28,Prague_1,35281.96,1.66,1,0,,Wednesday,0
4885,2021/4/29,Prague_1,45005.450000000004,1.66,1,0,,Thursday,0
4885,2021/4/30,Prague_1,40780.74,1.66,0.79,0,,Friday,0
4885,2021/5/1,Prague_1,36843.66,1.66,1,1,Labour Day,Saturday,0
4885,2021/5/2,Prague_1,35958.93,1.66,1,0,,Sunday,0
4885,2021/5/3,Prague_1,40932.079999999994,1.66,1,0,,Monday,0
4885,2021/5/4,Prague_1,31638.109999999997,1.66,0.95,0,,Tuesday,0
4885,2021/5/5,Prague_1,34184.079999999994,1.66,0.95,0,,Wednesday,0
4885,2021/5/6,Prague_1,42166.11,1.66,1,0,,Thursday,0
4885,2021/5/7,Prague_1,43688.47,1.66,0.83,0,,Friday,0
4885,2021/5/8,Prague_1,38926.299999999996,1.66,0.71,1,Den osvobozeni,Saturday,0
4885,2021/5/9,Prague_1,30678.059999999998,1.66,1,0,,Sunday,0
4885,2021/5/10,Prague_1,34534.99,1.66,0.9400000000000001,0,,Monday,0
4885,2021/5/11,Prague_1,28732.13,1.66,0.83,0,,Tuesday,0
4885,2021/5/12,Prague_1,31716.510000000002,1.66,0.93,0,,Wednesday,0
4885,2021/5/13,Prague_1,36507.03,1.66,0.88,1,Ascension day,Thursday,0
4885,2021/5/14,Prague_1,38045.84,1.66,0.74,0,,Friday,0
4885,2021/5/15,Prague_1,37448.670000000006,1.66,1,0,,Saturday,0
4885,2021/5/16,Prague_1,32231.43,1.66,1,0,,Sunday,0
4885,2021/5/17,Prague_1,36551.41,1.66,1,0,,Monday,0
4885,2021/5/18,Prague_1,33989.130000000005,1.66,1,0,,Tuesday,0
4885,2021/5/19,Prague_1,36078.420000000006,1.66,0.95,0,,Wednesday,0
4885,2021/5/20,Prague_1,38310.86,1.66,0.95,0,,Thursday,0
4885,2021/5/21,Prague_1,42757.47,1.66,0.9,0,National Defense Day,Friday,0
4885,2021/5/22,Prague_1,35469.420000000006,1.66,1,0,,Saturday,0
4885,2021/5/23,Prague_1,28316.82,1.66,0.9799999999999999,1,Whit sunday,Sunday,0
4885,2021/5/24,Prague_1,31809.399999999998,1.66,0.9400000000000001,1,Whit monday,Monday,0
4885,2021/5/25,Prague_1,29017.59,1.66,0.9400000000000001,0,,Tuesday,0
4885,2021/5/26,Prague_1,33508.09,1.66,0.89,0,,Wednesday,0
4885,2021/5/27,Prague_1,36320.549999999996,1.66,1,0,,Thursday,0
4885,2021/5/28,Prague_1,43190.84,1.66,1,0,,Friday,0
4885,2021/5/29,Prague_1,37598.4,1.66,1,0,,Saturday,0
4885,2021/5/30,Prague_1,32742.640000000003,1.66,0.97,0,,Sunday,0
4885,2021/5/31,Prague_1,32903.01,1.66,0.9799999999999999,0,,Monday,0
4885,2021/6/1,Prague_1,26059.18,1.66,1,0,,Tuesday,0
4885,2021/6/2,Prague_1,33220.04,1.66,0.95,0,,Wednesday,0
4885,2021/6/3,Prague_1,35539.420000000006,1.66,0.9,1,Corpus Christi,Thursday,0
4885,2021/6/4,Prague_1,32831.119999999995,1.66,0.85,0,Day of National Unity,Friday,0
4885,2021/6/5,Prague_1,33575.01,1.66,1,0,,Saturday,0
4885,2021/6/6,Prague_1,31100.019999999997,1.66,0.88,0,,Sunday,0
4885,2021/6/7,Prague_1,30579.71,1.66,0.97,0,,Monday,0
4885,2021/6/8,Prague_1,34820.59,1.66,0.95,0,,Tuesday,0
4885,2021/6/9,Prague_1,32461.519999999997,1.66,1,0,,Wednesday,0
4885,2021/6/10,Prague_1,33527.41,1.66,0.85,0,,Thursday,0
4885,2021/6/11,Prague_1,39053.91,1.66,0.91,0,,Friday,0
4885,2021/6/12,Prague_1,27946.24,1.66,0.96,0,,Saturday,0
4885,2021/6/13,Prague_1,33368.23,1.66,1,0,,Sunday,0
4885,2021/6/14,Prague_1,32436.53,1.66,0.9400000000000001,0,,Monday,0
4885,2021/6/15,Prague_1,25912.25,1.66,0.91,0,,Tuesday,0
4885,2021/6/16,Prague_1,27948.41,1.66,0.84,0,,Wednesday,0
4885,2021/6/17,Prague_1,28707.21,1.66,0.7299999999999999,0,,Thursday,0
4885,2021/6/18,Prague_1,31985.66,1.66,0.88,0,,Friday,0
4885,2021/6/19,Prague_1,33276.53,1.66,0.9799999999999999,0,Independent Hungary Day,Saturday,0
4885,2021/6/20,Prague_1,29868.649999999998,1.66,0.97,0,,Sunday,0
4885,2021/6/21,Prague_1,28913.640000000003,1.66,0.88,0,,Monday,0
4885,2021/6/22,Prague_1,26735.73,1.66,0.86,0,,Tuesday,0
4885,2021/6/23,Prague_1,32552.59,1.66,1,0,,Wednesday,0
4885,2021/6/24,Prague_1,33784.24,1.66,1,0,,Thursday,0
4885,2021/6/25,Prague_1,39478.32,1.66,1,0,,Friday,0
4885,2021/6/26,Prague_1,31820.109999999997,1.66,1,0,,Saturday,0
4885,2021/6/27,Prague_1,31647.91,1.66,1,0,,Sunday,0
4885,2021/6/28,Prague_1,29148.350000000002,1.66,0.95,0,,Monday,0
4885,2021/6/29,Prague_1,27824.58,1.66,1,0,,Tuesday,0
4885,2021/6/30,Prague_1,21088.059999999998,1.66,0.78,0,,Wednesday,0
4885,2021/7/1,Prague_1,29626.940000000002,1.66,1,0,,Thursday,0
4885,2021/7/2,Prague_1,39406.22,1.66,0.95,0,,Friday,0
4885,2021/7/3,Prague_1,29153.18,1.66,0.88,0,,Saturday,0
4885,2021/7/4,Prague_1,27675.97,1.66,1,0,,Sunday,0
4885,2021/7/5,Prague_1,25782.399999999998,1.66,0.82,1,Cyrila a Metodej,Monday,0
4885,2021/7/6,Prague_1,26834.43,1.66,1,1,Jan Hus,Tuesday,0
4885,2021/7/7,Prague_1,27901.16,1.66,1,0,,Wednesday,0
4885,2021/7/8,Prague_1,29778,1.66,1,0,,Thursday,0
4885,2021/7/9,Prague_1,32441.78,1.66,0.95,0,,Friday,0
4885,2021/7/10,Prague_1,33182.450000000004,1.66,1,0,,Saturday,0
4885,2021/7/11,Prague_1,28882,1.66,0.93,0,,Sunday,0
4885,2021/7/12,Prague_1,24947.789999999997,1.66,1,0,,Monday,0
4885,2021/7/13,Prague_1,26708.36,1.66,0.96,0,,Tuesday,0
4885,2021/7/14,Prague_1,28783.16,1.66,1,0,,Wednesday,0
4885,2021/7/15,Prague_1,29548.890000000003,1.66,0.89,0,,Thursday,0
4885,2021/7/16,Prague_1,33872.579999999994,1.66,0.9,0,,Friday,0
4885,2021/7/17,Prague_1,33132.119999999995,1.66,0.97,0,,Saturday,0
4885,2021/7/18,Prague_1,25497.22,1.66,0.95,0,,Sunday,0
4885,2021/7/19,Prague_1,26119.59,1.66,1,0,,Monday,0
4885,2021/7/20,Prague_1,29591.799999999996,1.66,1,0,,Tuesday,0
4885,2021/7/21,Prague_1,29548.12,1.66,0.89,0,,Wednesday,0
4885,2021/7/22,Prague_1,28878.5,1.66,1,0,,Thursday,0
4885,2021/7/23,Prague_1,36548.68,1.66,1,0,,Friday,0
4885,2021/7/24,Prague_1,33959.380000000005,1.66,1,0,,Saturday,0
4885,2021/7/25,Prague_1,30216.97,1.66,0.95,0,,Sunday,0
4885,2021/7/26,Prague_1,23369.149999999998,1.66,0.9,0,,Monday,0
4885,2021/7/27,Prague_1,28275.8,1.66,1,0,,Tuesday,0
4885,2021/7/28,Prague_1,26742.52,1.66,0.9,0,,Wednesday,0
4885,2021/7/29,Prague_1,31627.47,1.66,0.95,0,,Thursday,0
4885,2021/7/30,Prague_1,35943.74,1.66,1,0,,Friday,0
4885,2021/7/31,Prague_1,28933.519999999997,1.66,0.75,0,,Saturday,0
4885,2021/8/1,Prague_1,30794.54,1.66,1,0,,Sunday,0
4885,2021/8/2,Prague_1,30105.53,1.66,1,0,,Monday,0
4885,2021/8/3,Prague_1,30737.489999999998,1.66,0.95,0,,Tuesday,0
4885,2021/8/4,Prague_1,29053.920000000002,1.66,1,0,,Wednesday,0
4885,2021/8/5,Prague_1,34936.86,1.66,1,0,,Thursday,0
4885,2021/8/6,Prague_1,33538.96,1.66,0.97,0,,Friday,0
4885,2021/8/7,Prague_1,28768.25,1.66,0.91,0,,Saturday,0
4885,2021/8/8,Prague_1,29909.25,1.66,1,1,Peace Festival in Augsburg,Sunday,0
4885,2021/8/9,Prague_1,32268.32,1.66,1,0,,Monday,0
4885,2021/8/10,Prague_1,28333.48,1.66,1,0,,Tuesday,0
4885,2021/8/11,Prague_1,31697.47,1.66,0.95,0,,Wednesday,0
4885,2021/8/12,Prague_1,28991.690000000002,1.66,1,0,,Thursday,0
4885,2021/8/13,Prague_1,36233.4,1.66,0.89,0,,Friday,0
4885,2021/8/14,Prague_1,26957.42,1.66,0.96,0,,Saturday,0
4885,2021/8/15,Prague_1,29584.170000000002,1.66,1,1,Assumption of the Virgin Mary,Sunday,0
4885,2021/8/16,Prague_1,30932.649999999998,1.66,0.92,0,,Monday,0
4885,2021/8/17,Prague_1,28664.09,1.66,1,0,,Tuesday,0
4885,2021/8/18,Prague_1,29045.59,1.66,0.95,0,,Wednesday,0
4885,2021/8/19,Prague_1,35318.85,1.66,1,0,,Thursday,0
4885,2021/8/20,Prague_1,33043.36,1.66,1,1,State Foundation Day,Friday,0
4885,2021/8/21,Prague_1,33852.14,1.66,0.92,0,,Saturday,0
4885,2021/8/22,Prague_1,31321.989999999998,1.66,1,0,,Sunday,0
4885,2021/8/23,Prague_1,36602.02,1.66,1,0,,Monday,0
4885,2021/8/24,Prague_1,31145.59,1.66,0.82,0,,Tuesday,0
4885,2021/8/25,Prague_1,27863.08,1.66,0.99,0,,Wednesday,0
4885,2021/8/26,Prague_1,36782.48,1.66,1,0,,Thursday,0
4885,2021/8/27,Prague_1,40567.03,1.66,0.8,0,,Friday,0
4885,2021/8/28,Prague_1,30572.850000000002,1.66,0.78,0,,Saturday,0
4885,2021/8/29,Prague_1,33535.81,1.66,0.93,0,,Sunday,0
4885,2021/8/30,Prague_1,34302.380000000005,1.66,0.99,0,,Monday,0
4885,2021/8/31,Prague_1,29666.91,1.66,0.93,0,,Tuesday,0
4885,2021/9/1,Prague_1,31895.22,1.66,1,0,,Wednesday,0
4885,2021/9/2,Prague_1,32721.640000000003,1.66,1,0,,Thursday,0
4885,2021/9/3,Prague_1,41970.81,1.66,0.99,0,,Friday,0
4885,2021/9/4,Prague_1,30968.07,1.66,0.91,0,,Saturday,0
4885,2021/9/5,Prague_1,35749.28,1.66,1,0,,Sunday,0
4885,2021/9/6,Prague_1,34198.29,1.66,1,0,,Monday,0
4885,2021/9/7,Prague_1,34010.9,1.66,1,0,,Tuesday,0
4885,2021/9/8,Prague_1,32278.190000000002,1.66,1,0,,Wednesday,0
4885,2021/9/9,Prague_1,30258.549999999996,1.66,1,0,,Thursday,0
4885,2021/9/10,Prague_1,43947.89,1.66,1,0,,Friday,0
4885,2021/9/11,Prague_1,33654.74,1.66,0.87,0,,Saturday,0
4885,2021/9/12,Prague_1,34111.14,1.66,1,0,,Sunday,0
4885,2021/9/13,Prague_1,33425.49,1.66,0.95,0,,Monday,0
4885,2021/9/14,Prague_1,34818.28,1.66,0.99,0,,Tuesday,0
4885,2021/9/15,Prague_1,34295.1,1.66,0.9400000000000001,0,,Wednesday,0
4885,2021/9/16,Prague_1,32026.329999999998,1.66,1,0,,Thursday,0
4885,2021/9/17,Prague_1,41889.75,1.66,0.83,0,,Friday,0
4885,2021/9/18,Prague_1,32408.53,1.66,0.88,0,,Saturday,0
4885,2021/9/19,Prague_1,35877.94,1.66,0.89,0,,Sunday,0
4885,2021/9/20,Prague_1,32579.96,1.66,0.89,0,,Monday,0
4885,2021/9/21,Prague_1,34258.28,1.66,1,0,,Tuesday,0
4885,2021/9/22,Prague_1,33569.34,1.66,1,0,,Wednesday,0
4885,2021/9/23,Prague_1,38960.11,1.66,1,0,,Thursday,0
4885,2021/9/24,Prague_1,52016.23,1.66,1,0,,Friday,0
4885,2021/9/25,Prague_1,39771.41,1.66,0.87,0,,Saturday,0
4885,2021/9/26,Prague_1,36173.69,1.66,0.9799999999999999,0,,Sunday,0
4885,2021/9/27,Prague_1,40103.35,1.66,0.86,0,,Monday,0
4885,2021/9/28,Prague_1,34111.84,1.66,0.76,1,Den ceske statnosti,Tuesday,0
4885,2021/9/29,Prague_1,40210.24,1.66,1,0,,Wednesday,0
4885,2021/9/30,Prague_1,42938.700000000004,1.66,1,0,,Thursday,0
4885,2021/10/1,Prague_1,44278.43,1.66,1,0,,Friday,0
4885,2021/10/2,Prague_1,39292.89,1.66,1,0,,Saturday,0
4885,2021/10/3,Prague_1,37415.84,1.66,1,1,German Unity Day,Sunday,0
4885,2021/10/4,Prague_1,39628.4,1.66,1,0,,Monday,0
4885,2021/10/5,Prague_1,36291.36,1.66,1,0,,Tuesday,0
4885,2021/10/6,Prague_1,34963.81,1.66,0.99,0,Memorial Day for the Martyrs of Arad,Wednesday,0
4885,2021/10/7,Prague_1,38852.52,1.66,1,0,,Thursday,0
4885,2021/10/8,Prague_1,48212.079999999994,1.66,0.9799999999999999,0,,Friday,0
4885,2021/10/9,Prague_1,36408.119999999995,1.66,1,0,,Saturday,0
4885,2021/10/10,Prague_1,37506.07,1.66,0.91,0,,Sunday,0
4885,2021/10/11,Prague_1,40128.06,1.66,0.84,0,,Monday,0
4885,2021/10/12,Prague_1,40786.97,1.66,0.9799999999999999,0,,Tuesday,0
4885,2021/10/13,Prague_1,40752.04,1.66,1,0,,Wednesday,0
4885,2021/10/14,Prague_1,43445.71,1.66,1,0,,Thursday,0
4885,2021/10/15,Prague_1,54305.299999999996,1.66,1,0,,Friday,0
4885,2021/10/16,Prague_1,43348.200000000004,1.66,1,0,,Saturday,0
4885,2021/10/17,Prague_1,41283.829999999994,1.66,1,0,,Sunday,0
4885,2021/10/18,Prague_1,42337.049999999996,1.66,1,0,,Monday,0
4885,2021/10/19,Prague_1,37711.52,1.66,1,0,,Tuesday,0
4885,2021/10/20,Prague_1,40458.81,1.66,1,0,,Wednesday,0
4885,2021/10/21,Prague_1,47888.47,1.66,1,0,,Thursday,0
4885,2021/10/22,Prague_1,53405.170000000006,1.66,1,0,,Friday,0
4885,2021/10/23,Prague_1,41059.41,1.66,0.89,1,Memorial day of the 1956 Revolution,Saturday,0
4885,2021/10/24,Prague_1,39676.630000000005,1.66,1,0,,Sunday,0
4885,2021/10/25,Prague_1,41920.549999999996,1.66,1,0,,Monday,0
4885,2021/10/26,Prague_1,44841.09,1.66,1,0,,Tuesday,0
4885,2021/10/27,Prague_1,49704.69,1.66,0.8,0,,Wednesday,0
4885,2021/10/28,Prague_1,53231.85,1.66,1,1,Den vzniku samostatneho ceskoslovenskeho statu,Thursday,0
4885,2021/10/29,Prague_1,51721.11,1.66,1,0,,Friday,0
4885,2021/10/30,Prague_1,27261.78,1.66,0.91,0,,Saturday,0
4885,2021/10/31,Prague_1,37918.23,1.66,0.92,1,Reformation Day,Sunday,0
4885,2021/11/1,Prague_1,30205.63,1.66,0.79,1,All Saints Day,Monday,0
4885,2021/11/2,Prague_1,46296.18,1.66,0.9799999999999999,0,,Tuesday,0
4885,2021/11/3,Prague_1,45528.14,1.66,1,0,,Wednesday,0
4885,2021/11/4,Prague_1,52849.579999999994,1.66,1,0,,Thursday,0
4885,2021/11/5,Prague_1,60534.03999999999,1.66,1,0,,Friday,0
4885,2021/11/6,Prague_1,48179.39,1.66,1,0,,Saturday,0
4885,2021/11/7,Prague_1,49994.700000000004,1.66,1,0,,Sunday,0
4885,2021/11/8,Prague_1,46938.29,1.66,1,0,,Monday,0
4885,2021/11/9,Prague_1,45836.630000000005,1.66,1,0,,Tuesday,0
4885,2021/11/10,Prague_1,50830.71,1.66,1,0,,Wednesday,0
4885,2021/11/11,Prague_1,52765.23,1.66,1,0,,Thursday,0
4885,2021/11/12,Prague_1,67202.45,1.66,1,0,,Friday,0
4885,2021/11/13,Prague_1,52525.549999999996,1.66,0.96,0,,Saturday,0
4885,2021/11/14,Prague_1,44689.96,1.66,1,0,,Sunday,0
4885,2021/11/15,Prague_1,50467.48,1.66,1,0,,Monday,0
4885,2021/11/16,Prague_1,52033.24,1.66,0.92,0,,Tuesday,0
4885,2021/11/17,Prague_1,49636.51,1.66,1,1,Den boje za svobodu a demokracii,Wednesday,0
4885,2021/11/18,Prague_1,53201.329999999994,1.66,1,0,,Thursday,0
4885,2021/11/19,Prague_1,58790.06,1.66,1,0,,Friday,0
4885,2021/11/20,Prague_1,55301.54,1.66,1,0,,Saturday,0
4885,2021/11/21,Prague_1,52401.369999999995,1.66,0.9400000000000001,0,,Sunday,0
4885,2021/11/22,Prague_1,52486.49,1.66,0.9400000000000001,0,,Monday,0
4885,2021/11/23,Prague_1,48326.53,1.66,1,0,,Tuesday,0
4885,2021/11/24,Prague_1,54992.14,1.66,0.99,0,,Wednesday,0
4885,2021/11/25,Prague_1,52842.79,1.66,1,0,,Thursday,0
4885,2021/11/26,Prague_1,71004.78,1.66,1,0,,Friday,0
4885,2021/11/27,Prague_1,53529.35,1.66,0.99,0,,Saturday,0
4885,2021/11/28,Prague_1,57272.25,1.66,1,0,,Sunday,0
4885,2021/11/29,Prague_1,53262.79,1.66,1,0,,Monday,0
4885,2021/11/30,Prague_1,56449.119999999995,1.66,1,0,,Tuesday,0
4885,2021/12/1,Prague_1,49624.049999999996,1.66,1,0,,Wednesday,0
4885,2021/12/2,Prague_1,59772.020000000004,1.66,0.97,0,,Thursday,0
4885,2021/12/3,Prague_1,61085.5,1.66,1,0,,Friday,0
4885,2021/12/4,Prague_1,59672.479999999996,1.66,1,0,,Saturday,0
4885,2021/12/5,Prague_1,57282.75,1.66,1,0,,Sunday,0
4885,2021/12/6,Prague_1,56094.36,1.66,1,0,,Monday,0
4885,2021/12/7,Prague_1,52648.61,1.66,1,0,,Tuesday,0
4885,2021/12/8,Prague_1,49381.78,1.66,0.9799999999999999,0,,Wednesday,0
4885,2021/12/9,Prague_1,57309.28,1.66,0.9799999999999999,0,,Thursday,0
4885,2021/12/10,Prague_1,64010.380000000005,1.66,1,0,,Friday,0
4885,2021/12/11,Prague_1,60615.520000000004,1.66,1,0,,Saturday,0
4885,2021/12/12,Prague_1,55025.880000000005,1.66,1,0,,Sunday,0
4885,2021/12/13,Prague_1,51992.22,1.66,1,0,,Monday,0
4885,2021/12/14,Prague_1,49461.79,1.66,1,0,,Tuesday,0
4885,2021/12/15,Prague_1,49166.53,1.66,1,0,,Wednesday,0
4885,2021/12/16,Prague_1,58087.82,1.66,1,0,,Thursday,0
4885,2021/12/17,Prague_1,58493.68,1.66,1,0,,Friday,0
4885,2021/12/18,Prague_1,63412.369999999995,1.66,1,0,,Saturday,0
4885,2021/12/19,Prague_1,58401.770000000004,1.66,1,0,,Sunday,0
4885,2021/12/20,Prague_1,60493.86,1.66,1,0,,Monday,0
4885,2021/12/21,Prague_1,61062.26,1.66,1,0,,Tuesday,0
4885,2021/12/22,Prague_1,77344.68,1.66,1,0,,Wednesday,0
4885,2021/12/23,Prague_1,98055.09000000001,1.66,0.9799999999999999,0,,Thursday,0
4885,2021/12/24,Prague_1,36960.91,1.66,1,1,Christmas Eve,Friday,0
4885,2021/12/26,Prague_1,50492.61,1.66,1,1,2nd Christmas Day,Sunday,0
4885,2021/12/27,Prague_1,61028.799999999996,1.66,0.89,0,,Monday,0
4885,2021/12/28,Prague_1,51749.880000000005,1.66,1,0,,Tuesday,0
4885,2021/12/29,Prague_1,55979.77,1.66,0.85,0,,Wednesday,0
4885,2021/12/30,Prague_1,93764.58,1.66,0.89,0,,Thursday,0
4885,2021/12/31,Prague_1,66251.5,1.66,0.93,0,,Friday,0
4885,2022/1/1,Prague_1,27756.05,1.66,1,1,New Years Day,Saturday,0
4885,2022/1/2,Prague_1,63626.01,2,0.99,0,,Sunday,0
4885,2022/1/3,Prague_1,52987.34,2,1,0,,Monday,0
4885,2022/1/4,Prague_1,49560.91,2,1,0,,Tuesday,0
4885,2022/1/5,Prague_1,50390.48,2,1,0,,Wednesday,0
4885,2022/1/6,Prague_1,52558.1,2,1,1,Epiphany,Thursday,0
4885,2022/1/7,Prague_1,63271.46000000001,2,1,0,,Friday,0
4885,2022/1/8,Prague_1,65753.94,2,0.96,0,,Saturday,0
4885,2022/1/9,Prague_1,49231.84,2,1,0,,Sunday,0
4885,2022/1/10,Prague_1,49593.39,2,1,0,,Monday,0
4885,2022/1/11,Prague_1,49717.920000000006,2,0.95,0,,Tuesday,0
4885,2022/1/12,Prague_1,51200.03,2,1,0,,Wednesday,0
4885,2022/1/13,Prague_1,54951.89,2,1,0,,Thursday,0
4885,2022/1/14,Prague_1,55550.950000000004,2,0.9,0,,Friday,0
4885,2022/1/15,Prague_1,55403.6,2,1,0,,Saturday,0
4885,2022/1/16,Prague_1,49977.97,2,1,0,,Sunday,0
4885,2022/1/17,Prague_1,46352.39,2,0.95,0,,Monday,0
4885,2022/1/18,Prague_1,45748.29,2,0.91,0,,Tuesday,0
4885,2022/1/19,Prague_1,51768.57,2,0.9,0,,Wednesday,0
4885,2022/1/20,Prague_1,59475.780000000006,2,1,0,,Thursday,0
4885,2022/1/21,Prague_1,60690.700000000004,2,0.84,0,,Friday,0
4885,2022/1/22,Prague_1,57820.42,2,0.86,0,,Saturday,0
4885,2022/1/23,Prague_1,54557.579999999994,2,1,0,,Sunday,0
4885,2022/1/24,Prague_1,58370.83,2,1,0,,Monday,0
4885,2022/1/25,Prague_1,57971.479999999996,2,0.84,0,,Tuesday,0
4885,2022/1/26,Prague_1,60335.030000000006,2,0.95,0,,Wednesday,0
4885,2022/1/27,Prague_1,59530.450000000004,2,0.92,0,,Thursday,0
4885,2022/1/28,Prague_1,65380.700000000004,2,0.9400000000000001,0,,Friday,0
4885,2022/1/29,Prague_1,64073.24,2,1,0,,Saturday,0
4885,2022/1/30,Prague_1,59073.770000000004,2,0.83,0,,Sunday,0
4885,2022/1/31,Prague_1,55902.630000000005,2,1,0,,Monday,0
4885,2022/2/1,Prague_1,59093.78999999999,2,0.95,0,Memorial Day of the Republic,Tuesday,0
4885,2022/2/2,Prague_1,52146.57,2,0.95,0,,Wednesday,0
4885,2022/2/3,Prague_1,63430.08,2,1,0,,Thursday,0
4885,2022/2/4,Prague_1,66367.48999999999,2,1,0,,Friday,0
4885,2022/2/5,Prague_1,54424.44,2,1,0,,Saturday,0
4885,2022/2/6,Prague_1,57315.79,2,1,0,,Sunday,0
4885,2022/2/7,Prague_1,58367.82,2,1,0,,Monday,0
4885,2022/2/8,Prague_1,57590.40000000001,2,1,0,,Tuesday,0
4885,2022/2/9,Prague_1,51948.82,2,1,0,,Wednesday,0
4885,2022/2/10,Prague_1,56921.41,2,1,0,,Thursday,0
4885,2022/2/11,Prague_1,68953.29,2,0.95,0,,Friday,0
4885,2022/2/12,Prague_1,55987.82,2,1,0,,Saturday,0
4885,2022/2/13,Prague_1,54596.85,2,1,0,,Sunday,0
4885,2022/2/14,Prague_1,52400.25,2,1,0,,Monday,0
4885,2022/2/15,Prague_1,53617.41,2,1,0,,Tuesday,0
4885,2022/2/16,Prague_1,50087.450000000004,2,1,0,,Wednesday,0
4885,2022/2/17,Prague_1,57161.16,2,1,0,,Thursday,0
4885,2022/2/18,Prague_1,64619.520000000004,2,0.9,0,,Friday,0
4885,2022/2/19,Prague_1,58810.92,2,1,0,,Saturday,0
4885,2022/2/20,Prague_1,53708.69,2,1,0,,Sunday,0
4885,2022/2/21,Prague_1,54265.19,2,1,0,,Monday,0
4885,2022/2/22,Prague_1,51413.04,2,1,0,,Tuesday,0
4885,2022/2/23,Prague_1,43688.47,2,1,0,,Wednesday,0
4885,2022/2/24,Prague_1,46263.84,2,0.9799999999999999,0,,Thursday,0
4885,2022/2/25,Prague_1,66028.83,2,1,0,Memorial Day for the Victims of the Communist Dictatorships,Friday,0
4885,2022/2/26,Prague_1,54780.81,2,1,0,,Saturday,0
4885,2022/2/27,Prague_1,49964.04,2,1,0,,Sunday,0
4885,2022/2/28,Prague_1,50368.079999999994,2,1,0,,Monday,0
4885,2022/3/1,Prague_1,46623.36,2,0.97,0,,Tuesday,0
4885,2022/3/2,Prague_1,50892.66,2,0.97,0,,Wednesday,0
4885,2022/3/3,Prague_1,47675.04,2,0.89,0,,Thursday,0
4885,2022/3/4,Prague_1,59475.08,2,0.95,0,,Friday,0
4885,2022/3/5,Prague_1,49535.920000000006,2,0.8,0,,Saturday,0
4885,2022/3/6,Prague_1,48723.5,2,0.87,0,,Sunday,0
4885,2022/3/7,Prague_1,47662.44,2,0.91,0,,Monday,0
4885,2022/3/8,Prague_1,46995.9,2,1,0,International womens day,Tuesday,0
4885,2022/3/9,Prague_1,50460.69,2,0.9,0,,Wednesday,0
4885,2022/3/10,Prague_1,49230.23,2,1,0,,Thursday,0
4885,2022/3/11,Prague_1,68429.40999999999,2,1,0,,Friday,0
4885,2022/3/12,Prague_1,51501.170000000006,2,0.92,0,,Saturday,0
4885,2022/3/13,Prague_1,47113.5,2,0.86,0,,Sunday,0
4885,2022/3/14,Prague_1,45712.52,2,0.9400000000000001,1,1848 Revolution Memorial Day (Extra holiday),Monday,0
4885,2022/3/15,Prague_1,47454.82,2,0.9400000000000001,1,Memorial Day for the Victims of the Holocaust,Tuesday,0
4885,2022/3/16,Prague_1,47505.43,2,1,0,,Wednesday,0
4885,2022/3/17,Prague_1,45412.22,2,0.9400000000000001,0,,Thursday,0
4885,2022/3/18,Prague_1,59501.19,2,0.92,0,,Friday,0
4885,2022/3/19,Prague_1,54423.04,2,1,0,,Saturday,0
4885,2022/3/20,Prague_1,52044.93,2,0.9400000000000001,0,,Sunday,0
4885,2022/3/21,Prague_1,46752.44,2,0.9400000000000001,0,,Monday,0
4885,2022/3/22,Prague_1,40955.46,2,0.93,0,,Tuesday,0
4885,2022/3/23,Prague_1,45809.96,2,0.9400000000000001,0,,Wednesday,0
4885,2022/3/24,Prague_1,45874.85,2,0.85,0,,Thursday,0
4885,2022/3/25,Prague_1,60910.15000000001,2,1,0,,Friday,0
4885,2022/3/26,Prague_1,51558.57,2,0.97,0,,Saturday,0
4885,2022/3/27,Prague_1,51854.46,2,0.96,0,,Sunday,0
4885,2022/3/28,Prague_1,45010.700000000004,2,0.92,0,,Monday,0
4885,2022/3/29,Prague_1,41213.69,2,0.9400000000000001,0,,Tuesday,0
4885,2022/3/30,Prague_1,46180.89,2,0.92,0,,Wednesday,0
4885,2022/3/31,Prague_1,50276.450000000004,2,0.85,0,,Thursday,0
4885,2022/4/1,Prague_1,55118.98,2,0.9,0,,Friday,0
4885,2022/4/2,Prague_1,51726.36,2,0.96,0,,Saturday,0
4885,2022/4/3,Prague_1,47538.75,2.18,1,0,,Sunday,0
4885,2022/4/4,Prague_1,49340.829999999994,2.18,0.9,0,,Monday,0
4885,2022/4/5,Prague_1,40111.68,2.18,0.7700000000000001,0,,Tuesday,0
4885,2022/4/6,Prague_1,45832.64,2.18,0.9400000000000001,0,,Wednesday,0
4885,2022/4/7,Prague_1,47978.14,2.18,0.9,0,,Thursday,0
4885,2022/4/8,Prague_1,62238.75,2.18,0.89,0,,Friday,0
4885,2022/4/9,Prague_1,51198,2.18,0.91,0,,Saturday,0
4885,2022/4/10,Prague_1,53008.27,2.18,1,0,,Sunday,0
4885,2022/4/11,Prague_1,47526.43,2.18,0.87,0,,Monday,0
4885,2022/4/12,Prague_1,47805.03,2.18,0.82,0,,Tuesday,0
4885,2022/4/13,Prague_1,53832.03,2.18,0.75,0,,Wednesday,0
4885,2022/4/14,Prague_1,83939.94,2.18,0.7,0,,Thursday,0
4885,2022/4/15,Prague_1,72707.46,2.18,0.68,1,Good Friday,Friday,0
4885,2022/4/16,Prague_1,44422,2.18,0.6,1,Memorial Day for the Victims of the Holocaust,Saturday,0
4885,2022/4/17,Prague_1,37099.02,2.18,0.64,1,,Sunday,0
4885,2022/4/18,Prague_1,35407.26,2.18,0.66,1,Easter Monday,Monday,0
4885,2022/4/19,Prague_1,53164.93,2.18,1,0,,Tuesday,0
4885,2022/4/20,Prague_1,51821.84,2.18,0.9799999999999999,0,,Wednesday,0
4885,2022/4/21,Prague_1,54830.51,2.18,1,0,,Thursday,0
4885,2022/4/22,Prague_1,61737.200000000004,2.18,1,0,,Friday,0
4885,2022/4/23,Prague_1,54110.91,2.18,0.9400000000000001,0,,Saturday,0
4885,2022/4/24,Prague_1,48799.94,2.18,0.92,0,,Sunday,0
4885,2022/4/25,Prague_1,48928.46,2.18,1,0,,Monday,0
4885,2022/4/26,Prague_1,46091.36,2.18,1,0,,Tuesday,0
4885,2022/4/27,Prague_1,43355.619999999995,2.18,0.9799999999999999,0,,Wednesday,0
4885,2022/4/28,Prague_1,49080.71,2.18,1,0,,Thursday,0
4885,2022/4/29,Prague_1,61431.229999999996,2.18,0.99,0,,Friday,0
4885,2022/4/30,Prague_1,48333.53,2.18,0.95,0,,Saturday,0
4885,2022/5/1,Prague_1,43493.66,2.18,1,1,Labour Day,Sunday,0
4885,2022/5/2,Prague_1,52222.380000000005,2.18,1,0,,Monday,0
4885,2022/5/3,Prague_1,47055.54,2.18,1,0,,Tuesday,0
4885,2022/5/4,Prague_1,45342.22,2.18,0.9400000000000001,0,,Wednesday,0
4885,2022/5/5,Prague_1,43966.51,2.18,1,0,,Thursday,0
4885,2022/5/6,Prague_1,62196.96000000001,2.18,1,0,,Friday,0
4885,2022/5/7,Prague_1,51634.52,2.18,0.99,0,,Saturday,0
4885,2022/5/8,Prague_1,50985.34,2.18,0.7700000000000001,1,Den osvobozeni,Sunday,0
4885,2022/5/9,Prague_1,47211.64,2.18,1,0,,Monday,0
4885,2022/5/10,Prague_1,44896.670000000006,2.18,1,0,,Tuesday,0
4885,2022/5/11,Prague_1,43627.71,2.18,0.93,0,,Wednesday,0
4885,2022/5/12,Prague_1,43077.44,2.18,0.95,0,,Thursday,0
4885,2022/5/13,Prague_1,61156.83,2.18,1,0,,Friday,0
4885,2022/5/14,Prague_1,44545.829999999994,2.18,1,0,,Saturday,0
4885,2022/5/15,Prague_1,51522.94,2.18,1,0,,Sunday,0
4885,2022/5/16,Prague_1,44474.43,2.18,0.87,0,,Monday,0
4885,2022/5/17,Prague_1,43120.14,2.18,1,0,,Tuesday,0
4885,2022/5/18,Prague_1,42486.71,2.18,0.9400000000000001,0,,Wednesday,0
4885,2022/5/19,Prague_1,44632.77,2.18,0.85,0,,Thursday,0
4885,2022/5/20,Prague_1,58257.57,2.18,1,0,,Friday,0
4885,2022/5/21,Prague_1,50073.52,2.18,0.96,0,National Defense Day,Saturday,0
4885,2022/5/22,Prague_1,45584.77,2.18,0.89,0,,Sunday,0
4885,2022/5/23,Prague_1,44811.619999999995,2.18,1,0,,Monday,0
4885,2022/5/24,Prague_1,40478.549999999996,2.18,0.9400000000000001,0,,Tuesday,0
4885,2022/5/25,Prague_1,43607.549999999996,2.18,1,0,,Wednesday,0
4885,2022/5/26,Prague_1,41923.91,2.18,1,1,Ascension day,Thursday,0
4885,2022/5/27,Prague_1,60433.24,2.18,0.91,0,,Friday,0
4885,2022/5/28,Prague_1,48577.06,2.18,1,0,,Saturday,0
4885,2022/5/29,Prague_1,44990.26,2.18,0.9,0,,Sunday,0
4885,2022/5/30,Prague_1,44786.14,2.18,1,0,,Monday,0
4885,2022/5/31,Prague_1,43097.32,2.18,1,0,,Tuesday,0
4885,2022/6/1,Prague_1,43827.700000000004,2.18,0.89,0,,Wednesday,0
4885,2022/6/2,Prague_1,31711.75,2.18,1,0,,Thursday,0
4885,2022/6/3,Prague_1,58603.229999999996,2.18,0.86,0,,Friday,0
4885,2022/6/4,Prague_1,45085.81,2.18,0.87,0,Day of National Unity,Saturday,0
4885,2022/6/5,Prague_1,45589.950000000004,2.18,1,1,Whit sunday,Sunday,0
4885,2022/6/6,Prague_1,46772.6,2.18,0.86,1,Whit monday,Monday,0
4885,2022/6/7,Prague_1,41607.16,2.18,0.97,0,,Tuesday,0
4885,2022/6/8,Prague_1,40147.170000000006,2.18,1,0,,Wednesday,0
4885,2022/6/9,Prague_1,42972.23,2.18,0.86,0,,Thursday,0
4885,2022/6/10,Prague_1,52332.700000000004,2.18,0.97,0,,Friday,0
4885,2022/6/11,Prague_1,41569.85,2.18,1,0,,Saturday,0
4885,2022/6/12,Prague_1,45144.119999999995,2.18,1,0,,Sunday,0
4885,2022/6/13,Prague_1,50507.52,2.18,1,0,,Monday,0
4885,2022/6/14,Prague_1,39591.369999999995,2.18,0.9,0,,Tuesday,0
4885,2022/6/15,Prague_1,44597.91,2.18,1,0,,Wednesday,0
4885,2022/6/16,Prague_1,50857.94,2.18,1,1,Corpus Christi,Thursday,0
4885,2022/6/17,Prague_1,55104.49,2.18,1,0,,Friday,0
4885,2022/6/18,Prague_1,45705.1,2.18,0.95,0,,Saturday,0
4885,2022/6/19,Prague_1,42918.82,2.18,0.87,0,Independent Hungary Day,Sunday,0
4885,2022/6/20,Prague_1,47445.02,2.18,1,0,,Monday,0
4885,2022/6/21,Prague_1,44667.07,2.18,1,0,,Tuesday,0
4885,2022/6/22,Prague_1,44874.76,2.18,1,0,,Wednesday,0
4885,2022/6/23,Prague_1,45653.09,2.18,1,0,,Thursday,0
4885,2022/6/24,Prague_1,57919.19,2.18,1,0,,Friday,0
4885,2022/6/25,Prague_1,43270.85,2.18,1,0,,Saturday,0
4885,2022/6/26,Prague_1,45092.74,2.18,1,0,,Sunday,0
4885,2022/6/27,Prague_1,45749.48,2.18,1,0,,Monday,0
4885,2022/6/28,Prague_1,38696.98,2.18,1,0,,Tuesday,0
4885,2022/6/29,Prague_1,45474.1,2.18,0.9799999999999999,0,,Wednesday,0
4885,2022/6/30,Prague_1,42745.43,2.18,1,0,,Thursday,0
4885,2022/7/1,Prague_1,52475.15,2.18,1,0,,Friday,0
4885,2022/7/2,Prague_1,40773.670000000006,2.18,1,0,,Saturday,0
4885,2022/7/3,Prague_1,40334.91,2.18,1,0,,Sunday,0
4885,2022/7/4,Prague_1,45505.32,2.18,0.97,0,,Monday,0
4885,2022/7/5,Prague_1,33508.93,2.18,0.8099999999999999,1,Cyrila a Metodej,Tuesday,0
4885,2022/7/6,Prague_1,30738.47,2.18,0.7700000000000001,1,Jan Hus,Wednesday,0
4885,2022/7/7,Prague_1,41202,2.18,1,0,,Thursday,0
4885,2022/7/8,Prague_1,43388.59,2.18,1,0,,Friday,0
4885,2022/7/9,Prague_1,41270.39,2.18,0.89,0,,Saturday,0
4885,2022/7/10,Prague_1,39926.18,2.18,1,0,,Sunday,0
4885,2022/7/11,Prague_1,42180.32,2.18,0.9,0,,Monday,0
4885,2022/7/12,Prague_1,35407.4,2.18,0.92,0,,Tuesday,0
4885,2022/7/13,Prague_1,35086.52,2.18,0.86,0,,Wednesday,0
4885,2022/7/14,Prague_1,44424.66,2.18,0.91,0,,Thursday,0
4885,2022/7/15,Prague_1,45747.1,2.18,1,0,,Friday,0
4885,2022/7/16,Prague_1,44802.450000000004,2.18,0.9799999999999999,0,,Saturday,0
4885,2022/7/17,Prague_1,44104.48,2.18,1,0,,Sunday,0
4885,2022/7/18,Prague_1,46425.47,2.18,0.9400000000000001,0,,Monday,0
4885,2022/7/19,Prague_1,41428.66,2.18,0.9,0,,Tuesday,0
4885,2022/7/20,Prague_1,36433.04,2.18,0.86,0,,Wednesday,0
4885,2022/7/21,Prague_1,39547.549999999996,2.18,1,0,,Thursday,0
4885,2022/7/22,Prague_1,54576.76,2.18,1,0,,Friday,0
4885,2022/7/23,Prague_1,41776.56,2.18,1,0,,Saturday,0
4885,2022/7/24,Prague_1,44144.799999999996,2.18,0.96,0,,Sunday,0
4885,2022/7/25,Prague_1,47031.880000000005,2.18,1,0,,Monday,0
4885,2022/7/26,Prague_1,41478.36,2.18,0.9,0,,Tuesday,0
4885,2022/7/27,Prague_1,37753.03,2.18,0.96,0,,Wednesday,0
4885,2022/7/28,Prague_1,44124.64,2.18,1,0,,Thursday,0
4885,2022/7/29,Prague_1,55018.81,2.18,0.99,0,,Friday,0
4885,2022/7/30,Prague_1,44924.39,2.18,1,0,,Saturday,0
4885,2022/7/31,Prague_1,41676.04,2.18,0.88,0,,Sunday,0
4885,2022/8/1,Prague_1,27188.84,2.18,0.95,0,,Monday,0
4885,2022/8/2,Prague_1,36738.1,2.18,0.9,0,,Tuesday,0
4885,2022/8/3,Prague_1,38912.44,2.18,0.84,0,,Wednesday,0
4885,2022/8/4,Prague_1,46409.16,2.18,0.9400000000000001,0,,Thursday,0
4885,2022/8/5,Prague_1,53262.79,2.18,0.86,0,,Friday,0
4885,2022/8/6,Prague_1,46103.47,2.18,1,0,,Saturday,0
4885,2022/8/7,Prague_1,47823.369999999995,2.18,0.96,0,,Sunday,0
4885,2022/8/8,Prague_1,43925.420000000006,2.18,0.9,1,Peace Festival in Augsburg,Monday,0
4885,2022/8/9,Prague_1,33589.71,2.18,0.9,0,,Tuesday,0
4885,2022/8/10,Prague_1,40438.65,2.18,0.86,0,,Wednesday,0
4885,2022/8/11,Prague_1,45909.920000000006,2.18,0.95,0,,Thursday,0
4885,2022/8/12,Prague_1,53931.64,2.18,1,0,,Friday,0
4885,2022/8/13,Prague_1,49991.829999999994,2.18,1,0,,Saturday,0
4885,2022/8/14,Prague_1,48041.14,2.18,1,0,,Sunday,0
4885,2022/8/15,Prague_1,50003.799999999996,2.18,0.95,1,Assumption of the Virgin Mary,Monday,0
4885,2022/8/16,Prague_1,42429.170000000006,2.18,0.91,0,,Tuesday,0
4885,2022/8/17,Prague_1,35751.380000000005,2.18,0.91,0,,Wednesday,0
4885,2022/8/18,Prague_1,44434.880000000005,2.18,1,0,,Thursday,0
4885,2022/8/19,Prague_1,56320.25,2.18,0.91,0,,Friday,0
4885,2022/8/20,Prague_1,46387.25,2.18,1,1,State Foundation Day,Saturday,0
4885,2022/8/21,Prague_1,49711.9,2.18,0.91,0,,Sunday,0
4885,2022/8/22,Prague_1,48758.64,2.18,1,0,,Monday,0
4885,2022/8/23,Prague_1,46400.829999999994,2.18,0.9,0,,Tuesday,0
4885,2022/8/24,Prague_1,47720.54,2.18,1,0,,Wednesday,0
4885,2022/8/25,Prague_1,47268.27,2.18,1,0,,Thursday,0
4885,2022/8/26,Prague_1,57344.07,2.18,0.99,0,,Friday,0
4885,2022/8/27,Prague_1,50601.32,2.18,1,0,,Saturday,0
4885,2022/8/28,Prague_1,51591.89,2.18,0.97,0,,Sunday,0
4885,2022/8/29,Prague_1,49037.24,2.18,0.9400000000000001,0,,Monday,0
4885,2022/8/30,Prague_1,48474.86,2.18,0.99,0,,Tuesday,0
4885,2022/8/31,Prague_1,54570.25,2.18,0.97,0,,Wednesday,0
4885,2022/9/1,Prague_1,49257.81,2.18,0.97,0,,Thursday,0
4885,2022/9/2,Prague_1,52680.74,2.18,0.9799999999999999,0,,Friday,0
4885,2022/9/3,Prague_1,48726.299999999996,2.18,1,0,,Saturday,0
4885,2022/9/4,Prague_1,54021.24,2.18,0.96,0,,Sunday,0
4885,2022/9/5,Prague_1,43033.130000000005,2.18,0.9799999999999999,0,,Monday,0
4885,2022/9/6,Prague_1,44457.14,2.18,0.9799999999999999,0,,Tuesday,0
4885,2022/9/7,Prague_1,46937.31,2.18,0.97,0,,Wednesday,0
4885,2022/9/8,Prague_1,52467.380000000005,2.18,0.85,0,,Thursday,0
4885,2022/9/9,Prague_1,57661.94,2.18,0.9799999999999999,0,,Friday,0
4885,2022/9/10,Prague_1,49977.41,2.18,0.97,0,,Saturday,0
4885,2022/9/11,Prague_1,55439.579999999994,2.18,0.9400000000000001,0,,Sunday,0
4885,2022/9/12,Prague_1,50068.76,2.18,1,0,,Monday,0
4885,2022/9/13,Prague_1,51110.78,2.18,0.96,0,,Tuesday,0
4885,2022/9/14,Prague_1,46056.64,2.18,0.92,0,,Wednesday,0
4885,2022/9/15,Prague_1,51162.02,2.18,0.86,0,,Thursday,0
4885,2022/9/16,Prague_1,58543.590000000004,2.18,0.83,0,,Friday,0
4885,2022/9/17,Prague_1,57106.84,2.18,0.99,0,,Saturday,0
4885,2022/9/18,Prague_1,53221.77,2.52,1,0,,Sunday,0
4885,2022/9/19,Prague_1,51077.81,2.52,0.9400000000000001,0,,Monday,0
4885,2022/9/20,Prague_1,49504.49,2.52,0.86,0,,Tuesday,0
4885,2022/9/21,Prague_1,51912.56,2.52,0.97,0,,Wednesday,0
4885,2022/9/22,Prague_1,53044.39,2.52,1,0,,Thursday,0
4885,2022/9/23,Prague_1,66932.18,2.52,0.97,0,,Friday,0
4885,2022/9/24,Prague_1,54938.450000000004,2.52,0.97,0,,Saturday,0
4885,2022/9/25,Prague_1,59300.43,2.52,1,0,,Sunday,0
4885,2022/9/26,Prague_1,53883.549999999996,2.52,0.9400000000000001,0,,Monday,0
4885,2022/9/27,Prague_1,63683.76,2.52,0.96,0,,Tuesday,0
4885,2022/9/28,Prague_1,73853.01000000001,2.52,0.96,1,Den ceske statnosti,Wednesday,0
4885,2022/9/29,Prague_1,55329.119999999995,2.52,0.97,0,,Thursday,0
4885,2022/9/30,Prague_1,62775.020000000004,2.52,1,0,,Friday,0
4885,2022/10/1,Prague_1,55589.31,2.52,0.9799999999999999,0,,Saturday,0
4885,2022/10/2,Prague_1,56580.299999999996,2.52,0.99,0,,Sunday,0
4885,2022/10/3,Prague_1,55861.89,2.52,0.9,1,German Unity Day,Monday,0
4885,2022/10/4,Prague_1,44645.09,2.52,1,0,,Tuesday,0
4885,2022/10/5,Prague_1,52478.72,2.52,0.95,0,,Wednesday,0
4885,2022/10/6,Prague_1,65913.89,2.52,0.9799999999999999,0,Memorial Day for the Martyrs of Arad,Thursday,0
4885,2022/10/7,Prague_1,76612.83,2.52,0.9799999999999999,0,,Friday,0
4885,2022/10/8,Prague_1,60125.17,2.52,0.95,0,,Saturday,0
4885,2022/10/9,Prague_1,61203.17,2.52,0.97,0,,Sunday,0
4885,2022/10/10,Prague_1,57787.520000000004,2.52,0.9799999999999999,0,,Monday,0
4885,2022/10/11,Prague_1,61135.200000000004,2.52,0.9799999999999999,0,,Tuesday,0
4885,2022/10/12,Prague_1,55527.99,2.52,0.9799999999999999,0,,Wednesday,0
4885,2022/10/13,Prague_1,61007.24,2.52,0.9799999999999999,0,,Thursday,0
4885,2022/10/14,Prague_1,71740.48,2.52,0.9799999999999999,0,,Friday,0
4885,2022/10/15,Prague_1,61449.84999999999,2.52,0.9799999999999999,0,,Saturday,0
4885,2022/10/16,Prague_1,59360.42,2.52,0.97,0,,Sunday,0
4885,2022/10/17,Prague_1,54825.26,2.52,0.9799999999999999,0,,Monday,0
4885,2022/10/18,Prague_1,52316.74,2.52,0.9799999999999999,0,,Tuesday,0
4885,2022/10/19,Prague_1,57497.65000000001,2.52,0.97,0,,Wednesday,0
4885,2022/10/20,Prague_1,54432.07,2.52,0.9799999999999999,0,,Thursday,0
4885,2022/10/21,Prague_1,68947.55,2.52,0.9799999999999999,0,,Friday,0
4885,2022/10/22,Prague_1,63700.770000000004,2.52,0.97,0,,Saturday,0
4885,2022/10/23,Prague_1,51558.64,2.52,0.97,1,Memorial day of the 1956 Revolution,Sunday,0
4885,2022/10/24,Prague_1,57742.86,2.52,0.9799999999999999,0,,Monday,0
4885,2022/10/25,Prague_1,53588.29,2.52,0.9799999999999999,0,,Tuesday,0
4885,2022/10/26,Prague_1,58528.96000000001,2.52,0.96,0,,Wednesday,0
4885,2022/10/27,Prague_1,70062.65000000001,2.52,0.9799999999999999,0,,Thursday,0
4885,2022/10/28,Prague_1,74350.01000000001,2.52,0.9799999999999999,1,Den vzniku samostatneho ceskoslovenskeho statu,Friday,0
4885,2022/10/29,Prague_1,52036.46,2.52,0.97,0,,Saturday,0
4885,2022/10/30,Prague_1,61241.03999999999,2.52,0.97,0,,Sunday,0
4885,2022/10/31,Prague_1,57318.799999999996,2.52,0.9799999999999999,1,Reformation Day,Monday,0
4885,2022/11/1,Prague_1,54314.82,2.52,0.99,1,All Saints Day,Tuesday,0
4885,2022/11/2,Prague_1,61896.17,2.52,0.99,0,,Wednesday,0
4885,2022/11/3,Prague_1,67125.73,2.52,0.99,0,,Thursday,0
4885,2022/11/4,Prague_1,76702.43,2.52,0.99,0,,Friday,0
4885,2022/11/5,Prague_1,66883.88,2.52,0.99,0,,Saturday,0
4885,2022/11/6,Prague_1,58934.82,2.52,0.9799999999999999,0,,Sunday,0
4885,2022/11/7,Prague_1,56134.68,2.52,0.99,0,,Monday,0
4885,2022/11/8,Prague_1,55202,2.52,0.99,0,,Tuesday,0
4885,2022/11/9,Prague_1,63899.71000000001,2.52,0.99,0,,Wednesday,0
4885,2022/11/10,Prague_1,62843.200000000004,2.52,0.99,0,,Thursday,0
4885,2022/11/11,Prague_1,81331.95,2.52,0.99,0,,Friday,0
4885,2022/11/12,Prague_1,67896.15000000001,2.52,0.99,0,,Saturday,0
4885,2022/11/13,Prague_1,62624.659999999996,2.52,0.9799999999999999,0,,Sunday,0
4885,2022/11/14,Prague_1,61712.909999999996,2.52,0.99,0,,Monday,0
4885,2022/11/15,Prague_1,59978.94,2.52,0.99,0,,Tuesday,0
4885,2022/11/16,Prague_1,71934.94,2.52,0.93,0,,Wednesday,0
4885,2022/11/17,Prague_1,72199.82,2.52,0.9799999999999999,1,Den boje za svobodu a demokracii,Thursday,0
4885,2022/11/18,Prague_1,76482,2.52,0.99,0,,Friday,0
4885,2022/11/19,Prague_1,61739.020000000004,2.52,0.9799999999999999,0,,Saturday,0
4885,2022/11/20,Prague_1,69047.72,2.52,0.9799999999999999,0,,Sunday,0
4885,2022/11/21,Prague_1,62745.69,2.52,0.93,0,,Monday,0
4885,2022/11/22,Prague_1,62082.020000000004,2.52,0.97,0,,Tuesday,0
4885,2022/11/23,Prague_1,67509.61,2.52,0.99,0,,Wednesday,0
4885,2022/11/24,Prague_1,69886.95,2.52,0.97,0,,Thursday,0
4885,2022/11/25,Prague_1,77560.63,2.52,0.99,0,,Friday,0
4885,2022/11/26,Prague_1,68705.42,2.52,0.99,0,,Saturday,0
4885,2022/11/27,Prague_1,68729.64,2.52,0.9799999999999999,0,,Sunday,0
4885,2022/11/28,Prague_1,70041.09000000001,2.52,0.96,0,,Monday,0
4885,2022/11/29,Prague_1,63586.25,2.52,0.9799999999999999,0,,Tuesday,0
4885,2022/11/30,Prague_1,69062.98,2.52,0.9799999999999999,0,,Wednesday,0
4885,2022/12/1,Prague_1,66840.90000000001,2.52,0.9799999999999999,0,,Thursday,0
4885,2022/12/2,Prague_1,83020.7,2.52,0.97,0,,Friday,0
4885,2022/12/3,Prague_1,74761.89,2.52,0.97,0,,Saturday,0
4885,2022/12/4,Prague_1,69840.19,2.52,0.97,0,,Sunday,0
4885,2022/12/5,Prague_1,70313.59999999999,2.52,0.9799999999999999,0,,Monday,0
4885,2022/12/6,Prague_1,57500.94,2.52,0.9799999999999999,0,,Tuesday,0
4885,2022/12/7,Prague_1,70225.26000000001,2.52,0.99,0,,Wednesday,0
4885,2022/12/8,Prague_1,74157.51000000001,2.52,0.97,0,,Thursday,0
4885,2022/12/9,Prague_1,81950.82,2.52,0.92,0,,Friday,0
4885,2022/12/10,Prague_1,76780.90000000001,2.52,0.9400000000000001,0,,Saturday,0
4885,2022/12/11,Prague_1,71179.84999999999,2.52,0.9799999999999999,0,,Sunday,0
4885,2022/12/12,Prague_1,72506.7,2.52,0.9799999999999999,0,,Monday,0
4885,2022/12/13,Prague_1,66547.39,2.52,0.91,0,,Tuesday,0
4885,2022/12/14,Prague_1,74448.43,2.52,0.96,0,,Wednesday,0
4885,2022/12/15,Prague_1,72212,2.52,0.9799999999999999,0,,Thursday,0
4885,2022/12/16,Prague_1,88017.65000000001,2.52,0.9799999999999999,0,,Friday,0
4885,2022/12/17,Prague_1,85619.8,2.52,0.91,0,,Saturday,0
4885,2022/12/18,Prague_1,71413.37,2.52,0.99,0,,Sunday,0
4885,2022/12/19,Prague_1,78016.05,2.52,0.92,0,,Monday,0
4885,2022/12/20,Prague_1,79467.64,2.52,0.95,0,,Tuesday,0
4885,2022/12/21,Prague_1,89234.25,2.52,0.9799999999999999,0,,Wednesday,0
4885,2022/12/22,Prague_1,127659.98,2.52,0.9799999999999999,0,,Thursday,0
4885,2022/12/23,Prague_1,152648.44,2.52,0.9400000000000001,0,,Friday,0
4885,2022/12/24,Prague_1,59650.99,2.52,1,1,Christmas Eve,Saturday,0
4885,2022/12/26,Prague_1,66856.58,2.52,0.99,1,2nd Christmas Day,Monday,0
4885,2022/12/27,Prague_1,77735.28,2.52,0.9799999999999999,0,,Tuesday,0
4885,2022/12/28,Prague_1,72918.44,2.52,0.91,0,,Wednesday,0
4885,2022/12/29,Prague_1,83409.34000000001,2.52,0.9799999999999999,0,,Thursday,0
4885,2022/12/30,Prague_1,147940.1,2.52,0.93,0,,Friday,0
4885,2022/12/31,Prague_1,98483.07,2.52,0.92,0,,Saturday,0
4885,2023/1/1,Prague_1,27727.350000000002,2.52,0.66,1,New Years Day,Sunday,0
4885,2023/1/2,Prague_1,65900.17,2.52,0.96,0,,Monday,0
4885,2023/1/3,Prague_1,51585.24,2.52,0.9799999999999999,0,,Tuesday,0
4885,2023/1/4,Prague_1,67588.29,2.52,0.9799999999999999,0,,Wednesday,0
4885,2023/1/5,Prague_1,65635.64,2.52,0.9799999999999999,0,,Thursday,0
4885,2023/1/6,Prague_1,87385.06,2.52,0.99,1,Epiphany,Friday,0
4885,2023/1/7,Prague_1,71414.21,2.52,0.9799999999999999,0,,Saturday,0
4885,2023/1/8,Prague_1,63614.67,2.52,0.9,0,,Sunday,0
4885,2023/1/9,Prague_1,63946.96000000001,2.52,0.9799999999999999,0,,Monday,0
4885,2023/1/10,Prague_1,59023.020000000004,2.52,0.9,0,,Tuesday,0
4885,2023/1/11,Prague_1,65059.33,2.52,0.9799999999999999,0,,Wednesday,0
4885,2023/1/12,Prague_1,74216.65999999999,2.52,0.9799999999999999,0,,Thursday,0
4885,2023/1/13,Prague_1,93751.77,2.52,0.99,0,,Friday,0
4885,2023/1/14,Prague_1,74212.04,2.52,0.9,0,,Saturday,0
4885,2023/1/15,Prague_1,66374.7,2.52,0.9,0,,Sunday,0
4885,2023/1/16,Prague_1,63750.33,2.52,0.9799999999999999,0,,Monday,0
4885,2023/1/17,Prague_1,66156.15999999999,2.52,0.9799999999999999,0,,Tuesday,0
4885,2023/1/18,Prague_1,66718.68,2.52,0.86,0,,Wednesday,0
4885,2023/1/19,Prague_1,65198.770000000004,2.52,0.9799999999999999,0,,Thursday,0
4885,2023/1/20,Prague_1,92351.63,2.52,0.99,0,,Friday,0
4885,2023/1/21,Prague_1,72327.15000000001,2.52,0.9,0,,Saturday,0
4885,2023/1/22,Prague_1,64057.909999999996,2.52,0.8,0,,Sunday,0
4885,2023/1/23,Prague_1,59961.44,2.52,0.9,0,,Monday,0
4885,2023/1/24,Prague_1,57439.340000000004,2.52,0.86,0,,Tuesday,0
4885,2023/1/25,Prague_1,62457.15000000001,2.52,0.9799999999999999,0,,Wednesday,0
4885,2023/1/26,Prague_1,64995.14,2.52,0.9,0,,Thursday,0
4885,2023/1/27,Prague_1,91421.68,2.52,0.99,0,,Friday,0
4885,2023/1/28,Prague_1,76262.48,2.52,0.96,0,,Saturday,0
4885,2023/1/29,Prague_1,73093.09000000001,2.52,0.9799999999999999,0,,Sunday,0
4885,2023/1/30,Prague_1,59198.229999999996,2.52,0.8099999999999999,0,,Monday,0
4885,2023/1/31,Prague_1,47841.920000000006,2.52,0.86,0,,Tuesday,0
4885,2023/2/1,Prague_1,56377.369999999995,2.52,0.88,0,Memorial Day of the Republic,Wednesday,0
4885,2023/2/2,Prague_1,61290.32,2.52,0.95,0,,Thursday,0
4885,2023/2/3,Prague_1,78689.38,2.52,0.96,0,,Friday,0
4885,2023/2/4,Prague_1,69049.19,2.52,0.9799999999999999,0,,Saturday,0
4885,2023/2/5,Prague_1,60408.03999999999,2.52,0.9799999999999999,0,,Sunday,0
4885,2023/2/6,Prague_1,61006.53999999999,2.52,0.89,0,,Monday,0
4885,2023/2/7,Prague_1,58100.07,2.52,0.99,0,,Tuesday,0
4885,2023/2/8,Prague_1,64197.42,2.52,0.9799999999999999,0,,Wednesday,0
4885,2023/2/9,Prague_1,60791.08,2.52,0.88,0,,Thursday,0
4885,2023/2/10,Prague_1,74339.09000000001,2.52,0.96,0,,Friday,0
4885,2023/2/11,Prague_1,67209.17,2.52,0.93,0,,Saturday,0
4885,2023/2/12,Prague_1,65448.39,2.52,0.93,0,,Sunday,0
4885,2023/2/13,Prague_1,55487.74,2.52,0.93,0,,Monday,0
4885,2023/2/14,Prague_1,48941.200000000004,2.52,0.89,0,,Tuesday,0
4885,2023/2/15,Prague_1,51752.68,2.52,0.96,0,,Wednesday,0
4885,2023/2/16,Prague_1,62112.68,2.52,0.9799999999999999,0,,Thursday,0
4885,2023/2/17,Prague_1,72781.17,2.52,0.87,0,,Friday,0
4885,2023/2/18,Prague_1,66439.38,2.52,0.9799999999999999,0,,Saturday,0
4885,2023/2/19,Prague_1,66198.51000000001,2.52,0.86,0,,Sunday,0
4885,2023/2/20,Prague_1,60848.409999999996,2.52,0.9799999999999999,0,,Monday,0
4885,2023/2/21,Prague_1,50124.76,2.52,0.85,0,,Tuesday,0
4885,2023/2/22,Prague_1,56098.56,2.52,0.92,0,,Wednesday,0
4885,2023/2/23,Prague_1,67512.97,2.52,0.9799999999999999,0,,Thursday,0
4885,2023/2/24,Prague_1,73301.97,2.52,0.9,0,,Friday,0
4885,2023/2/25,Prague_1,66246.59999999999,2.52,0.9,0,Memorial Day for the Victims of the Communist Dictatorships,Saturday,0
4885,2023/2/26,Prague_1,65050.51,2.52,0.93,0,,Sunday,0
4885,2023/2/27,Prague_1,60138.75,2.52,0.95,0,,Monday,0
4885,2023/2/28,Prague_1,49672.14,2.52,0.8099999999999999,0,,Tuesday,0
4885,2023/3/1,Prague_1,50243.619999999995,2.52,0.85,0,,Wednesday,0
4885,2023/3/2,Prague_1,71174.88,2.52,0.87,0,,Thursday,0
4885,2023/3/3,Prague_1,83364.61,2.52,0.88,0,,Friday,0
4885,2023/3/4,Prague_1,66071.46,2.52,1,0,,Saturday,0
4885,2023/3/5,Prague_1,78316.56,2.52,0.87,0,,Sunday,0
4885,2023/3/6,Prague_1,59495.590000000004,2.52,1,0,,Monday,0
4885,2023/3/7,Prague_1,60597.59999999999,2.52,0.89,0,,Tuesday,0
4885,2023/3/8,Prague_1,61805.31,2.52,0.97,0,International womens day,Wednesday,0
4885,2023/3/9,Prague_1,73141.18,2.52,0.93,0,,Thursday,0
4885,2023/3/10,Prague_1,88220.51000000001,2.52,0.9,0,,Friday,0
4885,2023/3/11,Prague_1,72539.32,2.52,0.87,0,,Saturday,0
4885,2023/3/12,Prague_1,66761.23999999999,2.52,0.95,0,,Sunday,0
4885,2023/3/13,Prague_1,63265.369999999995,2.52,0.9,0,,Monday,0
4885,2023/3/14,Prague_1,57771.909999999996,2.52,0.7299999999999999,0,,Tuesday,0
4885,2023/3/15,Prague_1,56987.56,2.52,0.89,1,Memorial Day for the Victims of the Holocaust,Wednesday,0
4885,2023/3/16,Prague_1,67259.15000000001,2.52,0.93,0,,Thursday,0
4885,2023/3/17,Prague_1,80946.11,2.52,0.91,0,,Friday,0
4885,2023/3/18,Prague_1,65842.14,2.52,0.97,0,,Saturday,0
4885,2023/3/19,Prague_1,68631.5,2.52,0.95,0,,Sunday,0
4885,2023/3/20,Prague_1,70315.84000000001,2.52,0.86,0,,Monday,0
4885,2023/3/21,Prague_1,55254.85,2.52,0.93,0,,Tuesday,0
4885,2023/3/22,Prague_1,60817.33,2.52,0.87,0,,Wednesday,0
4885,2023/3/23,Prague_1,63555.09999999999,2.52,0.95,0,,Thursday,0
4885,2023/3/24,Prague_1,83460.93,2.52,0.82,0,,Friday,0
4885,2023/3/25,Prague_1,61730.83,2.52,0.9,0,,Saturday,0
4885,2023/3/26,Prague_1,58225.65000000001,2.52,0.95,0,,Sunday,0
4885,2023/3/27,Prague_1,67448.01000000001,2.52,0.88,0,,Monday,0
4885,2023/3/28,Prague_1,62343.61,2.52,0.8,0,,Tuesday,0
4885,2023/3/29,Prague_1,52573.29,2.52,0.95,0,,Wednesday,0
4885,2023/3/30,Prague_1,68890.29,2.52,0.91,0,,Thursday,0
4885,2023/3/31,Prague_1,72588.39,2.52,0.91,0,,Friday,0
4885,2023/4/1,Prague_1,62593.86,2.52,0.91,0,,Saturday,0
4885,2023/4/2,Prague_1,70092.12,2.52,0.88,0,,Sunday,0
4885,2023/4/3,Prague_1,59373.86,2.52,0.9400000000000001,0,,Monday,0
4885,2023/4/4,Prague_1,64462.58,2.52,0.88,0,,Tuesday,0.55062
4885,2023/4/5,Prague_1,77436.09999999999,2.52,0.64,0,,Wednesday,0
4885,2023/4/6,Prague_1,123577.57999999999,2.52,0.67,0,,Thursday,0
4885,2023/4/7,Prague_1,119496.57999999999,2.52,0.9799999999999999,1,Good Friday,Friday,0
4885,2023/4/8,Prague_1,86144.52,2.52,0.87,1,,Saturday,0
4885,2023/4/9,Prague_1,79455.53,2.52,0.84,1,,Sunday,0
4885,2023/4/10,Prague_1,52176.11,2.52,0.97,1,Easter Monday,Monday,1.38208
4885,2023/4/11,Prague_1,69273.82,2.52,0.88,0,,Tuesday,0
4885,2023/4/12,Prague_1,48351.31,2.52,0.9799999999999999,0,,Wednesday,1.38096
4885,2023/4/13,Prague_1,50800.47,2.52,0.9799999999999999,0,,Thursday,1.38096
4885,2023/4/14,Prague_1,84690.62,2.52,0.96,0,,Friday,0
4885,2023/4/15,Prague_1,56535.01,2.52,0.97,0,,Saturday,1.3901299999999999
4885,2023/4/16,Prague_1,53216.03,2.52,0.97,0,Memorial Day for the Victims of the Holocaust,Sunday,1.37872
4885,2023/4/17,Prague_1,60326,2.52,0.92,0,,Monday,0
4885,2023/4/18,Prague_1,58662.94,2.52,0.92,0,,Tuesday,0
4885,2023/4/19,Prague_1,64841.700000000004,2.52,0.88,0,,Wednesday,0
4885,2023/4/20,Prague_1,52184.44,2.52,0.9799999999999999,0,,Thursday,1.38096
4885,2023/4/21,Prague_1,83403.53,2.52,0.96,0,,Friday,0
4885,2023/4/22,Prague_1,60860.520000000004,2.52,0.97,0,,Saturday,0
4885,2023/4/23,Prague_1,69854.47,2.52,0.88,0,,Sunday,0
4885,2023/4/24,Prague_1,61398.469999999994,2.52,0.92,0,,Monday,0
4885,2023/4/25,Prague_1,54851.09,2.52,0.97,0,,Tuesday,0
4885,2023/4/26,Prague_1,61085.57,2.52,0.91,0,,Wednesday,0
4885,2023/4/27,Prague_1,63405.229999999996,2.52,0.9799999999999999,0,,Thursday,0
4885,2023/4/28,Prague_1,93369.08,2.52,0.9799999999999999,0,,Friday,0
4885,2023/4/29,Prague_1,76003.48,2.52,0.75,0,,Saturday,0
4885,2023/4/30,Prague_1,63993.020000000004,2.52,0.97,0,,Sunday,0
4885,2023/5/1,Prague_1,69447.7,2.52,0.9799999999999999,1,Labour Day,Monday,0
4885,2023/5/2,Prague_1,63125.86,2.52,0.88,0,,Tuesday,0
4885,2023/5/3,Prague_1,52497.9,2.52,0.9799999999999999,0,,Wednesday,0
4885,2023/5/4,Prague_1,65441.39,2.52,0.97,0,,Thursday,0
4885,2023/5/5,Prague_1,87582.04,2.52,0.9799999999999999,0,,Friday,0
4885,2023/5/6,Prague_1,69463.94,2.52,0.8099999999999999,0,,Saturday,0
4885,2023/5/7,Prague_1,67478.46,2.52,0.88,0,,Sunday,0
4885,2023/5/8,Prague_1,85652.90999999999,2.52,0.9400000000000001,1,Den osvobozeni,Monday,0
4885,2023/5/9,Prague_1,68133.65999999999,2.52,0.8,0,,Tuesday,0
4885,2023/5/10,Prague_1,68984.15999999999,2.52,0.76,0,,Wednesday,0
4885,2023/5/11,Prague_1,64249.71000000001,2.52,0.85,0,,Thursday,0
4885,2023/5/12,Prague_1,86104.40999999999,2.52,0.93,0,,Friday,0
4885,2023/5/13,Prague_1,70427.7,2.52,0.87,0,,Saturday,0
4885,2023/5/14,Prague_1,64334.130000000005,2.52,0.9400000000000001,0,,Sunday,0
4885,2023/5/15,Prague_1,66628.31,2.52,0.97,0,,Monday,0
4885,2023/5/16,Prague_1,54766.46,2.52,0.96,0,,Tuesday,0
4885,2023/5/17,Prague_1,57959.020000000004,2.52,0.9400000000000001,0,,Wednesday,0
4885,2023/5/18,Prague_1,68796.7,2.52,0.85,1,Ascension day,Thursday,0
4885,2023/5/19,Prague_1,84068.59999999999,2.52,0.9799999999999999,0,,Friday,0
4885,2023/5/20,Prague_1,64751.119999999995,2.52,0.97,0,,Saturday,0
4885,2023/5/21,Prague_1,65921.94,2.52,0.9799999999999999,0,National Defense Day,Sunday,0
4885,2023/5/22,Prague_1,64075.270000000004,2.52,0.97,0,,Monday,0
4885,2023/5/23,Prague_1,59804.57,2.52,0.91,0,,Tuesday,0
4885,2023/5/24,Prague_1,57183.91,2.52,0.92,0,,Wednesday,0
4885,2023/5/25,Prague_1,57851.84999999999,2.52,0.96,0,,Thursday,0
4885,2023/5/26,Prague_1,72622.83,2.52,0.9799999999999999,0,,Friday,0
4885,2023/5/27,Prague_1,63897.68,2.52,0.97,0,,Saturday,0
4885,2023/5/28,Prague_1,68831.28,2.52,0.97,1,Whit sunday,Sunday,0
4885,2023/5/29,Prague_1,60125.869999999995,2.52,0.9799999999999999,1,Whit monday,Monday,0
4885,2023/5/30,Prague_1,56380.24,2.52,0.9799999999999999,0,,Tuesday,0
4885,2023/5/31,Prague_1,60561.340000000004,2.52,0.9400000000000001,0,,Wednesday,0
4885,2023/6/1,Prague_1,31497.549999999996,2.52,0.9799999999999999,0,,Thursday,0
4885,2023/6/2,Prague_1,66168.48,2.52,0.97,0,,Friday,0
4885,2023/6/3,Prague_1,50202.04,2.52,0.97,0,,Saturday,0
4885,2023/6/4,Prague_1,54286.54,2.52,0.9799999999999999,0,Day of National Unity,Sunday,0
4885,2023/6/5,Prague_1,61082.700000000004,2.52,0.91,0,,Monday,0
4885,2023/6/6,Prague_1,49941.5,2.52,0.96,0,,Tuesday,0
4885,2023/6/7,Prague_1,53471.74,2.52,0.96,0,,Wednesday,0
4885,2023/6/8,Prague_1,57050.98,2.52,0.91,1,Corpus Christi,Thursday,0
4885,2023/6/9,Prague_1,73025.26000000001,2.52,0.93,0,,Friday,0
4885,2023/6/10,Prague_1,56859.880000000005,2.52,0.74,0,,Saturday,0
4885,2023/6/11,Prague_1,54238.24,2.52,0.88,0,,Sunday,0
4885,2023/6/12,Prague_1,52795.61,2.52,0.96,0,,Monday,0
4885,2023/6/13,Prague_1,50892.170000000006,2.52,0.97,0,,Tuesday,0
4885,2023/6/14,Prague_1,52113.04,2.52,0.85,0,,Wednesday,0
4885,2023/6/15,Prague_1,56041.299999999996,2.52,0.96,0,,Thursday,0
4885,2023/6/16,Prague_1,69603.8,2.52,0.95,0,,Friday,0
4885,2023/6/17,Prague_1,52247.299999999996,2.52,0.8099999999999999,0,,Saturday,0
4885,2023/6/18,Prague_1,55422.920000000006,2.52,0.91,0,,Sunday,0
4885,2023/6/19,Prague_1,48147.89,2.52,0.99,0,Independent Hungary Day,Monday,0
4885,2023/6/20,Prague_1,49873.04,2.52,0.99,0,,Tuesday,0
4885,2023/6/21,Prague_1,51258.549999999996,2.52,1,0,,Wednesday,0
4885,2023/6/22,Prague_1,58559.409999999996,2.52,0.95,0,,Thursday,0
4885,2023/6/23,Prague_1,65536.38,2.52,1,0,,Friday,0
4885,2023/6/24,Prague_1,50942.57,2.52,0.87,0,,Saturday,0
4885,2023/6/25,Prague_1,52023.72,2.52,1,0,,Sunday,0
4885,2023/6/26,Prague_1,51030.420000000006,2.52,0.99,0,,Monday,0
4885,2023/6/27,Prague_1,45279.01,2.52,1,0,,Tuesday,0
4885,2023/6/28,Prague_1,46870.11,2.52,0.97,0,,Wednesday,0
4885,2023/6/29,Prague_1,51614.15,2.52,1,0,,Thursday,0
4885,2023/6/30,Prague_1,60248.51,2.52,1,0,,Friday,0
4885,2023/7/1,Prague_1,56797.299999999996,2.52,0.63,0,,Saturday,0
4885,2023/7/2,Prague_1,41671,2.52,1,0,,Sunday,0
4885,2023/7/3,Prague_1,46444.65,2.52,1,0,,Monday,0
4885,2023/7/4,Prague_1,55432.09,2.52,0.79,0,,Tuesday,0
4885,2023/7/5,Prague_1,52543.329999999994,2.52,0.84,1,Cyrila a Metodej,Wednesday,0
4885,2023/7/6,Prague_1,41139,2.52,1,1,Jan Hus,Thursday,0
4885,2023/7/7,Prague_1,48731.9,2.52,1,0,,Friday,0
4885,2023/7/8,Prague_1,49904.75,2.52,0.76,0,,Saturday,0
4885,2023/7/9,Prague_1,51189.18,2.52,0.83,0,,Sunday,0
4885,2023/7/10,Prague_1,48827.03,2.52,0.95,0,,Monday,0
4885,2023/7/11,Prague_1,44124.36,2.52,0.92,0,,Tuesday,0
4885,2023/7/12,Prague_1,43886.29,2.52,1,0,,Wednesday,0
4885,2023/7/13,Prague_1,52573.36,2.52,0.95,0,,Thursday,0
4885,2023/7/14,Prague_1,58905.979999999996,2.52,0.96,0,,Friday,0
4885,2023/7/15,Prague_1,49992.950000000004,2.52,0.66,0,,Saturday,0
4885,2023/7/16,Prague_1,48248.200000000004,2.52,0.85,0,,Sunday,0
4885,2023/7/17,Prague_1,45152.1,2.52,1,0,,Monday,0
4885,2023/7/18,Prague_1,44619.47,2.52,1,0,,Tuesday,0
4885,2023/7/19,Prague_1,42789.81,2.52,1,0,,Wednesday,0
4885,2023/7/20,Prague_1,45730.09,2.52,1,0,,Thursday,0
4885,2023/7/21,Prague_1,51679.53,2.52,1,0,,Friday,0
4885,2023/7/22,Prague_1,37313.01,2.52,1,0,,Saturday,0
4885,2023/7/23,Prague_1,39514.79,2.52,1,0,,Sunday,0
4885,2023/7/24,Prague_1,41408.78,2.52,1,0,,Monday,0
4885,2023/7/25,Prague_1,38990.35,2.52,1,0,,Tuesday,0
4885,2023/7/26,Prague_1,40753.369999999995,2.52,1,0,,Wednesday,0
4885,2023/7/27,Prague_1,39686.99,2.52,1,0,,Thursday,0
4885,2023/7/28,Prague_1,50110.34,2.52,1,0,,Friday,0
4885,2023/7/29,Prague_1,33392.31,2.52,0.89,0,,Saturday,0
4885,2023/7/30,Prague_1,38155.74,2.52,1,0,,Sunday,0
4885,2023/7/31,Prague_1,44870.56,2.52,1,0,,Monday,0
4885,2023/8/1,Prague_1,42383.04,2.52,1,0,,Tuesday,0
4885,2023/8/2,Prague_1,42643.93,2.52,1,0,,Wednesday,0
4885,2023/8/3,Prague_1,44869.09,2.52,1,0,,Thursday,0
4885,2023/8/4,Prague_1,52132.36,2.52,1,0,,Friday,0
4885,2023/8/5,Prague_1,38387.72,2.52,0.91,0,,Saturday,0
4885,2023/8/6,Prague_1,43433.880000000005,2.52,1,0,,Sunday,0
4885,2023/8/7,Prague_1,43676.99,2.52,1,0,,Monday,0
4885,2023/8/8,Prague_1,41122.34,2.52,1,1,Peace Festival in Augsburg,Tuesday,0
4885,2023/8/9,Prague_1,40172.23,2.52,1,0,,Wednesday,0
4885,2023/8/10,Prague_1,38221.329999999994,2.52,1,0,,Thursday,0
4885,2023/8/11,Prague_1,49842.1,2.52,0.9400000000000001,0,,Friday,0
4885,2023/8/12,Prague_1,34527.5,2.52,1,0,,Saturday,0
4885,2023/8/13,Prague_1,42859.950000000004,2.52,1,0,,Sunday,0
4885,2023/8/14,Prague_1,42087.71,2.52,1,0,,Monday,0
4885,2023/8/15,Prague_1,36670.97,2.52,1,1,Assumption of the Virgin Mary,Tuesday,0
4885,2023/8/16,Prague_1,39558.75,2.52,1,0,,Wednesday,0
4885,2023/8/17,Prague_1,40196.799999999996,2.52,1,0,,Thursday,0
4885,2023/8/18,Prague_1,45443.79,2.52,1,0,,Friday,0
4885,2023/8/19,Prague_1,39968.74,2.52,1,0,,Saturday,0
4885,2023/8/20,Prague_1,48267.24,2.52,1,1,State Foundation Day,Sunday,0
4885,2023/8/21,Prague_1,52921.119999999995,2.52,1,0,,Monday,0
4885,2023/8/22,Prague_1,52256.75,2.52,1,0,,Tuesday,0
4885,2023/8/23,Prague_1,44921.170000000006,2.52,1,0,,Wednesday,0
4885,2023/8/24,Prague_1,46824.049999999996,2.52,1,0,,Thursday,0
4885,2023/8/25,Prague_1,60172.42,2.52,1,0,,Friday,0
4885,2023/8/26,Prague_1,50076.39,2.52,1,0,,Saturday,0
4885,2023/8/27,Prague_1,55153.28,2.52,1,0,,Sunday,0
4885,2023/8/28,Prague_1,52405.22,2.52,1,0,,Monday,0
4885,2023/8/29,Prague_1,43559.04,2.52,1,0,,Tuesday,0
4885,2023/8/30,Prague_1,51944.41,2.52,1,0,,Wednesday,0
4885,2023/8/31,Prague_1,44572.29,2.52,1,0,,Thursday,0
4885,2023/9/1,Prague_1,61485.200000000004,2.52,1,0,,Friday,0
4885,2023/9/2,Prague_1,55782.369999999995,2.52,1,0,,Saturday,0
4885,2023/9/3,Prague_1,58128.21000000001,2.52,1,0,,Sunday,0
4885,2023/9/4,Prague_1,50026.200000000004,2.52,1,0,,Monday,0
4885,2023/9/5,Prague_1,41103.79,2.52,1,0,,Tuesday,0
4885,2023/9/6,Prague_1,46490.57,2.52,1,0,,Wednesday,0
4885,2023/9/7,Prague_1,48912.15,2.52,1,0,,Thursday,0
4885,2023/9/8,Prague_1,65665.95,2.52,1,0,,Friday,0
4885,2023/9/9,Prague_1,52621.24,2.52,1,0,,Saturday,0
4885,2023/9/10,Prague_1,61303.06,2.52,1,0,,Sunday,0
4885,2023/9/11,Prague_1,54043.99,2.52,1,0,,Monday,0
4885,2023/9/12,Prague_1,46363.450000000004,2.52,1,0,,Tuesday,0
4885,2023/9/13,Prague_1,49762.65,2.52,1,0,,Wednesday,0
4885,2023/9/14,Prague_1,50540.07,2.52,1,0,,Thursday,0
4885,2023/9/15,Prague_1,66264.17,2.52,1,0,,Friday,0
4885,2023/9/16,Prague_1,55341.72,2.52,1,0,,Saturday,0
4885,2023/9/17,Prague_1,58713.69,2.52,1,0,,Sunday,0
4885,2023/9/18,Prague_1,52750.18,2.52,1,0,,Monday,0
4885,2023/9/19,Prague_1,45738.77,2.52,1,0,,Tuesday,0
4885,2023/9/20,Prague_1,47567.380000000005,2.52,1,0,,Wednesday,0
4885,2023/9/21,Prague_1,50480.85,2.52,0.99,0,,Thursday,0
4885,2023/9/22,Prague_1,60258.659999999996,2.52,1,0,,Friday,0
4885,2023/9/23,Prague_1,55392.82,2.52,1,0,,Saturday,0
4885,2023/9/24,Prague_1,59103.799999999996,2.52,1,0,,Sunday,0
4885,2023/9/25,Prague_1,50053.22,2.52,1,0,,Monday,0
4885,2023/9/26,Prague_1,45137.96,2.52,1,0,,Tuesday,0
4885,2023/9/27,Prague_1,54110.700000000004,2.52,1,0,,Wednesday,0
4885,2023/9/28,Prague_1,74792.48,2.52,1,1,Den ceske statnosti,Thursday,0
4885,2023/9/29,Prague_1,63693.56,2.52,1,0,,Friday,0
4885,2023/9/30,Prague_1,54350.450000000004,2.52,1,0,,Saturday,0
4885,2023/10/1,Prague_1,59358.950000000004,2.52,1,0,,Sunday,0
4885,2023/10/2,Prague_1,57731.94,2.52,1,0,,Monday,0
4885,2023/10/3,Prague_1,46301.29,2.52,1,1,German Unity Day,Tuesday,0
4885,2023/10/4,Prague_1,47557.09,2.52,1,0,,Wednesday,0
4885,2023/10/5,Prague_1,49450.170000000006,2.52,1,0,,Thursday,0
4885,2023/10/6,Prague_1,72900.87,2.52,1,0,Memorial Day for the Martyrs of Arad,Friday,0
4885,2023/10/7,Prague_1,60138.96000000001,2.52,1,0,,Saturday,0
4885,2023/10/8,Prague_1,61981.99,2.52,1,0,,Sunday,0
4885,2023/10/9,Prague_1,55656.23,2.52,1,0,,Monday,0
4885,2023/10/10,Prague_1,44938.670000000006,2.52,1,0,,Tuesday,0
4885,2023/10/11,Prague_1,52108.98,2.52,1,0,,Wednesday,0
4885,2023/10/12,Prague_1,57183.56,2.52,1,0,,Thursday,3.5236600000000005
4885,2023/10/13,Prague_1,106849.75,2.52,1,0,,Friday,4.82755
4885,2023/10/14,Prague_1,126876.89,2.52,1,0,,Saturday,4.82755
4885,2023/10/15,Prague_1,117677.77,2.52,1,0,,Sunday,1.9219899999999999
4885,2023/10/16,Prague_1,52117.59,2.52,1,0,,Monday,0
4885,2023/10/17,Prague_1,56268.52,2.52,1,0,,Tuesday,0
4885,2023/10/18,Prague_1,50899.52,2.52,1,0,,Wednesday,0
4885,2023/10/19,Prague_1,46631.130000000005,2.52,1,0,,Thursday,0
4885,2023/10/20,Prague_1,64038.31,2.52,1,0,,Friday,0
4885,2023/10/21,Prague_1,62173.159999999996,2.52,0.9799999999999999,0,,Saturday,0
4885,2023/10/22,Prague_1,62530.020000000004,2.52,1,0,,Sunday,0
4885,2023/10/23,Prague_1,52890.6,2.52,1,1,Memorial day of the 1956 Revolution,Monday,0
4885,2023/10/24,Prague_1,47181.75,2.52,1,0,,Tuesday,0
4885,2023/10/25,Prague_1,53777.99,2.52,1,0,,Wednesday,0
4885,2023/10/26,Prague_1,49379.82,2.52,1,0,,Thursday,0
4885,2023/10/27,Prague_1,71644.37,2.52,1,0,,Friday,0
4885,2023/10/28,Prague_1,75584.59999999999,2.52,1,1,Den vzniku samostatneho ceskoslovenskeho statu,Saturday,0
4885,2023/10/29,Prague_1,73793.37,2.52,1,0,,Sunday,0
4885,2023/10/30,Prague_1,56507.22,2.52,1,0,,Monday,0
4885,2023/10/31,Prague_1,50770.579999999994,2.52,1,1,Reformation Day,Tuesday,0
4885,2023/11/1,Prague_1,52818.71,2.52,1,1,All Saints Day,Wednesday,0
4885,2023/11/2,Prague_1,48051.57,2.52,1,0,,Thursday,0
4885,2023/11/3,Prague_1,72761.98999999999,2.52,1,0,,Friday,0
4885,2023/11/4,Prague_1,58583,2.52,1,0,,Saturday,0
4885,2023/11/5,Prague_1,59615.92,2.52,1,0,,Sunday,0
4885,2023/11/6,Prague_1,52350.76,2.52,1,0,,Monday,0
4885,2023/11/7,Prague_1,46523.54,2.52,1,0,,Tuesday,0
4885,2023/11/8,Prague_1,53691.19,2.52,1,0,,Wednesday,0
4885,2023/11/9,Prague_1,51500.049999999996,2.52,1,0,,Thursday,0
4885,2023/11/10,Prague_1,80069.92,2.52,0.95,0,,Friday,0
4885,2023/11/11,Prague_1,63112.909999999996,2.52,1,0,,Saturday,0
4885,2023/11/12,Prague_1,58084.03999999999,2.52,1,0,,Sunday,0
4885,2023/11/13,Prague_1,53949.21,2.52,1,0,,Monday,0
4885,2023/11/14,Prague_1,50829.450000000004,2.52,1,0,,Tuesday,0
4885,2023/11/15,Prague_1,59556.14,2.52,1,0,,Wednesday,0
4885,2023/11/16,Prague_1,61383.630000000005,2.52,0.9400000000000001,0,,Thursday,0
4885,2023/11/17,Prague_1,64966.299999999996,2.52,1,1,Den boje za svobodu a demokracii,Friday,0
4885,2023/11/18,Prague_1,60827.340000000004,2.52,1,0,,Saturday,0
4885,2023/11/19,Prague_1,69462.68,2.52,1,0,,Sunday,0
4885,2023/11/20,Prague_1,55489.07,2.52,1,0,,Monday,0
4885,2023/11/21,Prague_1,51884.07,2.52,1,0,,Tuesday,0
4885,2023/11/22,Prague_1,56011.619999999995,2.52,1,0,,Wednesday,0
4885,2023/11/23,Prague_1,55149.920000000006,2.52,1,0,,Thursday,0
4885,2023/11/24,Prague_1,57727.530000000006,2.52,1,0,,Friday,0
4885,2023/11/25,Prague_1,62246.09999999999,2.52,1,0,,Saturday,0
4885,2023/11/26,Prague_1,64467.479999999996,2.52,1,0,,Sunday,0
4885,2023/11/27,Prague_1,44589.79,2.52,1,0,,Monday,0
4885,2023/11/28,Prague_1,35845.950000000004,2.52,0.9799999999999999,0,,Tuesday,0
4885,2023/11/29,Prague_1,43614.9,2.52,0.9400000000000001,0,,Wednesday,0
4885,2023/11/30,Prague_1,44156.49,2.52,0.91,0,,Thursday,0
4885,2023/12/1,Prague_1,71768.34000000001,2.52,1,0,,Friday,0
4885,2023/12/2,Prague_1,60503.729999999996,2.52,1,0,,Saturday,0
4885,2023/12/3,Prague_1,58520.770000000004,2.52,0.99,0,,Sunday,0
4885,2023/12/4,Prague_1,40507.25,2.52,0.95,0,,Monday,0
4885,2023/12/5,Prague_1,41317.78,2.52,0.9400000000000001,0,,Tuesday,0
4885,2023/12/6,Prague_1,38606.75,2.52,0.9799999999999999,0,,Wednesday,0
4885,2023/12/7,Prague_1,44620.94,2.52,0.91,0,,Thursday,0
4885,2023/12/8,Prague_1,74687.76000000001,2.52,1,0,,Friday,0
4885,2023/12/9,Prague_1,66180.03,2.52,1,0,,Saturday,0
4885,2023/12/10,Prague_1,67585.77,2.52,1,0,,Sunday,0
4885,2023/12/11,Prague_1,42402.920000000006,2.52,1,0,,Monday,0
4885,2023/12/12,Prague_1,43382.15,2.52,1,0,,Tuesday,0
4885,2023/12/13,Prague_1,41467.579999999994,2.52,1,0,,Wednesday,0
4885,2023/12/14,Prague_1,46209.450000000004,2.52,1,0,,Thursday,0
4885,2023/12/15,Prague_1,80482.71,2.52,1,0,,Friday,0
4885,2023/12/16,Prague_1,71051.54,2.52,1,0,,Saturday,0
4885,2023/12/17,Prague_1,69120.38,2.52,1,0,,Sunday,0
4885,2023/12/18,Prague_1,51555.56,2.52,1,0,,Monday,0
4885,2023/12/19,Prague_1,47008.29,2.52,1,0,,Tuesday,0
4885,2023/12/20,Prague_1,70153.09000000001,2.52,1,0,,Wednesday,0
4885,2023/12/21,Prague_1,73894.09999999999,2.52,0.85,0,,Thursday,0
4885,2023/12/22,Prague_1,138466.51,2.52,1,0,,Friday,0
4885,2023/12/23,Prague_1,167701.52000000002,2.52,0.88,0,,Saturday,0
4885,2023/12/24,Prague_1,49484.119999999995,2.52,1,1,Christmas Eve,Sunday,0
4885,2023/12/26,Prague_1,81874.52,2.52,1,1,2nd Christmas Day,Tuesday,0
4885,2023/12/27,Prague_1,55042.4,2.52,0.95,0,,Wednesday,0
4885,2023/12/28,Prague_1,47755.75,2.52,0.9400000000000001,0,,Thursday,0
4885,2023/12/29,Prague_1,81127.27,2.52,1,0,,Friday,0
4885,2023/12/30,Prague_1,104618.15000000001,2.52,0.95,0,,Saturday,0
4885,2023/12/31,Prague_1,112879.76000000001,2.52,0.95,0,,Sunday,0
4885,2024/1/1,Prague_1,42934.15,2.44,1,1,New Years Day,Monday,0
4885,2024/1/2,Prague_1,47711.93,2.44,1,0,,Tuesday,0
4885,2024/1/3,Prague_1,55800.29,2.44,1,0,,Wednesday,0
4885,2024/1/4,Prague_1,56356.93,2.44,1,0,,Thursday,0
4885,2024/1/5,Prague_1,79440.2,2.44,1,0,,Friday,0
4885,2024/1/6,Prague_1,80830.26000000001,2.44,1,1,Epiphany,Saturday,0
4885,2024/1/7,Prague_1,77847.63,2.44,1,0,,Sunday,0
4885,2024/1/8,Prague_1,53132.380000000005,2.44,1,0,,Monday,0
4885,2024/1/9,Prague_1,54960.920000000006,2.44,1,0,,Tuesday,0
4885,2024/1/10,Prague_1,52988.39,2.44,1,0,,Wednesday,0
4885,2024/1/11,Prague_1,59017.700000000004,2.44,1,0,,Thursday,0
4885,2024/1/12,Prague_1,90040.72,2.44,1,0,,Friday,0
4885,2024/1/13,Prague_1,84935.76000000001,2.44,1,0,,Saturday,0
4885,2024/1/14,Prague_1,75864.81,2.44,1,0,,Sunday,0
4885,2024/1/15,Prague_1,57705.69,2.44,1,0,,Monday,0
4885,2024/1/16,Prague_1,55880.09,2.44,1,0,,Tuesday,0
4885,2024/1/17,Prague_1,55576.15,2.44,1,0,,Wednesday,0
4885,2024/1/18,Prague_1,62231.469999999994,2.44,1,0,,Thursday,0
4885,2024/1/19,Prague_1,82895.26000000001,2.44,1,0,,Friday,0
4885,2024/1/20,Prague_1,75339.32,2.44,1,0,,Saturday,0
4885,2024/1/21,Prague_1,65316.93,2.44,1,0,,Sunday,0
4885,2024/1/22,Prague_1,59521.770000000004,2.44,1,0,,Monday,0
4885,2024/1/23,Prague_1,57177.329999999994,2.44,1,0,,Tuesday,0
4885,2024/1/24,Prague_1,57852.969999999994,2.44,1,0,,Wednesday,0
4885,2024/1/25,Prague_1,60868.01,2.44,1,0,,Thursday,0
4885,2024/1/26,Prague_1,84131.81,2.44,1,0,,Friday,0
4885,2024/1/27,Prague_1,72422.48999999999,2.44,1,0,,Saturday,0
4885,2024/1/28,Prague_1,55906.06,2.44,1,0,,Sunday,0
4885,2024/1/29,Prague_1,58320.28999999999,2.44,1,0,,Monday,0
4885,2024/1/30,Prague_1,58919.909999999996,2.35,0.92,0,,Tuesday,0
4885,2024/1/31,Prague_1,58830.869999999995,2.35,0.9,0,,Wednesday,0
4885,2024/2/1,Prague_1,52828.72,2.35,1,0,Memorial Day of the Republic,Thursday,0
4885,2024/2/2,Prague_1,87851.19,2.35,1,0,,Friday,0
4885,2024/2/3,Prague_1,91365.96,2.35,1,0,,Saturday,0
4885,2024/2/4,Prague_1,68688.62,2.35,1,0,,Sunday,0
4885,2024/2/5,Prague_1,56778.119999999995,2.35,0.9400000000000001,0,,Monday,0
4885,2024/2/6,Prague_1,50945.16,2.35,1,0,,Tuesday,0
4885,2024/2/7,Prague_1,61191.619999999995,2.35,1,0,,Wednesday,0
4885,2024/2/8,Prague_1,66938.2,2.35,1,0,,Thursday,0
4885,2024/2/9,Prague_1,93095.45,2.35,1,0,,Friday,0
4885,2024/2/10,Prague_1,79605.47,2.35,1,0,,Saturday,0
4885,2024/2/11,Prague_1,70813.19,2.35,1,0,,Sunday,0
4885,2024/2/12,Prague_1,61169.92,2.35,1,0,,Monday,0
4885,2024/2/13,Prague_1,57998.219999999994,2.35,1,0,,Tuesday,0
4885,2024/2/14,Prague_1,58346.75,2.35,0.9,0,,Wednesday,0
4885,2024/2/15,Prague_1,59989.299999999996,2.35,1,0,,Thursday,0
4885,2024/2/16,Prague_1,78404.48,2.35,1,0,,Friday,0
4885,2024/2/17,Prague_1,75540.5,2.35,1,0,,Saturday,0
4885,2024/2/18,Prague_1,74250.54,2.35,1,0,,Sunday,0
4885,2024/2/19,Prague_1,60996.530000000006,2.35,1,0,,Monday,0
4885,2024/2/20,Prague_1,60673.549999999996,2.35,0.9799999999999999,0,,Tuesday,0
4885,2024/2/21,Prague_1,57080.52,2.35,1,0,,Wednesday,0
4885,2024/2/22,Prague_1,64483.020000000004,2.35,1,0,,Thursday,0
4885,2024/2/23,Prague_1,87072.09000000001,2.35,1,0,,Friday,0
4885,2024/2/24,Prague_1,75137.02,2.35,1,0,,Saturday,0
4885,2024/2/25,Prague_1,72741.62,2.35,1,0,Memorial Day for the Victims of the Communist Dictatorships,Sunday,0
4885,2024/2/26,Prague_1,62668.479999999996,2.35,1,0,,Monday,0
4885,2024/2/27,Prague_1,60517.729999999996,2.35,1,0,,Tuesday,0
4885,2024/2/28,Prague_1,62480.880000000005,2.35,1,0,,Wednesday,0
4885,2024/2/29,Prague_1,64308.65000000001,2.35,1,0,,Thursday,0
4885,2024/3/1,Prague_1,85673.42,2.35,1,0,,Friday,0
4885,2024/3/2,Prague_1,79019.84999999999,2.35,1,0,,Saturday,0
4885,2024/3/3,Prague_1,69696.97,2.35,1,0,,Sunday,0
4885,2024/3/4,Prague_1,58936.36,2.35,1,0,,Monday,0
4885,2024/3/5,Prague_1,64407.49,2.35,1,0,,Tuesday,0
4885,2024/3/6,Prague_1,56019.53,2.35,1,0,,Wednesday,0
4885,2024/3/7,Prague_1,64392.090000000004,2.35,1,0,,Thursday,0
4885,2024/3/8,Prague_1,87662.75,2.35,1,0,International womens day,Friday,0
4885,2024/3/9,Prague_1,71735.79,2.35,1,0,,Saturday,0
4885,2024/3/10,Prague_1,69528.27,2.35,1,0,,Sunday,0
4885,2024/3/11,Prague_1,62171.200000000004,2.35,1,0,,Monday,0
4885,2024/3/12,Prague_1,64346.94,2.35,1,0,,Tuesday,0
4885,2024/3/13,Prague_1,61114.969999999994,2.35,1,0,,Wednesday,0
4885,2024/3/14,Prague_1,67905.32,2.35,1,0,,Thursday,0
4885,2024/3/15,Prague_1,88801.51000000001,2.35,1,1,Memorial Day for the Victims of the Holocaust,Friday,0
4885,2024/3/16,Prague_1,77824.88,2.35,1,0,,Saturday,0
4885,2024/3/17,Prague_1,70674.94,2.35,1,0,,Sunday,0
4885,2024/3/18,Prague_1,64233.33,2.35,1,0,,Monday,0
4885,2024/3/19,Prague_1,61585.229999999996,2.35,1,0,,Tuesday,0
4885,2024/3/20,Prague_1,64245.58,2.35,1,0,,Wednesday,0
4885,2024/3/21,Prague_1,67685.45,2.35,1,0,,Thursday,0
4885,2024/3/22,Prague_1,88104.31,2.35,1,0,,Friday,0
4885,2024/3/23,Prague_1,78055.46,2.35,1,0,,Saturday,0
4885,2024/3/24,Prague_1,75475.47,2.35,1,0,,Sunday,0
4885,2024/3/25,Prague_1,61945.31,2.35,1,0,,Monday,0
4885,2024/3/26,Prague_1,70330.54,2.35,1,0,,Tuesday,0
4885,2024/3/27,Prague_1,74157.65000000001,2.35,0.9799999999999999,0,,Wednesday,0
4885,2024/3/28,Prague_1,140178.08,2.35,0.87,0,,Thursday,0
4885,2024/3/29,Prague_1,129578.05000000002,2.35,0.88,1,Good Friday,Friday,0
4885,2024/3/30,Prague_1,80193.89,2.35,0.85,1,,Saturday,0
4885,2024/3/31,Prague_1,75961.76000000001,2.35,0.91,1,,Sunday,0
4885,2024/4/1,Prague_1,66131.73,2.35,1,1,Easter Monday,Monday,0
4885,2024/4/2,Prague_1,71814.47,2.35,1,0,,Tuesday,0
4885,2024/4/3,Prague_1,52062.57,2.35,1,0,,Wednesday,0
4885,2024/4/4,Prague_1,63406.770000000004,2.35,1,0,,Thursday,0
4885,2024/4/5,Prague_1,90642.37,2.35,1,0,,Friday,0
4885,2024/4/6,Prague_1,77725.90000000001,2.35,1,0,,Saturday,0
4885,2024/4/7,Prague_1,67747.61,2.35,1,0,,Sunday,0
4885,2024/4/8,Prague_1,62149.84999999999,2.35,1,0,,Monday,0
4885,2024/4/9,Prague_1,64135.469999999994,2.35,1,0,,Tuesday,0
4885,2024/4/10,Prague_1,59134.880000000005,2.35,1,0,,Wednesday,0
4885,2024/4/11,Prague_1,60799.06,2.35,1,0,,Thursday,0
4885,2024/4/12,Prague_1,82884.40999999999,2.35,1,0,,Friday,0
4885,2024/4/13,Prague_1,78046.43,2.35,1,0,,Saturday,0
4885,2024/4/14,Prague_1,69468,2.35,1,0,,Sunday,0
4885,2024/4/15,Prague_1,63190.40000000001,2.35,1,0,,Monday,0
4885,2024/4/16,Prague_1,62740.090000000004,2.35,1,0,Memorial Day for the Victims of the Holocaust,Tuesday,0
4885,2024/4/17,Prague_1,59606.26,2.35,1,0,,Wednesday,0
4885,2024/4/18,Prague_1,67752.93,2.35,1,0,,Thursday,0
4885,2024/4/19,Prague_1,89162.08,2.35,1,0,,Friday,0
4885,2024/4/20,Prague_1,84454.09000000001,2.35,0.9799999999999999,0,,Saturday,0
4885,2024/4/21,Prague_1,64779.53999999999,2.35,1,0,,Sunday,0
4885,2024/4/22,Prague_1,63644.280000000006,2.35,1,0,,Monday,0
4885,2024/4/23,Prague_1,55112.96,2.35,1,0,,Tuesday,0
4885,2024/4/24,Prague_1,60736.83,2.35,1,0,,Wednesday,0
4885,2024/4/25,Prague_1,65865.31,2.35,1,0,,Thursday,0
4885,2024/4/26,Prague_1,85603.14,2.35,1,0,,Friday,0
4885,2024/4/27,Prague_1,73284.75,2.35,1,0,,Saturday,0
4885,2024/4/28,Prague_1,68428.36,2.35,1,0,,Sunday,0
4885,2024/4/29,Prague_1,65713.13,2.35,1,0,,Monday,0
4885,2024/4/30,Prague_1,77378.28,2.35,1,0,,Tuesday,0
4885,2024/5/1,Prague_1,69328.14,2.35,0.9,1,Labour Day,Wednesday,0
4885,2024/5/2,Prague_1,55980.119999999995,2.35,1,0,,Thursday,0
4885,2024/5/3,Prague_1,82071.08,2.35,1,0,,Friday,0
4885,2024/5/4,Prague_1,65025.520000000004,2.35,0.91,0,,Saturday,0
4885,2024/5/5,Prague_1,59679.06,2.35,1,0,,Sunday,0
4885,2024/5/6,Prague_1,55604.99,2.35,0.96,0,,Monday,0
4885,2024/5/7,Prague_1,84236.46,2.35,1,0,,Tuesday,0
4885,2024/5/8,Prague_1,89786.97,2.35,0.74,1,Den osvobozeni,Wednesday,0
4885,2024/5/9,Prague_1,63601.58,2.35,1,1,Ascension day,Thursday,0
4885,2024/5/10,Prague_1,83926.22,2.35,1,0,,Friday,0
4885,2024/5/11,Prague_1,68867.54,2.35,1,0,,Saturday,0
4885,2024/5/12,Prague_1,66251.78,2.35,1,0,,Sunday,0
4885,2024/5/13,Prague_1,65026.57,2.35,1,0,,Monday,0
4885,2024/5/14,Prague_1,57744.53999999999,2.35,1,0,,Tuesday,0
4885,2024/5/15,Prague_1,62085.869999999995,2.35,1,0,,Wednesday,0
4885,2024/5/16,Prague_1,65054.99,2.35,1,0,,Thursday,0
4885,2024/5/17,Prague_1,89841.57,2.35,1,0,,Friday,0
4885,2024/5/18,Prague_1,72063.88,2.35,1,0,,Saturday,0
4885,2024/5/19,Prague_1,63681.450000000004,2.35,1,1,Whit sunday,Sunday,0
4885,2024/5/20,Prague_1,60589.549999999996,2.35,1,1,Whit monday,Monday,0
4885,2024/5/21,Prague_1,61853.68,2.35,1,0,National Defense Day,Tuesday,0
4885,2024/5/22,Prague_1,59582.46000000001,2.35,1,0,,Wednesday,0
4885,2024/5/23,Prague_1,62286.34999999999,2.35,1,0,,Thursday,0
4885,2024/5/24,Prague_1,83366.08,2.35,1,0,,Friday,0
4885,2024/5/25,Prague_1,75490.8,2.35,1,0,,Saturday,0
4885,2024/5/26,Prague_1,70771.33,2.35,1,0,,Sunday,0
4885,2024/5/27,Prague_1,55551.23,2.35,1,0,,Monday,0
4885,2024/5/28,Prague_1,62545.770000000004,2.35,1,0,,Tuesday,0
4885,2024/5/29,Prague_1,56819.84,2.35,1,0,,Wednesday,0
4885,2024/5/30,Prague_1,63749.34999999999,2.35,1,1,Corpus Christi,Thursday,0
4885,2024/5/31,Prague_1,80627.47,2.35,1,0,,Friday,0
4885,2024/6/1,Prague_1,74051.18,2.35,1,0,,Saturday,0
4885,2024/6/2,Prague_1,68511.52,2.35,1,0,,Sunday,0